bus,gap_1e-3_price_per_mwh,gap_1e-3_price_per_pu_hour,gap_1e-4_price_per_mwh,gap_1e-4_price_per_pu_hour
1001,25.92247909518946,2592.247909518946,,
1002,9.382202590988133,938.2202590988132,,
1003,-219.1156706895581,-21911.56706895581,,
1004,-218.11005766048427,-21811.005766048427,,
1005,20.1114403083213,2011.1440308321298,,
1006,20.1114403083213,2011.1440308321298,,
1007,11.843456639942888,1184.3456639942888,,
1008,-4.814891439390489,-481.48914393904886,,
1009,-4.814891439390489,-481.48914393904886,,
1010,8.666908704445909,866.6908704445909,,
1011,8.666908704445909,866.6908704445909,,
1012,-12.982853841254217,-1298.2853841254216,,
1013,17.3557710006598,1735.57710006598,,
1014,11.51070409999977,1151.070409999977,,
1015,10.034143965231687,1003.4143965231686,,
1016,24.469080711614534,2446.9080711614533,,
1017,30.339895292565245,3033.9895292565243,,
1018,27.89493608378907,2789.493608378907,,
1019,24.68918548288176,2468.918548288176,,
1020,-6.761858392626216,-676.1858392626216,,
1021,-6.761858392626216,-676.1858392626216,,
1022,-195.4578653167635,-19545.78653167635,,
1023,-195.4578653167635,-19545.78653167635,,
1024,25.857625075791475,2585.7625075791475,,
1025,1.1635029728026538,116.35029728026538,,
1026,1.1635029728026538,116.35029728026538,,
1027,59.07149832915777,5907.149832915777,,
1028,-141.057847147164,-14105.784714716401,,
1029,56.796855556263125,5679.685555626313,,
1030,4.926438565707315,492.6438565707315,,
1031,14.617613379227958,1461.7613379227957,,
1032,3.0547520813475195,305.47520813475194,,
1033,6.116739961864322,611.6739961864322,,
1034,28.644146364239198,2864.41463642392,,
1035,28.644146364239198,2864.41463642392,,
1036,7.522711370317027,752.2711370317027,,
1037,27.860676999136338,2786.067699913634,,
1038,1.7547709993628624,175.47709993628624,,
1039,1.7547709993628624,175.47709993628624,,
1040,24.21181690419854,2421.181690419854,,
1041,35.375719055795194,3537.5719055795194,,
1042,35.375719055795194,3537.5719055795194,,
1043,35.375719055795194,3537.5719055795194,,
1044,-29.555080514197865,-2955.5080514197866,,
1045,30.91879255321271,3091.879255321271,,
1046,-41.18329323461095,-4118.329323461095,,
1047,17.62402599999998,1762.4025999999978,,
1048,17.62402599999998,1762.4025999999978,,
1049,17.62402599999998,1762.4025999999978,,
1050,17.62402599999998,1762.4025999999978,,
1051,17.62402599999998,1762.4025999999978,,
1052,17.62402599999998,1762.4025999999978,,
1053,12.04077988937751,1204.0779889377511,,
1054,192.78047450804462,19278.04745080446,,
1055,590.020366551164,59002.0366551164,,
1056,78.67587407712352,7867.587407712353,,
1057,78.67587407712352,7867.587407712353,,
1058,-10.883985208900722,-1088.3985208900722,,
1059,-10.883985208900722,-1088.3985208900722,,
1060,-10.883985208900722,-1088.3985208900722,,
1061,19.69666657234002,1969.666657234002,,
1062,19.69666657234002,1969.666657234002,,
1063,19.69666657234002,1969.666657234002,,
1064,27.524091038216255,2752.4091038216256,,
1065,41.66587675523379,4166.5876755233785,,
1066,41.66587675523379,4166.5876755233785,,
1067,30.458945765539514,3045.8945765539515,,
1068,18.444981336558335,1844.4981336558335,,
1069,-7.409971124287554,-740.9971124287554,,
1070,-7.409971124287554,-740.9971124287554,,
1071,24.666242688480175,2466.6242688480174,,
1072,24.666242688480175,2466.6242688480174,,
1073,24.666242688480175,2466.6242688480174,,
1074,24.666242688480175,2466.6242688480174,,
1075,24.666242688480175,2466.6242688480174,,
1076,24.666242688480175,2466.6242688480174,,
1077,24.666242688480175,2466.6242688480174,,
1078,24.666242688480175,2466.6242688480174,,
1079,27.121546722236022,2712.154672223602,,
1080,24.666242688480175,2466.6242688480174,,
1081,10.13912930674043,1013.9129306740429,,
1082,-1.3882756989889162,-138.82756989889162,,
1083,3.9514910733197794,395.1491073319779,,
1084,-1.472764008612046,-147.2764008612046,,
1085,19.31138534430271,1931.138534430271,,
1086,18.46165605117631,1846.165605117631,,
1087,-18.267360244986442,-1826.7360244986442,,
1088,12.008548582543947,1200.8548582543947,,
1089,445.7579427321889,44575.79427321889,,
1090,23.903703699740223,2390.370369974022,,
1091,-27.624678840992296,-2762.4678840992297,,
2001,26.76228274509505,2676.228274509505,,
2002,29.157219719839773,2915.7219719839773,,
2003,29.906812879382386,2990.6812879382387,,
2004,29.157219719839773,2915.7219719839773,,
2005,29.157219719839773,2915.7219719839773,,
2006,29.157219719839773,2915.7219719839773,,
2007,27.18036828156965,2718.036828156965,,
2008,-8.236683866429498,-823.6683866429498,,
2009,13.556283679771639,1355.6283679771639,,
2010,-25.45540300299659,-2545.540300299659,,
2011,3.5256295962702913,352.5629596270291,,
2012,1.2525323229900587,125.25323229900587,,
2013,3.5256295962702913,352.5629596270291,,
2014,-13.740562267149366,-1374.0562267149367,,
2015,31.07799475793281,3107.799475793281,,
2016,33.91683480295164,3391.683480295164,,
2017,-1.7704589955505212,-177.04589955505213,,
2018,-0.733399890284832,-73.3399890284832,,
2019,-1.7704589955505212,-177.04589955505213,,
2020,18.610288544051727,1861.0288544051728,,
2021,26.13406917623432,2613.406917623432,,
2022,26.604501605845915,2660.4501605845917,,
2023,26.13406917623432,2613.406917623432,,
2024,26.13406917623432,2613.406917623432,,
2025,75.9148045598888,7591.480455988879,,
2026,2.990796767280057,299.07967672800567,,
2027,26.935641410940324,2693.5641410940325,,
2028,18.749198457903844,1874.9198457903844,,
2029,-18.123269989724403,-1812.3269989724402,,
2030,29.4039839525055,2940.39839525055,,
2031,-48.01659444543764,-4801.659444543764,,
2032,26.92130571984314,2692.130571984314,,
2033,30.265311671317967,3026.531167131797,,
2034,32.64379844166834,3264.3798441668337,,
2035,-51.4218025864855,-5142.18025864855,,
2036,17.657804933383282,1765.7804933383281,,
2037,31.391370564558496,3139.1370564558497,,
2038,30.099751129571615,3009.9751129571614,,
2039,30.28057335160206,3028.057335160206,,
2040,26.648195200502215,2664.8195200502214,,
2041,1.4859497571883828,148.59497571883827,,
2042,1.4859497571883828,148.59497571883827,,
2043,33.174206584162405,3317.4206584162407,,
2044,31.926282940829825,3192.6282940829824,,
2045,18.63872434262885,1863.8724342628852,,
2046,32.07759414172689,3207.759414172689,,
2047,30.188068402183205,3018.8068402183208,,
2048,-35.1484432328821,-3514.84432328821,,
2049,1.5274148774881002,152.74148774881002,,
2050,28.255484283824817,2825.5484283824817,,
2051,23.962668119257554,2396.2668119257555,,
2052,-3.6527972233568926,-365.27972233568926,,
2053,32.3821862062318,3238.21862062318,,
2054,19.643999999999966,1964.3999999999967,,
2055,18.571682277370375,1857.1682277370376,,
2056,19.643999999999966,1964.3999999999967,,
2057,19.643999999999966,1964.3999999999967,,
2058,1.740915449895859,174.0915449895859,,
2059,1.740915449895859,174.0915449895859,,
2060,27.960455030669227,2796.0455030669227,,
2061,-7.438920019866231,-743.8920019866231,,
2062,-7.438920019866231,-743.8920019866231,,
2063,31.494912245500142,3149.491224550014,,
2064,27.241505030785238,2724.150503078524,,
2065,32.508064019129314,3250.8064019129315,,
2066,-61.65252691868937,-6165.252691868936,,
2067,73.1863593017211,7318.6359301721095,,
2068,61.82043591198253,6182.043591198253,,
2069,34.969412289797134,3496.9412289797133,,
2070,57.595243540762844,5759.524354076284,,
2071,57.595243540762844,5759.524354076284,,
2072,33.42286746329467,3342.2867463294674,,
2073,-69.53211404640587,-6953.211404640587,,
2074,-89.87698150001745,-8987.698150001745,,
2075,-89.87698150001745,-8987.698150001745,,
2076,-69.53211404640587,-6953.211404640587,,
2077,30.233870542115252,3023.387054211525,,
2078,30.233870542115252,3023.387054211525,,
2079,-29.447146039270173,-2944.7146039270174,,
2080,26.83136234870438,2683.1362348704383,,
2081,30.449597555168726,3044.9597555168725,,
2082,16.661479959449526,1666.1479959449525,,
2083,16.661479959449526,1666.1479959449525,,
2084,16.661479959449526,1666.1479959449525,,
2085,16.661479959449526,1666.1479959449525,,
2086,28.945128908634192,2894.512890863419,,
2087,-59.29190551547187,-5929.190551547187,,
2088,60.27691545164766,6027.6915451647665,,
2089,60.27691545164766,6027.6915451647665,,
2090,27.25380705689712,2725.380705689712,,
2091,-38.400880709135116,-3840.0880709135117,,
2092,30.81393296453695,3081.393296453695,,
2093,0.3201041561941882,32.01041561941882,,
2094,0.3201041561941882,32.01041561941882,,
2095,0.3201041561941882,32.01041561941882,,
2096,-19.809870081636088,-1980.9870081636088,,
2097,-24.096288165650556,-2409.628816565056,,
2098,-27.077247212651137,-2707.7247212651137,,
2099,-19.809870081636088,-1980.9870081636088,,
2100,-19.809870081636088,-1980.9870081636088,,
2101,29.969538228695157,2996.9538228695155,,
2102,31.09145232080167,3109.1452320801673,,
2103,29.969538228695157,2996.9538228695155,,
2104,29.969538228695157,2996.9538228695155,,
2105,29.969538228695157,2996.9538228695155,,
2106,31.223877327995957,3122.3877327995956,,
2107,31.79995853142902,3179.995853142902,,
2108,-33.50678507573639,-3350.678507573639,,
2109,15.662405349387594,1566.2405349387593,,
2110,30.71478245000942,3071.478245000942,,
2111,6.8730587040076685,687.3058704007668,,
2112,20.33712064792295,2033.7120647922952,,
2113,25.784133265190793,2578.4133265190794,,
2114,26.16853277252237,2616.8532772522367,,
2115,25.784133265190793,2578.4133265190794,,
2116,25.784133265190793,2578.4133265190794,,
2117,25.784133265190793,2578.4133265190794,,
2118,25.784133265190793,2578.4133265190794,,
2119,25.784133265190793,2578.4133265190794,,
2120,25.784133265190793,2578.4133265190794,,
2121,26.856701887902382,2685.670188790238,,
2122,27.891781724746547,2789.1781724746547,,
2123,1.5684131527777552,156.84131527777552,,
2124,32.652170607479114,3265.2170607479115,,
2125,35.77667512891861,3577.6675128918614,,
2126,34.875409443732494,3487.540944373249,,
2127,4.36345760985666,436.34576098566595,,
2128,3.6222682517802625,362.2268251780263,,
2129,30.948884783162047,3094.888478316205,,
2130,-43.165862730198775,-4316.586273019878,,
2131,-61.655479553099305,-6165.54795530993,,
2132,-61.655479553099305,-6165.54795530993,,
2133,29.557282427566175,2955.7282427566174,,
3001,18.4521749976458,1845.2174997645798,,
3002,18.62071433019075,1862.0714330190751,,
3003,-282.92148084582163,-28292.148084582164,,
3004,-282.92148084582163,-28292.148084582164,,
3005,20.000718336184068,2000.0718336184068,,
3006,-233.00835252828034,-23300.835252828034,,
3007,-418.0720672479408,-41807.20672479408,,
3008,-339.6067755066949,-33960.67755066949,,
3009,-78.85028407760298,-7885.028407760298,,
3010,20.099902513497213,2009.9902513497213,,
3011,16.231364212565076,1623.1364212565077,,
3012,16.653521756498975,1665.3521756498976,,
3013,-620.4659418337721,-62046.594183377216,,
3014,10.807757333240028,1080.7757333240029,,
3015,-196.95854773981517,-19695.85477398152,,
3016,-325.14236951810625,-32514.236951810624,,
3017,-325.14236951810625,-32514.236951810624,,
3018,-36.5875819843083,-3658.75819843083,,
3019,-48.32280062257182,-4832.280062257182,,
3020,-36.5875819843083,-3658.75819843083,,
3021,-84.16771076466827,-8416.771076466826,,
3022,-124.88020815046939,-12488.020815046939,,
3023,-198.165884619066,-19816.5884619066,,
3024,-57.93701527508284,-5793.701527508284,,
3025,-137.40750559846998,-13740.750559846998,,
3026,156.51510796539782,15651.510796539782,,
3027,638.2527991478742,63825.27991478742,,
3028,156.51510796539782,15651.510796539782,,
3029,30.112364853080024,3011.2364853080026,,
3030,-134.64592292554653,-13464.592292554653,,
3031,-383.3649897154432,-38336.498971544315,,
3032,-766.2856160275917,-76628.56160275918,,
3033,-106.25674618160751,-10625.67461816075,,
3034,-106.25674618160751,-10625.67461816075,,
3035,-156.20705323572426,-15620.705323572425,,
3036,-227.14711062585275,-22714.711062585273,,
3037,-11.444992599442017,-1144.4992599442016,,
3038,-107.10382476482818,-10710.382476482817,,
3039,-11.444992599442017,-1144.4992599442016,,
3040,-213.70502808248398,-21370.5028082484,,
3041,-4.230593326609725,-423.0593326609725,,
3042,-65.313090919704,-6531.309091970399,,
3043,-4.230593326609725,-423.0593326609725,,
3044,-4.230593326609725,-423.0593326609725,,
3045,-4.230593326609725,-423.0593326609725,,
3046,1.6845809683963173,168.45809683963174,,
3047,-156.13170734957586,-15613.170734957586,,
3048,27.521868032087518,2752.186803208752,,
3049,-171.0067241309928,-17100.67241309928,,
3050,-5.367835966199955,-536.7835966199955,,
3051,-6.534511643490781,-653.4511643490781,,
3052,19.45227874395308,1945.227874395308,,
3053,8.799521590439086,879.9521590439086,,
3054,-255.6572839875106,-25565.72839875106,,
3055,8.799521590439086,879.9521590439086,,
3056,8.799521590439086,879.9521590439086,,
3057,8.799521590439086,879.9521590439086,,
3058,-3.3965861536943027,-339.65861536943027,,
3059,-23.870121116204444,-2387.0121116204446,,
3060,-3.3965861536943027,-339.65861536943027,,
3061,-3.3965861536943027,-339.65861536943027,,
3062,-3.3965861536943027,-339.65861536943027,,
3063,-3.3965861536943027,-339.65861536943027,,
3064,-183.73314813885318,-18373.314813885318,,
3065,-183.73314813885318,-18373.314813885318,,
3066,-184.22103868360077,-18422.10386836008,,
3067,-392.55446048293095,-39255.446048293095,,
3068,-392.55446048293095,-39255.446048293095,,
3069,-528.1011961069504,-52810.11961069504,,
3070,-446.31255669276425,-44631.25566927643,,
3071,-446.31255669276425,-44631.25566927643,,
3072,-164.44462113955677,-16444.462113955677,,
3073,20.566650677381972,2056.665067738197,,
3074,20.566650677381972,2056.665067738197,,
3075,-211.96535314389416,-21196.535314389417,,
3076,20.389285662295496,2038.9285662295497,,
3077,-702.5130776314985,-70251.30776314985,,
3078,-18.803327876618624,-1880.3327876618623,,
3079,-52.57942920907191,-5257.942920907191,,
3080,-92.79806438919616,-9279.806438919615,,
3081,-18.803327876618624,-1880.3327876618623,,
3082,-33.679151143533915,-3367.9151143533913,,
3083,-290.0529304544392,-29005.29304544392,,
3084,-33.679151143533915,-3367.9151143533913,,
3085,-132.9932511507676,-13299.325115076761,,
3086,-132.9932511507676,-13299.325115076761,,
3087,-132.9932511507676,-13299.325115076761,,
3088,92.78853072055888,9278.853072055888,,
3089,225.29282129843517,22529.282129843516,,
3090,427.7355381653565,42773.55381653565,,
3091,700.9624217689638,70096.24217689638,,
3092,92.78853072055888,9278.853072055888,,
3093,19.851131729752893,1985.1131729752892,,
3094,-548.4652767479522,-54846.52767479522,,
3095,-548.4652767479522,-54846.52767479522,,
3096,-56.215454171319394,-5621.54541713194,,
3097,-92.40178420848409,-9240.17842084841,,
3098,-56.215454171319394,-5621.54541713194,,
3099,-931.1110437334148,-93111.10437334148,,
3100,-1941.2268090905695,-194122.68090905694,,
3101,-54.19390114571033,-5419.390114571032,,
3102,890.8656261496752,89086.56261496752,,
3103,-306.0614248904491,-30606.14248904491,,
3104,-26.966300696021335,-2696.6300696021335,,
3105,-26.966300696021335,-2696.6300696021335,,
3106,-26.966300696021335,-2696.6300696021335,,
3107,18.976897684548085,1897.6897684548085,,
3108,25.675809828979045,2567.5809828979045,,
3109,-119.01093607659251,-11901.093607659252,,
3110,-119.01093607659251,-11901.093607659252,,
3111,-44.27711467880455,-4427.7114678804555,,
3112,-44.27711467880455,-4427.7114678804555,,
3113,-44.27711467880455,-4427.7114678804555,,
3114,-69.96324341295201,-6996.3243412952015,,
3115,-103.41289958198155,-10341.289958198155,,
3116,-103.92230100871507,-10392.230100871508,,
3117,-103.92230100871507,-10392.230100871508,,
3118,-103.92230100871507,-10392.230100871508,,
3119,21.373486848145323,2137.348684814532,,
3120,21.373486848145323,2137.348684814532,,
3121,-202.011781615529,-20201.1781615529,,
3122,-202.011781615529,-20201.1781615529,,
3123,20.515867461116354,2051.5867461116354,,
3124,15.670660756529317,1567.0660756529317,,
3125,701.0931472331685,70109.31472331684,,
3126,20.409392204472745,2040.9392204472745,,
3127,-254.15433586240664,-25415.433586240662,,
3128,-150.398002012981,-15039.800201298101,,
3129,-182.1299135252552,-18212.99135252552,,
3130,-8.781991522675758,-878.1991522675759,,
3131,-484.1110298324917,-48411.10298324917,,
3132,-258.8078189688263,-25880.781896882632,,
3133,-39.62865780055364,-3962.8657800553638,,
3134,-54.651554539016516,-5465.1554539016515,,
3135,-79.18850213630698,-7918.850213630698,,
3136,-104.32962473019411,-10432.962473019412,,
3137,-410.3779006311258,-41037.79006311258,,
3138,-165.81293659428073,-16581.293659428073,,
3139,-259.7901220027599,-25979.012200275993,,
3140,-464.8644747175746,-46486.447471757456,,
3141,-277.2680606052405,-27726.806060524053,,
3142,-170.15604310280173,-17015.604310280174,,
3143,-312.4850585683438,-31248.505856834377,,
3144,-284.9108917388497,-28491.08917388497,,
3145,-288.68503493434855,-28868.503493434855,,
3146,-120.37054639030026,-12037.054639030026,,
3147,28.12922183274853,2812.922183274853,,
4002,21.038837640340947,2103.883764034095,,
4003,37.526920716485,3752.6920716485,,
4004,33.53455923135974,3353.4559231359735,,
4005,38.61245027565043,3861.245027565043,,
4006,167.80422248339323,16780.422248339324,,
4007,38.50463960646148,3850.4639606461483,,
4008,18.774823130226494,1877.4823130226494,,
4009,13.480479892315381,1348.0479892315382,,
4010,13.480479892315381,1348.0479892315382,,
4011,142.88135608330435,14288.135608330434,,
4012,47.82894973742219,4782.894973742219,,
4013,41.752596224991905,4175.25962249919,,
4014,22.34159716915901,2234.159716915901,,
4015,22.295847689051335,2229.5847689051334,,
4016,19.16433786135946,1916.433786135946,,
4017,20.952471437530225,2095.2471437530226,,
4018,21.167990189997088,2116.799018999709,,
4019,72.06245839164563,7206.245839164563,,
4020,29.241085315700694,2924.1085315700693,,
4021,64.95109439581641,6495.109439581641,,
4022,34.29740952047421,3429.740952047421,,
4023,18.988318661970936,1898.8318661970936,,
4024,19.745388508314957,1974.5388508314957,,
4025,19.45990135352603,1945.990135352603,,
4026,19.745388508314957,1974.5388508314957,,
4027,36.99506036281444,3699.5060362814443,,
4028,19.091435259887685,1909.1435259887685,,
4029,19.165853461243834,1916.5853461243835,,
4030,19.051647999999947,1905.1647999999948,,
4031,77.03633297866617,7703.633297866617,,
4032,24.555873242786987,2455.587324278699,,
4033,74.87193593610672,7487.193593610672,,
4034,41.42610942687265,4142.610942687265,,
4035,25.197699902329816,2519.7699902329814,,
4036,23.337678943527656,2333.767894352766,,
4037,22.05520889259476,2205.520889259476,,
4038,20.55463272317268,2055.463272317268,,
4039,29.593452672120456,2959.3452672120457,,
4040,32.22326917409701,3222.3269174097013,,
4041,32.41228264532314,3241.228264532314,,
4042,35.58664966589338,3558.6649665893383,,
4043,79.92643075871725,7992.643075871724,,
4044,84.61785419644013,8461.785419644013,,
4045,84.61785419644013,8461.785419644013,,
4046,84.61785419644013,8461.785419644013,,
4047,84.61785419644013,8461.785419644013,,
4048,42.662013142340626,4266.201314234063,,
4049,77.74866322075255,7774.866322075255,,
4050,77.74866322075255,7774.866322075255,,
4051,27.011213865098185,2701.1213865098184,,
4052,27.011213865098185,2701.1213865098184,,
4053,3.4854931273174863,348.5493127317486,,
4054,21.347647644443583,2134.764764444358,,
4055,18.815560585362732,1881.5560585362732,,
4056,18.438287344093546,1843.8287344093546,,
4057,19.269496753040244,1926.9496753040244,,
4058,18.438287344093546,1843.8287344093546,,
4059,18.438287344093546,1843.8287344093546,,
4060,18.438287344093546,1843.8287344093546,,
4061,18.438287344093546,1843.8287344093546,,
4062,18.438287344093546,1843.8287344093546,,
4063,18.438287344093546,1843.8287344093546,,
4064,22.849911484877357,2284.9911484877357,,
4065,22.849911484877357,2284.9911484877357,,
4066,38.799954989422744,3879.9954989422745,,
4067,78.03471553112203,7803.471553112203,,
4068,46.31340611299575,4631.340611299575,,
4069,20.945089627575918,2094.5089627575917,,
4070,26.204461506313148,2620.4461506313146,,
4071,31.238986415530164,3123.898641553016,,
4072,17.82490163573366,1782.490163573366,,
4073,29.76563399999999,2976.563399999999,,
4074,31.99084203900872,3199.0842039008717,,
4075,29.76563399999999,2976.563399999999,,
4076,29.76563399999999,2976.563399999999,,
4077,29.76563399999999,2976.563399999999,,
4078,17.964063932683388,1796.406393268339,,
4079,34.22134407426488,3422.1344074264875,,
4080,18.80080000000002,1880.080000000002,,
4081,20.52008223102296,2052.008223102296,,
4082,18.80080000000002,1880.080000000002,,
4083,18.80080000000002,1880.080000000002,,
4084,18.80080000000002,1880.080000000002,,
4085,18.80080000000002,1880.080000000002,,
4086,63.149334884854454,6314.933488485445,,
4087,19.92123324872385,1992.1233248723852,,
4088,36.31470188608218,3631.4701886082185,,
4089,65.1433944072678,6514.339440726781,,
4090,65.1433944072678,6514.339440726781,,
4091,65.1433944072678,6514.339440726781,,
4092,65.1433944072678,6514.339440726781,,
4093,65.1433944072678,6514.339440726781,,
4094,65.1433944072678,6514.339440726781,,
4095,65.1433944072678,6514.339440726781,,
4096,65.1433944072678,6514.339440726781,,
4097,65.1433944072678,6514.339440726781,,
4098,65.1433944072678,6514.339440726781,,
4099,23.938198714529367,2393.8198714529367,,
4100,15.744504257293594,1574.4504257293593,,
4101,89.35922493067034,8935.922493067033,,
4102,34.67141646228367,3467.1416462283673,,
4103,41.24954703575359,4124.9547035753585,,
4104,21.536718813163176,2153.6718813163175,,
4105,21.536718813163176,2153.6718813163175,,
4106,40.646463063228325,4064.6463063228325,,
4107,37.47599598946935,3747.5995989469347,,
4108,19.387674933256108,1938.7674933256108,,
4109,18.887179540330514,1888.7179540330515,,
4110,54.131792613446045,5413.179261344604,,
4111,72.90541234252348,7290.541234252348,,
4112,22.056976051079033,2205.697605107903,,
4113,36.97690259017265,3697.690259017265,,
4114,52.11451175208045,5211.451175208045,,
4115,36.97690259017265,3697.690259017265,,
4116,36.97690259017265,3697.690259017265,,
4117,19.333577910676606,1933.3577910676606,,
4118,34.481754457909894,3448.175445790989,,
4119,80.79660220037007,8079.660220037007,,
4120,16.374820065183496,1637.4820065183496,,
4121,62.637787469183166,6263.778746918317,,
4122,38.446087189450324,3844.6087189450323,,
4123,24.30396901187261,2430.396901187261,,
4124,26.649273304463446,2664.9273304463445,,
4125,19.949968851458653,1994.9968851458652,,
4126,31.966894054064333,3196.6894054064333,,
4127,27.623006706769203,2762.30067067692,,
4128,31.2433105916662,3124.33105916662,,
4129,68.00327583675306,6800.327583675306,,
4130,61.95342047773732,6195.342047773732,,
4131,20.702422947099432,2070.242294709943,,
4132,21.002090690467515,2100.2090690467517,,
4133,20.702422947099432,2070.242294709943,,
4134,20.702422947099432,2070.242294709943,,
4135,20.702422947099432,2070.242294709943,,
4136,20.702422947099432,2070.242294709943,,
4137,20.702422947099432,2070.242294709943,,
4138,20.702422947099432,2070.242294709943,,
4139,28.83983757955651,2883.983757955651,,
4140,19.119045614818383,1911.9045614818383,,
4141,20.456492944962417,2045.6492944962417,,
4142,19.119045614818383,1911.9045614818383,,
4143,22.90590137597434,2290.590137597434,,
4144,28.492585175732877,2849.258517573288,,
4145,19.50399986053216,1950.3999860532163,,
4146,19.791589842872902,1979.1589842872902,,
4147,75.59673468352202,7559.673468352202,,
4148,43.924824625598205,4392.48246255982,,
4149,20.214814832580466,2021.4814832580466,,
4150,31.8439880283434,3184.39880283434,,
4151,20.658016822685536,2065.8016822685536,,
4152,12.155719107399023,1215.5719107399023,,
4153,20.658016822685536,2065.8016822685536,,
4154,42.39881755266244,4239.881755266244,,
4155,42.77224520324751,4277.224520324751,,
4156,18.917701182730127,1891.7701182730127,,
4157,36.39251020872224,3639.251020872224,,
4158,17.854695999999997,1785.4695999999997,,
4159,16.72972538367503,1672.9725383675031,,
4160,17.854695999999997,1785.4695999999997,,
4161,17.854695999999997,1785.4695999999997,,
4162,17.854695999999997,1785.4695999999997,,
4163,17.854695999999997,1785.4695999999997,,
4164,47.982214513238915,4798.221451323891,,
4165,14.250037901163306,1425.0037901163307,,
4166,14.250037901163306,1425.0037901163307,,
4167,64.79596252318936,6479.5962523189355,,
4168,16.64146604021983,1664.146604021983,,
4169,25.822980485565395,2582.2980485565395,,
4170,19.871745740089978,1987.1745740089978,,
4171,39.09125059396643,3909.125059396643,,
4172,19.08717239545254,1908.717239545254,,
4173,19.75920388594037,1975.920388594037,,
4174,18.592229614803014,1859.2229614803014,,
4175,83.97403375184417,8397.403375184418,,
4176,77.52363253702156,7752.363253702156,,
4177,77.52363253702156,7752.363253702156,,
4178,20.11817723572502,2011.817723572502,,
4179,56.633418809000524,5663.341880900052,,
4180,20.35405874790462,2035.4058747904621,,
4181,18.666012599963604,1866.6012599963603,,
4182,19.65375612907082,1965.375612907082,,
4183,16.84324021727251,1684.324021727251,,
4184,-28.807714567043817,-2880.7714567043818,,
4185,114.04191820830775,11404.191820830774,,
4186,64.56649437291362,6456.649437291362,,
4187,30.350229508510143,3035.0229508510142,,
4188,21.761420300584312,2176.1420300584314,,
4189,25.52581384623872,2552.581384623872,,
4190,59.60148192337249,5960.1481923372485,,
4191,-17.144146445118587,-1714.4146445118586,,
4192,27.86319941957163,2786.319941957163,,
4193,29.492167667458396,2949.21676674584,,
4194,82.50884392538846,8250.884392538846,,
4195,10.328494647577106,1032.8494647577106,,
4196,8.97657115269863,897.6571152698631,,
4197,177.00572950718944,17700.572950718943,,
5003,15.116420482280589,1511.642048228059,,
5004,27.616236404169037,2761.6236404169035,,
5005,37.50843404551946,3750.8434045519457,,
5006,45.20225397151048,4520.225397151048,,
5007,36.31596327668557,3631.596327668557,,
5008,66.9994332980551,6699.943329805509,,
5009,85.30644340417967,8530.644340417968,,
5010,38.5501658089899,3855.0165808989905,,
5011,24.259835156666504,2425.9835156666504,,
5012,36.501045400967726,3650.104540096773,,
5013,59.31925724112197,5931.925724112197,,
5014,30.728488758282104,3072.8488758282106,,
5015,34.326413478097564,3432.6413478097566,,
5016,38.99439564408112,3899.4395644081123,,
5017,37.33893656826057,3733.893656826057,,
5018,39.136521741457635,3913.6521741457636,,
5019,39.233951283289066,3923.3951283289066,,
5020,39.136521741457635,3913.6521741457636,,
5021,33.14756459179221,3314.756459179221,,
5022,34.80146276518476,3480.146276518476,,
5023,33.14756459179221,3314.756459179221,,
5024,26.70310771839113,2670.310771839113,,
5025,32.799013303487236,3279.9013303487236,,
5026,36.04215719732787,3604.215719732787,,
5027,36.5689714463573,3656.8971446357305,,
5028,52.58626157273366,5258.6261572733665,,
5029,24.42967622243022,2442.967622243022,,
5030,36.42290747152464,3642.290747152464,,
5031,32.6589333354935,3265.8933335493502,,
5032,51.51451720282802,5151.451720282802,,
5033,17.12434699999999,1712.4346999999989,,
5034,28.477025502381082,2847.7025502381084,,
5035,17.12434699999999,1712.4346999999989,,
5036,17.12434699999999,1712.4346999999989,,
5037,17.12434699999999,1712.4346999999989,,
5038,17.12434699999999,1712.4346999999989,,
5039,17.12434699999999,1712.4346999999989,,
5040,17.12434699999999,1712.4346999999989,,
5041,17.12434699999999,1712.4346999999989,,
5042,17.12434699999999,1712.4346999999989,,
5043,33.09527850702853,3309.5278507028534,,
5044,36.635713198952146,3663.5713198952144,,
5045,30.926151735341406,3092.6151735341405,,
5046,31.895208258800174,3189.5208258800176,,
5047,25.553648333467237,2555.3648333467236,,
5048,31.04327551138156,3104.3275511381557,,
5049,28.084696873632677,2808.4696873632674,,
5050,30.004403714603697,3000.4403714603695,,
5051,28.084696873632677,2808.4696873632674,,
5052,27.59784680653795,2759.784680653795,,
5053,39.34892721689671,3934.8927216896714,,
5054,24.82480042536269,2482.4800425362687,,
5055,37.29491919419788,3729.4919194197882,,
5056,34.6735268611575,3467.3526861157497,,
5057,37.29491919419788,3729.4919194197882,,
5058,37.29491919419788,3729.4919194197882,,
5059,29.00165354994777,2900.165354994777,,
5060,31.93775492509377,3193.775492509377,,
5061,31.93775492509377,3193.775492509377,,
5062,31.93775492509377,3193.775492509377,,
5063,33.510976940896654,3351.0976940896653,,
5064,41.166039788009854,4116.603978800986,,
5065,33.510976940896654,3351.0976940896653,,
5066,33.510976940896654,3351.0976940896653,,
5067,33.510976940896654,3351.0976940896653,,
5068,33.510976940896654,3351.0976940896653,,
5069,33.510976940896654,3351.0976940896653,,
5070,65.19282928590974,6519.282928590974,,
5071,25.424050774248197,2542.40507742482,,
5072,42.48146047881159,4248.14604788116,,
5073,71.69716287946548,7169.716287946548,,
5074,38.37277115618557,3837.277115618557,,
5075,25.185377251134312,2518.5377251134314,,
5076,41.311693425489295,4131.169342548929,,
5077,48.253822003622226,4825.382200362223,,
5078,35.99589315382621,3599.589315382621,,
5079,26.5852231712501,2658.52231712501,,
5080,25.662284523692552,2566.228452369255,,
5081,23.619312202764068,2361.9312202764067,,
5082,44.47155402909762,4447.1554029097615,,
5083,30.6693829246813,3066.93829246813,,
5084,36.02257959394014,3602.2579593940136,,
5085,32.238177437955734,3223.8177437955733,,
5086,41.1536690270341,4115.36690270341,,
5087,28.8628759423451,2886.28759423451,,
5088,28.984236813852657,2898.423681385266,,
5089,28.984236813852657,2898.423681385266,,
5090,131.9615153323776,13196.151533237758,,
5091,27.50406332995841,2750.406332995841,,
5092,34.136074235308456,3413.6074235308456,,
5093,37.81604107313666,3781.6041073136657,,
5094,20.792169988660646,2079.2169988660644,,
5095,40.598560806786836,4059.8560806786836,,
5096,36.0769363646554,3607.6936364655403,,
5097,47.70186752728226,4770.186752728226,,
5098,35.545450249769715,3554.5450249769715,,
5099,43.99532583161923,4399.532583161923,,
5100,-168.8078181420162,-16880.78181420162,,
5101,53.797045101696895,5379.7045101696895,,
5102,27.74308683573028,2774.3086835730282,,
5103,39.25127593336509,3925.1275933365096,,
5104,35.46887060367912,3546.887060367912,,
5105,52.47938913364975,5247.938913364975,,
5106,52.47938913364975,5247.938913364975,,
5107,52.47938913364975,5247.938913364975,,
5108,37.34359129643284,3734.359129643284,,
5109,26.3434215531679,2634.34215531679,,
5110,39.46379949802534,3946.3799498025337,,
5111,51.38498011026046,5138.498011026046,,
5112,32.82138106828012,3282.1381068280116,,
5113,37.60212084459221,3760.212084459221,,
5114,33.35545362341625,3335.545362341625,,
5115,31.871831256148127,3187.1831256148125,,
5116,43.893603485385086,4389.360348538508,,
5117,39.27353427742367,3927.3534277423673,,
5118,105.49020491908905,10549.020491908905,,
5119,35.42331474785425,3542.3314747854247,,
5120,30.652386559704098,3065.23865597041,,
5121,58.12508722839609,5812.508722839609,,
5122,91.02852220866771,9102.852220866771,,
5123,22.39672738604717,2239.6727386047173,,
5124,22.06488194584298,2206.488194584298,,
5125,43.74849595991122,4374.8495959911215,,
5126,32.413112080865005,3241.3112080865003,,
5127,33.01384308188331,3301.384308188331,,
5128,74.741590185438,7474.1590185438,,
5129,43.748989425381446,4374.898942538144,,
5130,39.928693618691504,3992.8693618691505,,
5131,23.236815970305496,2323.6815970305497,,
5132,23.33448814247648,2333.448814247648,,
5133,35.959429121104364,3595.9429121104363,,
5134,58.8930408816487,5889.30408816487,,
5135,45.77449416361564,4577.4494163615645,,
5136,28.458593323682614,2845.859332368261,,
5137,26.706955276264196,2670.69552762642,,
5138,26.450731398405445,2645.0731398405446,,
5139,58.85218013076231,5885.218013076231,,
5140,26.440129538983694,2644.0129538983692,,
5141,31.57248210071765,3157.2482100717652,,
5142,25.224759593653346,2522.4759593653343,,
5143,41.73641192276075,4173.641192276075,,
5144,27.888887279711103,2788.8887279711103,,
5145,55.41146974184741,5541.146974184741,,
5146,34.03486513840023,3403.486513840023,,
5147,44.6679660831001,4466.79660831001,,
5148,59.325005233784424,5932.500523378442,,
5149,27.604331896440495,2760.4331896440494,,
5150,35.781337578272755,3578.1337578272755,,
5151,30.898882990233204,3089.8882990233205,,
5152,34.20183012350307,3420.1830123503073,,
5153,36.078767451599035,3607.8767451599033,,
5154,30.316654881616074,3031.6654881616073,,
5155,53.30977375993872,5330.977375993873,,
5156,69.814669495331,6981.4669495331,,
5157,35.61411191851291,3561.4111918512913,,
5158,17.331105349098955,1733.1105349098955,,
5159,22.55709353962375,2255.709353962375,,
5160,36.08499009339656,3608.4990093396564,,
5161,81.98544636337292,8198.544636337292,,
5162,26.280406513462438,2628.040651346244,,
5163,23.434573959758772,2343.4573959758773,,
5164,33.168033513978685,3316.8033513978685,,
5165,36.130020305313735,3613.0020305313737,,
5166,33.168033513978685,3316.8033513978685,,
5167,33.168033513978685,3316.8033513978685,,
5168,80.58585018937885,8058.585018937884,,
5169,42.82688697268415,4282.688697268415,,
5170,42.82688697268415,4282.688697268415,,
5171,27.413569238305396,2741.3569238305395,,
5172,36.338444745672284,3633.844474567228,,
5173,40.47711704851768,4047.7117048517675,,
5174,27.293985987185206,2729.3985987185206,,
5175,38.004810315876924,3800.4810315876925,,
5176,39.35725703138058,3935.7257031380577,,
5177,37.802739179132,3780.2739179131995,,
5178,43.194758142501016,4319.475814250101,,
5179,21.539258702513862,2153.925870251386,,
5180,21.3229777128374,2132.29777128374,,
5181,34.58032866067751,3458.032866067751,,
5182,27.2003028017903,2720.03028017903,,
5183,52.748242698590865,5274.824269859087,,
5184,38.82096024236199,3882.096024236199,,
5185,37.209414517517985,3720.9414517517985,,
5186,33.857814585446235,3385.7814585446235,,
5187,20.828528681650862,2082.8528681650864,,
5188,45.99883238693013,4599.8832386930135,,
5189,307.80643880414857,30780.643880414857,,
5190,39.90755768451161,3990.7557684511607,,
5191,31.838847551024976,3183.884755102498,,
5192,23.014229509875143,2301.4229509875145,,
5193,22.89166205696435,2289.166205696435,,
5194,47.012602894492424,4701.260289449242,,
5195,40.194525106084086,4019.4525106084084,,
5196,36.360084975713896,3636.0084975713894,,
5197,35.69947428608678,3569.9474286086784,,
5198,36.360084975713896,3636.0084975713894,,
5199,37.538256630196024,3753.8256630196024,,
5200,39.56272910978489,3956.272910978489,,
5201,24.75362644317755,2475.362644317755,,
5202,23.9470152850046,2394.70152850046,,
5203,51.62648871524675,5162.648871524675,,
5204,34.893609011473174,3489.3609011473172,,
5205,35.32901463831904,3532.9014638319036,,
5206,34.893609011473174,3489.3609011473172,,
5207,34.893609011473174,3489.3609011473172,,
5208,34.893609011473174,3489.3609011473172,,
5209,31.062715365200237,3106.271536520024,,
5210,44.89663590084744,4489.663590084744,,
5211,25.722914528584326,2572.2914528584324,,
5212,29.63975364697035,2963.9753646970353,,
5213,-10.82207439381001,-1082.207439381001,,
5214,24.78264023974102,2478.264023974102,,
5215,36.91876905438586,3691.876905438586,,
5216,39.92922123931465,3992.922123931465,,
5217,41.315813083726816,4131.581308372682,,
5218,37.344534549964145,3734.4534549964146,,
5219,31.28030931887183,3128.0309318871828,,
5220,36.18465439159999,3618.4654391599993,,
5221,23.619108962337855,2361.9108962337855,,
5222,29.88594368829132,2988.594368829132,,
5223,25.2214781672132,2522.14781672132,,
5224,46.599912994185445,4659.991299418544,,
5225,33.22896086684507,3322.8960866845073,,
5226,52.53258846269975,5253.258846269975,,
5227,38.8964844033685,3889.6484403368495,,
5228,42.11160603573043,4211.160603573043,,
5229,-134.1383381425397,-13413.83381425397,,
5230,228.3232749551939,22832.327495519392,,
5231,39.684002055918135,3968.4002055918136,,
5232,49.6402315378662,4964.02315378662,,
5233,49.853122810159526,4985.312281015953,,
5234,37.81753274068329,3781.753274068329,,
5235,23.41206993888744,2341.2069938887444,,
5236,43.175410351346585,4317.541035134658,,
5237,51.56343063074212,5156.343063074211,,
5238,43.175410351346585,4317.541035134658,,
5239,26.38872857829464,2638.872857829464,,
5240,32.850628840598645,3285.0628840598647,,
5241,31.607691539845238,3160.7691539845237,,
5242,31.607691539845238,3160.7691539845237,,
5243,26.38872857829464,2638.872857829464,,
5244,39.3391308587087,3933.91308587087,,
5245,53.640110065209534,5364.011006520954,,
5246,31.40474637201632,3140.474637201632,,
5247,30.704787314806723,3070.478731480672,,
5248,44.33952127808308,4433.952127808308,,
5249,35.42437079695124,3542.437079695124,,
5250,-90.90717732373972,-9090.717732373972,,
5251,66.88224447442427,6688.224447442427,,
5252,58.5721021969306,5857.21021969306,,
5253,43.244502964941404,4324.45029649414,,
5254,43.3153779206806,4331.53779206806,,
5255,39.67388429145863,3967.3884291458626,,
5256,27.164395932268235,2716.4395932268235,,
5257,27.64772207995502,2764.772207995502,,
5258,43.79774507502891,4379.774507502891,,
5259,33.992322669166974,3399.2322669166974,,
5260,30.487091508914823,3048.7091508914823,,
5261,31.043919952138495,3104.3919952138494,,
5262,30.487091508914823,3048.7091508914823,,
5263,30.487091508914823,3048.7091508914823,,
5264,42.53373067085258,4253.373067085257,,
5265,40.03576176475511,4003.5761764755107,,
5266,37.408391344659535,3740.8391344659535,,
5267,26.333483899399482,2633.348389939948,,
5268,28.773009548944884,2877.3009548944883,,
5269,29.29263587346995,2929.2635873469953,,
5270,26.991280023992626,2699.1280023992626,,
5271,22.947783930245706,2294.7783930245705,,
5272,221.97660752911224,22197.660752911223,,
5273,44.95384859279698,4495.384859279698,,
5274,20.663742596090167,2066.3742596090165,,
5275,25.911818935940325,2591.1818935940323,,
5276,24.349693548441884,2434.9693548441883,,
5277,39.16467761917413,3916.4677619174126,,
5278,23.117884369868936,2311.7884369868934,,
5279,23.10281320664093,2310.281320664093,,
5280,23.22983384710907,2322.983384710907,,
5281,23.10281320664093,2310.281320664093,,
5282,23.10281320664093,2310.281320664093,,
5283,23.10281320664093,2310.281320664093,,
5284,31.6915622013124,3169.15622013124,,
5285,31.20082253170917,3120.0822531709173,,
5286,34.21883527744374,3421.8835277443736,,
5287,37.56029965443687,3756.0299654436867,,
5288,29.09478939320376,2909.478939320376,,
5289,47.990646737991455,4799.064673799146,,
5290,29.38332458909217,2938.3324589092167,,
5291,37.42525390204343,3742.525390204343,,
5292,36.07382589856469,3607.382589856469,,
5293,33.241025131393656,3324.1025131393653,,
5294,53.27974129573619,5327.9741295736185,,
5295,30.39367755900355,3039.367755900355,,
5296,32.970628328411,3297.0628328411003,,
5297,30.39367755900355,3039.367755900355,,
5298,30.39367755900355,3039.367755900355,,
5299,30.39367755900355,3039.367755900355,,
5300,30.39367755900355,3039.367755900355,,
5301,30.39367755900355,3039.367755900355,,
5302,30.39367755900355,3039.367755900355,,
5303,30.39367755900355,3039.367755900355,,
5304,29.994016510812287,2999.401651081229,,
5305,34.306985192735816,3430.6985192735815,,
5306,35.84447465236357,3584.4474652363574,,
5307,42.802857727339415,4280.2857727339415,,
5308,44.312438436550956,4431.243843655096,,
5309,-21.82547002103341,-2182.547002103341,,
5310,41.581601571745466,4158.160157174547,,
5311,97.50071186920539,9750.071186920539,,
5312,36.216062866600026,3621.6062866600028,,
5313,34.122646763341976,3412.2646763341977,,
5314,29.275519166514574,2927.5519166514573,,
5315,37.97129550946273,3797.129550946273,,
5316,39.73162204590086,3973.1622045900863,,
5317,30.865438272124454,3086.543827212445,,
5318,31.68795480167421,3168.795480167421,,
5319,30.865438272124454,3086.543827212445,,
5320,30.865438272124454,3086.543827212445,,
5321,30.865438272124454,3086.543827212445,,
5322,29.28622539837686,2928.622539837686,,
5323,47.297283035342645,4729.728303534264,,
5324,29.28622539837686,2928.622539837686,,
5325,29.28622539837686,2928.622539837686,,
5326,29.28622539837686,2928.622539837686,,
5327,25.28013467945298,2528.013467945298,,
5328,26.19635317030581,2619.635317030581,,
5329,44.46898217555923,4446.898217555923,,
5330,43.88648704111195,4388.648704111195,,
5331,35.85200991447041,3585.200991447041,,
5332,39.18495098233857,3918.495098233857,,
5333,31.015294679471275,3101.5294679471276,,
5334,149.44986388048625,14944.986388048625,,
5335,58.84350459128026,5884.350459128026,,
5336,34.398502742614504,3439.8502742614505,,
5337,35.58974131438159,3558.974131438159,,
5338,34.407952546023076,3440.7952546023075,,
5339,47.40512464343553,4740.512464343553,,
5340,124.96157703446778,12496.157703446777,,
5341,41.56874191344126,4156.874191344125,,
5342,41.56874191344126,4156.874191344125,,
5343,41.56874191344126,4156.874191344125,,
5344,66.60196677149848,6660.196677149848,,
5345,29.10873252040462,2910.873252040462,,
5346,37.318034944131526,3731.8034944131527,,
5347,87.683057253017,8768.3057253017,,
5348,29.949967191462605,2994.9967191462606,,
5349,51.51673314033176,5151.673314033176,,
5350,27.201745132315903,2720.1745132315905,,
5351,34.80867866004065,3480.867866004065,,
5352,470.31361074426036,47031.36107442604,,
5353,39.716430062032,3971.6430062032005,,
5354,40.62646817709775,4062.646817709775,,
5355,31.329112806014663,3132.9112806014664,,
5356,46.52269908309559,4652.269908309559,,
5357,37.78829367856478,3778.829367856478,,
5358,22.56187999999999,2256.187999999999,,
5359,23.77226940106532,2377.226940106532,,
5360,22.56187999999999,2256.187999999999,,
5361,34.675080609096156,3467.508060909616,,
5362,34.19066629863186,3419.066629863186,,
5363,34.675080609096156,3467.508060909616,,
5364,34.675080609096156,3467.508060909616,,
5365,34.675080609096156,3467.508060909616,,
5366,34.675080609096156,3467.508060909616,,
5367,34.675080609096156,3467.508060909616,,
5368,34.675080609096156,3467.508060909616,,
5369,34.675080609096156,3467.508060909616,,
5370,41.1686031835466,4116.86031835466,,
5371,29.507934591769448,2950.793459176945,,
5372,58.45997142652145,5845.997142652145,,
5373,40.822692068450756,4082.2692068450756,,
5374,-8.945455809846203,-894.5455809846203,,
5375,36.902896052890796,3690.2896052890796,,
5376,44.155948348282685,4415.594834828268,,
5377,23.8579135372771,2385.79135372771,,
5378,26.7590189212205,2675.90189212205,,
5379,41.48005037937093,4148.005037937093,,
5380,17.69820882551503,1769.8208825515032,,
5381,20.441292328575535,2044.1292328575535,,
5382,17.69820882551503,1769.8208825515032,,
5383,17.69820882551503,1769.8208825515032,,
5384,10.384575463860605,1038.4575463860606,,
5385,-28.534111913114966,-2853.4111913114966,,
5386,40.59970476028052,4059.9704760280515,,
5387,38.038515343490275,3803.8515343490276,,
5388,27.030324616794566,2703.0324616794564,,
5389,27.312207804137678,2731.220780413768,,
5390,22.848600492183213,2284.8600492183214,,
5391,22.201305421202367,2220.130542120237,,
5392,22.201305421202367,2220.130542120237,,
5393,28.20762192113914,2820.762192113914,,
5394,65.78086605339173,6578.086605339174,,
5395,87.24480018984482,8724.480018984483,,
5396,59.22938591164274,5922.938591164274,,
5397,0.044156416830574585,4.4156416830574585,,
5398,0.044156416830574585,4.4156416830574585,,
5399,65.78086605339173,6578.086605339174,,
5400,34.01031578550064,3401.031578550064,,
5401,31.212197227247913,3121.219722724791,,
5402,32.252251674271136,3225.225167427114,,
5403,31.212197227247913,3121.219722724791,,
5404,31.212197227247913,3121.219722724791,,
5405,31.212197227247913,3121.219722724791,,
5406,31.212197227247913,3121.219722724791,,
5407,30.563349081425727,3056.3349081425727,,
5408,32.30974236075473,3230.974236075473,,
5409,38.05839067035089,3805.839067035089,,
5410,24.06795758493562,2406.795758493562,,
5411,23.618793761396148,2361.8793761396146,,
5412,34.724056419285944,3472.4056419285944,,
5413,34.746452629760526,3474.6452629760524,,
5414,38.37518372156177,3837.518372156177,,
5415,34.746452629760526,3474.6452629760524,,
5416,34.746452629760526,3474.6452629760524,,
5417,34.746452629760526,3474.6452629760524,,
5418,34.746452629760526,3474.6452629760524,,
5419,34.746452629760526,3474.6452629760524,,
5420,40.72886256338775,4072.886256338775,,
5421,32.51062883376126,3251.062883376126,,
5422,43.89366948294788,4389.366948294788,,
5423,43.89366948294788,4389.366948294788,,
5424,43.89366948294788,4389.366948294788,,
5425,58.301206951549545,5830.120695154955,,
5426,28.46764868152254,2846.764868152254,,
5427,29.428789196423622,2942.8789196423622,,
5428,43.218510172622004,4321.8510172622,,
5429,38.36420879383222,3836.4208793832217,,
5430,36.62991902124742,3662.9919021247415,,
5431,40.15724047500887,4015.724047500887,,
5432,36.47339448604139,3647.3394486041393,,
5433,41.795218546111975,4179.521854611197,,
5434,37.58408366698354,3758.408366698354,,
5435,38.91020170363384,3891.020170363384,,
5436,48.1349325980528,4813.49325980528,,
5437,26.544669111064373,2654.4669111064372,,
5438,38.198129992936515,3819.8129992936515,,
5439,22.26425590449584,2226.425590449584,,
5440,46.3186006285099,4631.86006285099,,
5441,36.48784567197575,3648.7845671975747,,
5442,41.15942245737942,4115.942245737942,,
5443,37.82655286016182,3782.655286016182,,
5444,26.589420341827175,2658.9420341827176,,
5445,29.256908508657887,2925.690850865789,,
5446,26.71461103434969,2671.461103434969,,
5447,37.050802648337125,3705.0802648337126,,
5448,30.3281890433845,3032.81890433845,,
5449,35.14541862573075,3514.541862573075,,
5450,34.12619741561567,3412.619741561567,,
5451,25.32445942011057,2532.445942011057,,
5452,25.559640600405494,2555.9640600405496,,
5453,33.79555423060732,3379.555423060732,,
5454,30.820279122016384,3082.027912201638,,
5455,30.459822003299248,3045.9822003299246,,
5456,84.09670531890444,8409.670531890444,,
5457,47.200642684426214,4720.064268442621,,
5458,22.656203429420863,2265.620342942086,,
5459,21.894512072738575,2189.4512072738576,,
5460,21.894512072738575,2189.4512072738576,,
5461,23.78100131193251,2378.100131193251,,
5462,64.13940372808617,6413.940372808616,,
5463,73.94210843233918,7394.210843233918,,
5464,30.664282913445476,3066.4282913445477,,
5465,37.579651324099075,3757.9651324099077,,
5466,26.340984102673442,2634.098410267344,,
5467,142.98115012426467,14298.115012426468,,
5468,30.157265000984328,3015.726500098433,,
5469,37.392219544131535,3739.2219544131535,,
5470,26.988991075221733,2698.8991075221734,,
5471,41.09551270872862,4109.551270872862,,
5472,-16.364443877936164,-1636.4443877936164,,
5473,32.175646274500494,3217.5646274500496,,
5474,27.140399196414815,2714.0399196414814,,
5475,34.62190880761983,3462.190880761983,,
5476,27.166238334286223,2716.623833428622,,
5477,23.73887925525723,2373.887925525723,,
5478,81.62119848682468,8162.119848682468,,
5479,32.50833552241144,3250.8335522411444,,
5480,33.27439493704227,3327.4394937042266,,
5481,35.380771917398704,3538.0771917398706,,
5482,100.14518313255897,10014.518313255898,,
5483,40.87678275727474,4087.678275727474,,
5484,110.5555925054366,11055.559250543662,,
5485,21.044661552857892,2104.4661552857892,,
6001,18.496591726935932,1849.6591726935933,,
6002,18.49791727532206,1849.7917275322059,,
6003,20.288838721863,2028.8838721863,,
6004,20.05280598402142,2005.2805984021418,,
6005,19.93196519340664,1993.196519340664,,
6006,20.288838721863,2028.8838721863,,
6007,20.288838721863,2028.8838721863,,
6008,20.288838721863,2028.8838721863,,
6009,20.288838721863,2028.8838721863,,
6010,20.288838721863,2028.8838721863,,
6011,18.601771147566986,1860.1771147566985,,
6012,19.804032918143246,1980.4032918143246,,
6013,18.50202801546537,1850.202801546537,,
6014,19.454791467145046,1945.4791467145046,,
6015,18.612004038735087,1861.2004038735088,,
6016,18.482504815003296,1848.2504815003294,,
6017,18.54074492138827,1854.074492138827,,
6018,19.068314679734772,1906.8314679734772,,
6019,18.74292245845116,1874.2922458451162,,
6020,10.083655701252486,1008.3655701252486,,
6021,19.59794798912469,1959.794798912469,,
6022,19.5597875924161,1955.97875924161,,
6023,20.157678797003257,2015.7678797003257,,
6024,19.09700635116562,1909.7006351165621,,
6025,18.45651224516267,1845.6512245162671,,
6026,18.516836679140177,1851.6836679140176,,
6027,19.702788799424255,1970.2788799424254,,
6028,18.70222489034336,1870.222489034336,,
6029,19.21609678233313,1921.609678233313,,
6030,19.416261514725953,1941.6261514725952,,
6031,19.32876978038099,1932.8769780380992,,
6032,15.29469376713757,1529.469376713757,,
6033,20.500669809224323,2050.0669809224323,,
6034,19.897149803051814,1989.7149803051814,,
6035,19.572165372383356,1957.2165372383356,,
6036,18.442754575825326,1844.2754575825327,,
6037,18.45002970699375,1845.002970699375,,
6038,19.432032545966713,1943.2032545966713,,
6039,19.15389274177464,1915.3892741774641,,
6040,18.79957879804958,1879.957879804958,,
6041,19.432032545966713,1943.2032545966713,,
6042,19.432032545966713,1943.2032545966713,,
6043,18.517421238060667,1851.7421238060667,,
6044,18.454211481567867,1845.4211481567868,,
6045,18.716955653160042,1871.6955653160041,,
6046,18.55073723512274,1855.0737235122738,,
6047,18.509437068954025,1850.9437068954026,,
6048,18.716955653160042,1871.6955653160041,,
6049,18.716955653160042,1871.6955653160041,,
6050,18.716955653160042,1871.6955653160041,,
6051,18.716955653160042,1871.6955653160041,,
6052,18.716955653160042,1871.6955653160041,,
6053,18.716955653160042,1871.6955653160041,,
6054,18.716955653160042,1871.6955653160041,,
6055,17.516418296107496,1751.6418296107495,,
6056,18.661789974114196,1866.1789974114197,,
6057,18.61424918473139,1861.4249184731389,,
6058,18.577011603614324,1857.7011603614324,,
6059,20.648324514596556,2064.8324514596557,,
6060,18.423320626303337,1842.3320626303337,,
6061,19.320979680142237,1932.0979680142236,,
6062,20.17811854814539,2017.8118548145392,,
6063,20.302331474638507,2030.2331474638506,,
6064,20.359517271473507,2035.9517271473508,,
6065,22.277765476636972,2227.7765476636973,,
6066,18.727964117523697,1872.7964117523697,,
6067,18.61852928081425,1861.852928081425,,
6068,18.570638305701376,1857.0638305701375,,
6069,18.727964117523697,1872.7964117523697,,
6070,18.727964117523697,1872.7964117523697,,
6071,18.727964117523697,1872.7964117523697,,
6072,18.727964117523697,1872.7964117523697,,
6073,18.727964117523697,1872.7964117523697,,
6074,18.727964117523697,1872.7964117523697,,
6075,19.77145400000006,1977.1454000000058,,
6076,19.76297923132511,1976.2979231325112,,
6077,21.617179525881646,2161.7179525881647,,
6078,19.77145400000006,1977.1454000000058,,
6079,19.77145400000006,1977.1454000000058,,
6080,19.77145400000006,1977.1454000000058,,
6081,4.21621298601969,421.62129860196904,,
6082,4.21621298601969,421.62129860196904,,
6083,4.21621298601969,421.62129860196904,,
6084,19.796355602100775,1979.6355602100775,,
6085,19.796355602100775,1979.6355602100775,,
6086,19.796355602100775,1979.6355602100775,,
6087,19.796355602100775,1979.6355602100775,,
6088,19.796355602100775,1979.6355602100775,,
6089,19.796355602100775,1979.6355602100775,,
6090,19.796355602100775,1979.6355602100775,,
6091,18.11135455164961,1811.135455164961,,
6092,19.155305794590365,1915.5305794590365,,
6093,18.47366959480286,1847.3669594802861,,
6094,18.455659426846044,1845.5659426846044,,
6095,19.82500248062056,1982.5002480620562,,
6096,19.184941720126094,1918.4941720126094,,
6097,18.45355542629757,1845.3555426297569,,
6098,19.31857435711386,1931.857435711386,,
6099,18.4507192736172,1845.0719273617199,,
6100,18.564894417407142,1856.4894417407143,,
6101,19.801388730113118,1980.1388730113117,,
6102,19.862997738820376,1986.2997738820375,,
6103,19.952160186168996,1995.2160186168996,,
6104,19.801388730113118,1980.1388730113117,,
6105,19.801388730113118,1980.1388730113117,,
6106,19.801388730113118,1980.1388730113117,,
6107,21.330776295177355,2133.0776295177357,,
6108,20.63002379040733,2063.0023790407326,,
6109,20.990583409351128,2099.058340935113,,
6110,21.330776295177355,2133.0776295177357,,
6111,21.330776295177355,2133.0776295177357,,
6112,18.7460595279061,1874.6059527906102,,
6113,18.810539530975205,1881.0539530975207,,
6114,18.477529369736793,1847.7529369736792,,
6115,18.49219344991956,1849.2193449919562,,
6116,19.64970528126877,1964.9705281268768,,
6117,19.941124520363378,1994.1124520363378,,
6118,19.52931243804113,1952.9312438041131,,
6119,19.677674813940406,1967.7674813940407,,
6120,19.6939174281831,1969.39174281831,,
6121,18.45696514220593,1845.6965142205931,,
6122,19.637405019996404,1963.7405019996404,,
6123,19.37199908520725,1937.1999085207249,,
6124,18.522342956976264,1852.2342956976263,,
6125,18.652275680509906,1865.2275680509906,,
6126,18.45603520590834,1845.603520590834,,
6127,21.57912299377931,2157.912299377931,,
6128,18.533982547047174,1853.3982547047174,,
6129,18.41413851836,1841.413851836,,
6130,18.49883590227163,1849.883590227163,,
6131,18.34309976816375,1834.309976816375,,
6132,18.48187873210248,1848.187873210248,,
6133,19.704918504604574,1970.4918504604575,,
6134,20.850180845347502,2085.0180845347504,,
6135,21.452013353956698,2145.20133539567,,
6136,19.940768258254117,1994.0768258254118,,
6137,17.176352786234943,1717.6352786234943,,
6138,17.99040140584039,1799.0401405840391,,
6139,19.41203970419718,1941.203970419718,,
6140,21.38194874363224,2138.194874363224,,
6141,18.2543098121219,1825.4309812121899,,
6142,18.36389178238276,1836.389178238276,,
6143,18.40806583357898,1840.806583357898,,
6144,18.2543098121219,1825.4309812121899,,
6145,18.2543098121219,1825.4309812121899,,
6146,18.2543098121219,1825.4309812121899,,
6147,18.2543098121219,1825.4309812121899,,
6148,18.2543098121219,1825.4309812121899,,
6149,18.2543098121219,1825.4309812121899,,
6150,18.50064689423132,1850.064689423132,,
6151,20.389962291192926,2038.9962291192926,,
6152,18.480098680997727,1848.0098680997728,,
6153,18.356391115777644,1835.6391115777644,,
6154,15.894289185996554,1589.4289185996554,,
6155,18.601454065654686,1860.1454065654686,,
6156,0.21686605973771833,21.686605973771833,,
6157,18.260656320739397,1826.0656320739397,,
6158,20.53011140364241,2053.0111403642413,,
6159,18.523484986190454,1852.3484986190454,,
6160,19.00490503864453,1900.490503864453,,
6161,18.59152780098858,1859.1527800988579,,
6162,18.57703584422605,1857.703584422605,,
6163,18.623759427517207,1862.3759427517207,,
6164,18.59152780098858,1859.1527800988579,,
6165,18.59152780098858,1859.1527800988579,,
6166,18.59152780098858,1859.1527800988579,,
6167,18.59152780098858,1859.1527800988579,,
6168,18.494254224541947,1849.4254224541946,,
6169,18.049278071992187,1804.9278071992187,,
6170,18.47384130798288,1847.384130798288,,
6171,18.49514165153389,1849.5141651533888,,
6172,19.377391611066546,1937.7391611066546,,
6173,19.276152777708532,1927.6152777708533,,
6174,18.451465193110668,1845.1465193110669,,
6175,18.829972291703427,1882.9972291703427,,
6176,17.99870616349481,1799.870616349481,,
6177,18.531224535299376,1853.1224535299377,,
6178,18.53271683329577,1853.271683329577,,
6179,18.490816216752265,1849.0816216752264,,
6180,18.619720847873904,1861.9720847873903,,
6181,19.480649804766557,1948.0649804766558,,
6182,18.497444617638486,1849.7444617638487,,
6183,20.07297110222437,2007.297110222437,,
6184,18.166405175199387,1816.6405175199386,,
6185,17.945218648642477,1794.5218648642476,,
6186,18.901375145747657,1890.1375145747656,,
6187,18.924586045611004,1892.4586045611004,,
6188,20.062845848502494,2006.2845848502495,,
6189,20.024264046316066,2002.4264046316066,,
6190,20.032144665560576,2003.2144665560577,,
6191,18.489181443479733,1848.9181443479733,,
6192,20.473748354580692,2047.3748354580694,,
6193,20.457975243135735,2045.7975243135734,,
6194,18.926201745757247,1892.6201745757246,,
6195,21.185123978115197,2118.51239781152,,
6196,19.050505180276804,1905.0505180276805,,
6197,18.416304457481765,1841.6304457481765,,
6198,18.47293720513747,1847.2937205137468,,
6199,18.475286007475376,1847.5286007475374,,
6200,18.443043396272117,1844.3043396272117,,
6201,18.48714139905197,1848.714139905197,,
6202,18.942941173619797,1894.2941173619797,,
6203,18.45953641487166,1845.9536414871661,,
6204,18.457449909333118,1845.7449909333118,,
6205,18.8050255814572,1880.50255814572,,
6206,20.245729069774516,2024.5729069774516,,
6207,13.201290317881329,1320.1290317881328,,
6208,19.458055514265325,1945.8055514265325,,
6209,18.560444462841478,1856.0444462841479,,
6210,19.886222647998448,1988.6222647998447,,
6211,14.46226730473924,1446.2267304739241,,
6212,9.460188009055356,946.0188009055356,,
6213,19.886222647998448,1988.6222647998447,,
6214,19.886222647998448,1988.6222647998447,,
6215,19.886222647998448,1988.6222647998447,,
6216,19.886222647998448,1988.6222647998447,,
6217,16.29516308343406,1629.5163083434059,,
6218,18.563190446981473,1856.3190446981473,,
6219,18.974037205529036,1897.4037205529037,,
6220,18.452641174422702,1845.2641174422702,,
6221,19.022189650211857,1902.2189650211858,,
6222,19.151015175026295,1915.1015175026296,,
6223,18.923984284583657,1892.3984284583657,,
6224,19.269287085888614,1926.9287085888614,,
6225,18.456897199750593,1845.6897199750592,,
6226,17.076046039611967,1707.6046039611967,,
6227,18.92756073585606,1892.756073585606,,
6228,18.65036858896725,1865.036858896725,,
6229,18.617243065006317,1861.7243065006317,,
6230,18.351983609515493,1835.1983609515494,,
6231,18.65401839892054,1865.401839892054,,
6232,19.25342796678591,1925.342796678591,,
6233,19.189516216881568,1918.9516216881568,,
6234,18.54498982568968,1854.498982568968,,
6235,18.527974718014132,1852.7974718014132,,
6236,18.526345384376285,1852.6345384376284,,
6237,21.710414342904382,2171.0414342904382,,
6238,18.91425245991841,1891.425245991841,,
6239,17.862651624243608,1786.2651624243608,,
6240,18.21832494528034,1821.832494528034,,
6241,18.30446604589227,1830.4466045892268,,
6242,17.862651624243608,1786.2651624243608,,
6243,17.862651624243608,1786.2651624243608,,
6244,17.862651624243608,1786.2651624243608,,
6245,17.862651624243608,1786.2651624243608,,
6246,17.862651624243608,1786.2651624243608,,
6247,17.862651624243608,1786.2651624243608,,
6248,17.862651624243608,1786.2651624243608,,
6249,17.862651624243608,1786.2651624243608,,
6250,18.472411153755242,1847.2411153755243,,
6251,18.19525462092894,1819.5254620928938,,
6252,11.999751273093937,1199.9751273093937,,
6253,19.46599204560709,1946.599204560709,,
6254,19.659871981129175,1965.9871981129174,,
6255,19.54029676676741,1954.0296766767408,,
6256,19.157383842531807,1915.7383842531808,,
6257,19.659871981129175,1965.9871981129174,,
6258,19.659871981129175,1965.9871981129174,,
6259,19.659871981129175,1965.9871981129174,,
6260,19.659871981129175,1965.9871981129174,,
6261,18.49109231169321,1849.1092311693212,,
6262,20.973119994599106,2097.3119994599106,,
6263,19.226003457898038,1922.600345789804,,
6264,19.440849768808956,1944.0849768808955,,
6265,19.264519098183076,1926.4519098183075,,
6266,19.264519098183076,1926.4519098183075,,
6267,19.264519098183076,1926.4519098183075,,
6268,19.264519098183076,1926.4519098183075,,
6269,19.264519098183076,1926.4519098183075,,
6270,19.264519098183076,1926.4519098183075,,
6271,19.264519098183076,1926.4519098183075,,
6272,19.264519098183076,1926.4519098183075,,
6273,19.264519098183076,1926.4519098183075,,
6274,19.264519098183076,1926.4519098183075,,
6275,18.422362868023388,1842.2362868023388,,
6276,18.560108555561097,1856.0108555561096,,
6277,18.58365021452083,1858.365021452083,,
6278,18.52251259242295,1852.251259242295,,
6279,18.598661542433366,1859.8661542433365,,
6280,18.667410994066163,1866.7410994066163,,
6281,18.51326418942832,1851.3264189428319,,
6282,7.620745245005947,762.0745245005947,,
6283,18.532479241059505,1853.2479241059505,,
6284,18.45554057133906,1845.554057133906,,
6285,18.173619154982855,1817.3619154982855,,
6286,17.721792236399665,1772.1792236399665,,
6287,18.432824070111394,1843.2824070111394,,
6288,18.447950591228164,1844.7950591228164,,
6289,18.993377683367964,1899.3377683367964,,
6290,19.54980188159816,1954.980188159816,,
6291,18.50205741576286,1850.2057415762858,,
6292,19.80484463576874,1980.484463576874,,
6293,19.492274999567492,1949.2274999567492,,
6294,19.31789960612501,1931.789960612501,,
6295,19.80484463576874,1980.484463576874,,
6296,19.80484463576874,1980.484463576874,,
6297,19.80484463576874,1980.484463576874,,
6298,18.65697855642937,1865.697855642937,,
6299,18.61260397251705,1861.260397251705,,
6300,18.584866213963767,1858.4866213963767,,
6301,18.65697855642937,1865.697855642937,,
6302,18.65697855642937,1865.697855642937,,
6303,18.65697855642937,1865.697855642937,,
6304,18.65697855642937,1865.697855642937,,
6305,18.65697855642937,1865.697855642937,,
6306,19.01689999459894,1901.6899994598941,,
6307,18.449608819926418,1844.9608819926418,,
6308,18.937484852511087,1893.7484852511086,,
6309,18.682469618025436,1868.2469618025436,,
6310,18.42879552538568,1842.879552538568,,
6311,21.206262971984927,2120.6262971984925,,
6312,18.422662897582576,1842.2662897582577,,
6313,17.696428733655978,1769.6428733655978,,
6314,18.448801655368456,1844.8801655368457,,
6315,20.201288197072664,2020.1288197072663,,
6316,22.621863040034754,2262.1863040034755,,
6317,22.220965991096197,2222.0965991096195,,
6318,21.747312895092424,2174.7312895092423,,
6319,21.403805059557865,2140.3805059557862,,
6320,18.427643831280285,1842.7643831280286,,
6321,18.714412869906763,1871.4412869906762,,
6322,18.758111677504232,1875.8111677504232,,
6323,18.45034366665568,1845.034366665568,,
6324,18.403640147136443,1840.3640147136443,,
6325,21.791736384097845,2179.1736384097844,,
6326,20.637153025343263,2063.7153025343264,,
6327,19.953943036166482,1995.3943036166481,,
6328,17.92426661708716,1792.426661708716,,
6329,19.35272388379897,1935.272388379897,,
6330,19.002819355208917,1900.2819355208917,,
6331,19.473383624854385,1947.3383624854384,,
6332,18.51819111133897,1851.8191111338972,,
6333,18.422120056358352,1842.2120056358353,,
6334,18.489362918368894,1848.9362918368893,,
6335,18.512368128570884,1851.2368128570884,,
6336,18.22615161498566,1822.615161498566,,
6337,18.46704937622647,1846.7049376226469,,
6338,21.321128274639243,2132.112827463924,,
6339,19.337715497616138,1933.7715497616139,,
6340,19.07968280710824,1907.9682807108243,,
6341,20.441456588276388,2044.1456588276387,,
6342,20.44742115441724,2044.7421154417239,,
6343,19.785165662409135,1978.5165662409136,,
6344,19.770778997808478,1977.0778997808477,,
6345,18.87640293256109,1887.6402932561089,,
6346,18.93140201124145,1893.1402011241448,,
6349,19.42957351941372,1942.9573519413718,,
6350,18.740951092492338,1874.0951092492337,,
6351,18.877158645448148,1887.7158645448148,,
6352,18.45596520200135,1845.5965202001353,,
6353,19.757919409338612,1975.7919409338613,,
6354,19.687325822755707,1968.7325822755706,,
6355,19.74165324040946,1974.165324040946,,
6356,18.4907396112961,1849.0739611296099,,
6357,20.81459438270961,2081.459438270961,,
6358,20.11201901393855,2011.201901393855,,
6359,9.722591000163625,972.2591000163625,,
6360,-26.70816608061944,-2670.816608061944,,
7001,18.74932424152316,1874.932424152316,,
7002,20.382499381458352,2038.2499381458351,,
7003,20.37919203027539,2037.919203027539,,
7004,20.398080453158173,2039.8080453158173,,
7005,20.382499381458352,2038.2499381458351,,
7006,20.382499381458352,2038.2499381458351,,
7007,20.382499381458352,2038.2499381458351,,
7008,20.382499381458352,2038.2499381458351,,
7009,20.382499381458352,2038.2499381458351,,
7010,20.450722644626254,2045.0722644626253,,
7011,20.634254455216556,2063.4254455216555,,
7012,20.58829406259986,2058.829406259986,,
7013,20.475327509156582,2047.5327509156582,,
7014,20.448129103636536,2044.8129103636536,,
7015,20.448129103636536,2044.8129103636536,,
7016,20.437111939476623,2043.7111939476622,,
7017,20.46516947601709,2046.5169476017088,,
7018,18.997106266867227,1899.7106266867227,,
7019,19.05632506870222,1905.6325068702217,,
7020,19.12536992909043,1912.536992909043,,
7021,18.997106266867227,1899.7106266867227,,
7022,18.997106266867227,1899.7106266867227,,
7023,18.997106266867227,1899.7106266867227,,
7024,18.997106266867227,1899.7106266867227,,
7025,18.997106266867227,1899.7106266867227,,
7026,20.31668597446047,2031.668597446047,,
7027,20.494165263583497,2049.4165263583495,,
7028,20.46001127082367,2046.001127082367,,
7029,19.016316558547903,1901.6316558547903,,
7030,19.35126359757771,1935.1263597577708,,
7031,19.016316558547903,1901.6316558547903,,
7032,19.016316558547903,1901.6316558547903,,
7033,19.016316558547903,1901.6316558547903,,
7034,19.016316558547903,1901.6316558547903,,
7035,20.652370335771884,2065.2370335771884,,
7036,20.629996848095388,2062.999684809539,,
7037,20.293839022775998,2029.3839022775999,,
7038,20.464602745116817,2046.4602745116817,,
7039,20.47178245317509,2047.1782453175092,,
7040,20.39481008469575,2039.4810084695748,,
7041,20.408290215904273,2040.8290215904274,,
7042,19.009052265410602,1900.9052265410603,,
7043,19.029009284220514,1902.9009284220515,,
7044,18.885548267025825,1888.5548267025824,,
7045,19.009052265410602,1900.9052265410603,,
7046,19.009052265410602,1900.9052265410603,,
7047,20.359403002191605,2035.9403002191605,,
7048,20.454227467390027,2045.4227467390026,,
7049,20.47914715963558,2047.9147159635581,,
7050,20.541083120168942,2054.108312016894,,
7051,20.45504700529432,2045.5047005294318,,
7052,20.447579481982146,2044.7579481982145,,
7053,20.435794285398686,2043.5794285398686,,
7054,20.431227378545493,2043.1227378545493,,
7055,20.48408029105955,2048.408029105955,,
7056,20.560421878556465,2056.0421878556463,,
7057,20.55538154236008,2055.5381542360083,,
7058,19.025938470806686,1902.5938470806686,,
7059,18.947986911672857,1894.7986911672856,,
7060,18.950912462392985,1895.0912462392985,,
7061,19.025938470806686,1902.5938470806686,,
7062,19.025938470806686,1902.5938470806686,,
7063,19.025938470806686,1902.5938470806686,,
7064,19.025938470806686,1902.5938470806686,,
7065,19.025938470806686,1902.5938470806686,,
7066,19.025938470806686,1902.5938470806686,,
7067,20.470809032835362,2047.0809032835361,,
7068,20.93270921172653,2093.270921172653,,
7069,20.810355684252386,2081.0355684252386,,
7070,20.386098731971053,2038.6098731971053,,
7071,16.14050286641899,1614.0502866418992,,
7072,20.321520436468145,2032.1520436468145,,
7073,20.27633095533011,2027.6330955330109,,
7074,20.286522825628207,2028.6522825628208,,
7075,20.399288616528573,2039.9288616528572,,
7076,20.291995375973283,2029.1995375973283,,
7077,20.33468431136419,2033.468431136419,,
7078,20.360334966257497,2036.0334966257496,,
7079,20.291995375973283,2029.1995375973283,,
7080,20.291995375973283,2029.1995375973283,,
7081,20.291995375973283,2029.1995375973283,,
7082,20.291995375973283,2029.1995375973283,,
7083,20.33414570299809,2033.414570299809,,
7084,20.327122050647326,2032.7122050647326,,
7085,19.97204222248662,1997.204222248662,,
7086,20.426280737037505,2042.6280737037505,,
7087,20.46584019596497,2046.5840195964968,,
7088,20.43424774668955,2043.424774668955,,
7089,20.471282705463633,2047.1282705463632,,
7090,20.551898758041805,2055.1898758041807,,
7091,20.41867866115158,2041.8678661151582,,
7092,20.46847880374016,2046.847880374016,,
7093,20.467696049910224,2046.7696049910223,,
7094,20.468513343196484,2046.8513343196485,,
7095,7.444999999999994,744.4999999999994,,
7096,9.829852946379795,982.9852946379795,,
7097,10.860834251216922,1086.0834251216922,,
7098,7.445000000392454,744.5000000392454,,
7099,7.444999999999994,744.4999999999994,,
7100,20.427089467341943,2042.7089467341943,,
7101,20.469428704681793,2046.9428704681793,,
7102,20.49322842061227,2049.3228420612268,,
7103,20.440449882968974,2044.0449882968974,,
7104,20.37395366107288,2037.3953661072878,,
7105,20.394928378130547,2039.4928378130548,,
7106,20.39755020853398,2039.7550208533978,,
7107,20.37395366107288,2037.3953661072878,,
7108,20.37395366107288,2037.3953661072878,,
7109,20.37395366107288,2037.3953661072878,,
7110,20.37395366107288,2037.3953661072878,,
7111,20.37395366107288,2037.3953661072878,,
7112,20.37395366107288,2037.3953661072878,,
7113,20.37395366107288,2037.3953661072878,,
7114,20.37395366107288,2037.3953661072878,,
7115,20.37395366107288,2037.3953661072878,,
7116,20.593593064284413,2059.3593064284414,,
7117,20.47234601324959,2047.2346013249592,,
7118,20.48056752467586,2048.0567524675857,,
7119,20.41560133997445,2041.560133997445,,
7120,20.477332483495722,2047.7332483495722,,
7121,20.477332483495722,2047.7332483495722,,
7122,20.477332483495722,2047.7332483495722,,
7123,15.570902137784833,1557.0902137784833,,
7124,20.474465317894655,2047.4465317894656,,
7125,20.488739366372833,2048.8739366372834,,
7126,20.47953499225156,2047.9534992251558,,
7127,20.471636383273726,2047.1636383273726,,
7128,20.669103346013483,2066.910334601348,,
7129,18.953522242507475,1895.3522242507474,,
7130,20.35970951565412,2035.9709515654122,,
7131,20.402814083757278,2040.2814083757278,,
7132,20.39932766580604,2039.932766580604,,
7133,20.35970951565412,2035.9709515654122,,
7134,20.35970951565412,2035.9709515654122,,
7135,20.35970951565412,2035.9709515654122,,
7136,20.35970951565412,2035.9709515654122,,
7137,20.35970951565412,2035.9709515654122,,
7138,20.35970951565412,2035.9709515654122,,
7139,20.35970951565412,2035.9709515654122,,
7140,20.35970951565412,2035.9709515654122,,
7141,20.35970951565412,2035.9709515654122,,
7142,20.35970951565412,2035.9709515654122,,
7143,20.485181424393808,2048.518142439381,,
7144,20.41942515175188,2041.942515175188,,
7145,20.459144560073486,2045.9144560073487,,
7146,20.459144560073486,2045.9144560073487,,
7147,20.459849906435554,2045.9849906435554,,
7148,20.46569994170273,2046.569994170273,,
7149,18.33084702777771,1833.084702777771,,
7150,20.96234475334036,2096.2344753340362,,
7151,20.838780526519912,2083.8780526519913,,
7152,20.47588902232485,2047.588902232485,,
7153,12.521206424152954,1252.1206424152954,,
7154,20.523995083804206,2052.3995083804207,,
7155,20.45593266727962,2045.593266727962,,
7156,20.48038028752096,2048.0380287520957,,
7157,20.489305731614056,2048.930573161406,,
7158,20.43885534453596,2043.885534453596,,
7159,20.435996536989148,2043.5996536989148,,
7160,20.468390489197187,2046.8390489197186,,
7161,20.471228759433423,2047.1228759433423,,
7162,20.435996536989148,2043.5996536989148,,
7163,20.435996536989148,2043.5996536989148,,
7164,20.435996536989148,2043.5996536989148,,
7165,20.435996536989148,2043.5996536989148,,
7166,20.435996536989148,2043.5996536989148,,
7167,20.435996536989148,2043.5996536989148,,
7168,20.435996536989148,2043.5996536989148,,
7169,20.435996536989148,2043.5996536989148,,
7170,20.435996536989148,2043.5996536989148,,
7171,20.24889660277899,2024.889660277899,,
7172,20.26456996933372,2026.456996933372,,
7173,20.444312387849926,2044.4312387849927,,
7174,20.38372648234607,2038.372648234607,,
7175,20.47771362179838,2047.771362179838,,
7176,20.480401785352218,2048.040178535222,,
7177,20.483086371507408,2048.3086371507407,,
7178,20.46919239367233,2046.9192393672329,,
7179,20.348057085415505,2034.8057085415505,,
7180,20.47268351432542,2047.2683514325422,,
7181,20.467883277227184,2046.7883277227183,,
7182,20.36763132837762,2036.763132837762,,
7183,20.461966026819873,2046.1966026819873,,
7184,20.42493534471835,2042.493534471835,,
7185,20.4255891944117,2042.55891944117,,
7186,20.645061236209745,2064.5061236209744,,
7187,20.536386778482438,2053.638677848244,,
7188,20.49095986309152,2049.095986309152,,
7189,20.645061236209745,2064.5061236209744,,
7190,20.645061236209745,2064.5061236209744,,
7191,20.645061236209745,2064.5061236209744,,
7192,20.645061236209745,2064.5061236209744,,
7193,20.645061236209745,2064.5061236209744,,
7194,20.645061236209745,2064.5061236209744,,
7195,20.645061236209745,2064.5061236209744,,
7196,20.645061236209745,2064.5061236209744,,
7197,20.645061236209745,2064.5061236209744,,
7198,20.473914042770556,2047.3914042770555,,
7199,20.39115119784536,2039.115119784536,,
7200,20.472415613416047,2047.2415613416047,,
7201,20.47381289130766,2047.381289130766,,
7202,20.448238267199116,2044.8238267199117,,
7203,18.669577544336825,1866.9577544336826,,
7204,20.2807240739629,2028.0724073962901,,
7205,20.33416394291563,2033.416394291563,,
7206,20.34793089124407,2034.7930891244068,,
7207,20.2807240739629,2028.0724073962901,,
7208,20.2807240739629,2028.0724073962901,,
7209,20.2807240739629,2028.0724073962901,,
7210,20.2807240739629,2028.0724073962901,,
7211,20.2807240739629,2028.0724073962901,,
7212,20.2807240739629,2028.0724073962901,,
7213,20.255965195267866,2025.5965195267866,,
7214,20.415246566562818,2041.5246566562819,,
7215,20.554592976900096,2055.4592976900094,,
7216,20.46500594563759,2046.500594563759,,
7217,20.46264743194778,2046.264743194778,,
7218,20.569258057884536,2056.9258057884535,,
7219,20.61418457530414,2061.418457530414,,
7220,20.466840901465886,2046.6840901465887,,
7221,20.466312306692547,2046.6312306692548,,
7222,20.428763983074752,2042.8763983074753,,
7223,20.472744107449845,2047.2744107449846,,
7224,20.459062015224205,2045.9062015224206,,
7225,20.474617995566323,2047.4617995566323,,
7226,20.4310322017081,2043.10322017081,,
7227,20.404124237748263,2040.4124237748263,,
7228,20.456823686916767,2045.6823686916766,,
7229,20.45935838610221,2045.935838610221,,
7230,20.576455874968516,2057.6455874968515,,
7231,20.381821939182416,2038.1821939182416,,
7232,20.273994683148917,2027.3994683148917,,
7233,20.465498884082272,2046.5498884082272,,
7234,20.4858183364442,2048.58183364442,,
7235,20.498657704824087,2049.8657704824086,,
7236,20.488570784555098,2048.85707845551,,
7237,20.312317399010176,2031.2317399010176,,
7238,20.403974571903326,2040.3974571903327,,
7239,20.364837209269687,2036.4837209269688,,
7240,20.450207779912514,2045.0207779912514,,
7241,20.46536056456206,2046.536056456206,,
7242,20.473391329317018,2047.3391329317017,,
7243,20.43690959361223,2043.6909593612231,,
7244,20.21707955465794,2021.707955465794,,
7245,20.481422671411526,2048.1422671411524,,
7246,20.481695002160627,2048.1695002160627,,
7247,19.261682752460914,1926.1682752460913,,
7248,20.464323578950022,2046.4323578950023,,
7249,20.46818303683583,2046.8183036835828,,
7250,20.473943688540793,2047.3943688540792,,
7251,20.495503953425743,2049.550395342574,,
7252,19.864041346579096,1986.4041346579097,,
7253,19.758503513033673,1975.8503513033675,,
7254,20.74993897310872,2074.993897310872,,
7255,20.484652516067133,2048.465251606713,,
7256,20.445170683505218,2044.5170683505219,,
7257,20.37191252193702,2037.191252193702,,
7258,20.472892605226118,2047.2892605226118,,
7259,20.397994770837073,2039.7994770837072,,
7260,20.432968091730928,2043.2968091730927,,
7261,12.913170639996045,1291.3170639996044,,
7262,13.512388296326918,1351.2388296326917,,
7263,20.328822758285344,2032.8822758285344,,
7264,20.349678064435142,2034.9678064435143,,
7265,20.37356503451077,2037.3565034510768,,
7266,20.328822758285344,2032.8822758285344,,
7267,20.328822758285344,2032.8822758285344,,
7268,20.328822758285344,2032.8822758285344,,
7269,20.328822758285344,2032.8822758285344,,
7270,20.328822758285344,2032.8822758285344,,
7271,20.592254886785433,2059.225488678543,,
7272,20.40293121834243,2040.293121834243,,
7273,20.286375023205924,2028.6375023205924,,
7274,19.091024400193298,1909.1024400193298,,
7275,19.15830347996753,1915.8303479967528,,
7276,20.46686133588206,2046.686133588206,,
7277,19.021185007870006,1902.1185007870006,,
7278,20.404185995274265,2040.4185995274265,,
7279,20.368702066724502,2036.8702066724502,,
7280,20.404185995274265,2040.4185995274265,,
7281,20.404185995274265,2040.4185995274265,,
7282,20.36307294298284,2036.307294298284,,
7283,20.39138955332236,2039.1389553322358,,
7284,20.36307294298284,2036.307294298284,,
7285,20.36307294298284,2036.307294298284,,
7286,20.36307294298284,2036.307294298284,,
7287,20.36307294298284,2036.307294298284,,
7288,20.36307294298284,2036.307294298284,,
7289,20.36307294298284,2036.307294298284,,
7290,20.512621376432037,2051.2621376432035,,
7291,20.463804330420942,2046.3804330420942,,
7292,20.472290984195908,2047.2290984195909,,
7293,20.301854343493037,2030.1854343493037,,
7294,20.340662081648787,2034.0662081648788,,
7295,20.47845647847376,2047.8456478473759,,
7296,20.472819061428822,2047.2819061428822,,
7297,20.438583238244448,2043.8583238244448,,
7298,20.4698672481314,2046.98672481314,,
7299,20.673290701205293,2067.329070120529,,
7300,20.562673216600647,2056.2673216600647,,
7301,20.389508832954085,2038.9508832954086,,
7302,15.050815547972205,1505.0815547972204,,
7303,18.90321432618545,1890.3214326185448,,
7304,21.67804655670719,2167.804655670719,,
7305,20.96776997931417,2096.776997931417,,
7306,20.791553370182243,2079.155337018224,,
7307,21.67804655670719,2167.804655670719,,
7308,21.67804655670719,2167.804655670719,,
7309,21.67804655670719,2167.804655670719,,
7310,21.67804655670719,2167.804655670719,,
7311,21.67804655670719,2167.804655670719,,
7312,19.390841159845305,1939.0841159845304,,
7313,19.292306892252775,1929.2306892252775,,
7314,20.967880958647587,2096.788095864759,,
7315,20.499880802473626,2049.9880802473626,,
7316,20.42928252856743,2042.928252856743,,
7317,20.35248600570582,2035.248600570582,,
7318,20.415449100265043,2041.5449100265043,,
7319,20.47973200230302,2047.973200230302,,
7320,20.094738951254914,2009.4738951254915,,
7321,19.725578261487946,1972.5578261487947,,
7322,19.867122037023915,1986.7122037023914,,
7323,20.094738951254914,2009.4738951254915,,
7324,20.094738951254914,2009.4738951254915,,
7325,20.094738951254914,2009.4738951254915,,
7326,20.094738951254914,2009.4738951254915,,
7327,20.573271428926564,2057.3271428926564,,
7328,20.213974704073458,2021.3974704073457,,
7329,20.573271428926564,2057.3271428926564,,
7330,20.47049107131764,2047.0491071317638,,
7331,20.42151000000003,2042.151000000003,,
7332,20.404898002643563,2040.4898002643563,,
7333,20.416797771074197,2041.6797771074198,,
7334,20.42151000000003,2042.151000000003,,
7335,20.42151000000003,2042.151000000003,,
7336,20.45959631709227,2045.959631709227,,
7337,19.085108223563893,1908.5108223563893,,
7338,20.42340903289333,2042.3409032893328,,
7339,19.76466451736298,1976.466451736298,,
7340,20.68376368952155,2068.376368952155,,
7341,20.968965336755765,2096.8965336755764,,
7342,20.57608312902405,2057.608312902405,,
7343,20.58216083704934,2058.216083704934,,
7344,20.46933206059952,2046.933206059952,,
7345,20.418372867567964,2041.8372867567964,,
7346,20.502880401179738,2050.2880401179737,,
7347,20.425587676662573,2042.5587676662574,,
7348,20.433024865275296,2043.3024865275297,,
7349,20.502880401179738,2050.2880401179737,,
7350,20.502880401179738,2050.2880401179737,,
7351,20.502880401179738,2050.2880401179737,,
7352,20.502880401179738,2050.2880401179737,,
7353,20.502880401179738,2050.2880401179737,,
7354,20.502880401179738,2050.2880401179737,,
7355,20.502880401179738,2050.2880401179737,,
7356,20.502880401179738,2050.2880401179737,,
7357,20.502880401179738,2050.2880401179737,,
7358,20.502880401179738,2050.2880401179737,,
7359,20.502880401179738,2050.2880401179737,,
7360,20.502880401179738,2050.2880401179737,,
7361,20.502880401179738,2050.2880401179737,,
7362,20.463696760516846,2046.3696760516846,,
7363,20.179130509240853,2017.9130509240854,,
7364,20.633293555002552,2063.329355500255,,
7365,20.45229779090253,2045.229779090253,,
7366,20.400401244454056,2040.0401244454056,,
7367,20.41325514426461,2041.325514426461,,
7368,20.431502323228507,2043.1502323228508,,
7369,20.400401244454056,2040.0401244454056,,
7370,20.400401244454056,2040.0401244454056,,
7371,20.400401244454056,2040.0401244454056,,
7372,20.400401244454056,2040.0401244454056,,
7373,20.400401244454056,2040.0401244454056,,
7374,20.400401244454056,2040.0401244454056,,
7375,20.400401244454056,2040.0401244454056,,
7376,20.400401244454056,2040.0401244454056,,
7377,20.400401244454056,2040.0401244454056,,
7378,20.400401244454056,2040.0401244454056,,
7379,20.400401244454056,2040.0401244454056,,
7380,19.916703561944818,1991.6703561944819,,
7381,20.45164147547628,2045.1641475476279,,
7382,20.43552910340323,2043.552910340323,,
7383,20.42688070032469,2042.688070032469,,
7384,20.45581541334336,2045.581541334336,,
7385,20.466595805973977,2046.6595805973977,,
7386,20.462832112424472,2046.2832112424471,,
7387,20.428700578591357,2042.8700578591356,,
7388,20.47140026686971,2047.1400266869712,,
7389,20.64460087700895,2064.460087700895,,
7390,20.814295873292867,2081.4295873292867,,
7391,20.737065805591065,2073.7065805591064,,
7392,20.379748845551653,2037.9748845551653,,
7393,18.74729912279367,1874.729912279367,,
7394,20.431422351930223,2043.1422351930223,,
7395,20.470518314113182,2047.0518314113183,,
7396,20.484828813771365,2048.4828813771364,,
7397,20.53483230760423,2053.483230760423,,
7398,20.390189793124136,2039.0189793124136,,
7399,20.479994749672212,2047.9994749672212,,
7400,20.413152290963723,2041.3152290963721,,
7401,20.433706834142633,2043.3706834142633,,
7402,20.43626205055508,2043.6262050555079,,
7403,20.38954813637808,2038.9548136378082,,
7404,20.47036456644332,2047.0364566443318,,
7405,20.292101902933865,2029.2101902933864,,
7406,19.0015736285701,1900.15736285701,,
7407,18.926177453868203,1892.6177453868202,,
7408,17.836749123033872,1783.6749123033871,,
7409,20.51131940300907,2051.131940300907,,
7410,20.492069422484665,2049.2069422484665,,
7411,20.527125779712556,2052.7125779712555,,
7412,19.90136157488732,1990.1361574887321,,
7413,20.710372636780505,2071.0372636780503,,
7414,18.886182063228556,1888.6182063228557,,
7415,18.97467072942507,1897.467072942507,,
7416,18.915143280353696,1891.5143280353695,,
7417,20.46420181298913,2046.4201812989131,,
7418,20.458219266991826,2045.8219266991825,,
7419,20.40012882141022,2040.0128821410221,,
7420,20.586479972535024,2058.6479972535026,,
7421,20.56169432253221,2056.169432253221,,
7422,20.271637593319227,2027.1637593319226,,
7423,20.321852176815828,2032.1852176815828,,
7424,20.33633972260619,2033.633972260619,,
7425,20.47742490380698,2047.742490380698,,
7426,16.543539758032935,1654.3539758032935,,
7427,20.475331321944758,2047.5331321944757,,
7428,19.806718937837633,1980.6718937837634,,
7429,18.88308679754427,1888.308679754427,,
7430,19.186730362850646,1918.6730362850647,,
7431,20.58545496246286,2058.5454962462863,,
7432,23.51488686970535,2351.488686970535,,
8001,23.780614850282948,2378.061485028295,,
8002,35.835882813886734,3583.5882813886733,,
8003,23.659497616265554,2365.9497616265553,,
8004,25.051035761790516,2505.1035761790517,,
8005,25.093238402984397,2509.32384029844,,
8006,32.632724427208295,3263.2724427208295,,
8007,33.945614553522404,3394.5614553522405,,
8008,45.89529798939975,4589.529798939975,,
8009,20.58199084128532,2058.1990841285324,,
8010,23.8697027284907,2386.97027284907,,
8011,28.255794117708252,2825.579411770825,,
8012,20.6877717995418,2068.77717995418,,
8013,85.60816672899756,8560.816672899757,,
8014,24.453440098977172,2445.344009897717,,
8015,25.370090466300212,2537.009046630021,,
8016,20.97130968047717,2097.130968047717,,
8017,35.019719764168286,3501.9719764168285,,
8018,31.52054228101923,3152.0542281019234,,
8019,37.45249271823166,3745.249271823166,,
8020,49.773642711816166,4977.3642711816165,,
8021,26.233557249608282,2623.3557249608284,,
8022,25.846745828845794,2584.674582884579,,
8023,25.152559052789414,2515.2559052789416,,
8024,25.152559052789414,2515.2559052789416,,
8025,26.48207349733928,2648.207349733928,,
8026,60.4610868370134,6046.10868370134,,
8027,33.68821963359447,3368.821963359447,,
8028,35.97420275788462,3597.420275788462,,
8029,62.758490332702806,6275.84903327028,,
8030,20.705760654399462,2070.5760654399464,,
8031,20.706384621803217,2070.6384621803218,,
8032,20.744915691018306,2074.4915691018305,,
8033,20.705760654399462,2070.5760654399464,,
8034,20.705760654399462,2070.5760654399464,,
8035,20.705760654399462,2070.5760654399464,,
8036,20.705760654399462,2070.5760654399464,,
8037,23.90647740054912,2390.647740054912,,
8038,25.55813509525047,2555.8135095250473,,
8039,62.00998216175877,6200.998216175877,,
8040,37.51059650067404,3751.059650067404,,
8041,25.988814911272875,2598.8814911272875,,
8042,25.18166457232752,2518.166457232752,,
8043,23.835751850101456,2383.5751850101456,,
8044,25.146121630792276,2514.6121630792277,,
8045,27.01339816054924,2701.339816054924,,
8046,23.835751850101456,2383.5751850101456,,
8047,23.835751850101456,2383.5751850101456,,
8048,23.835751850101456,2383.5751850101456,,
8049,23.835751850101456,2383.5751850101456,,
8050,23.835751850101456,2383.5751850101456,,
8051,23.835751850101456,2383.5751850101456,,
8052,41.34047745026074,4134.047745026074,,
8053,42.54048493481676,4254.048493481676,,
8054,25.96527925548933,2596.527925548933,,
8055,26.65865725608377,2665.865725608377,,
8056,37.65755722593917,3765.755722593917,,
8057,23.63458852664803,2363.458852664803,,
8058,24.833043132855686,2483.3043132855687,,
8059,25.398935237362956,2539.8935237362957,,
8060,23.63458852664803,2363.458852664803,,
8061,23.63458852664803,2363.458852664803,,
8062,26.728892388327075,2672.8892388327076,,
8063,25.73100282744698,2573.100282744698,,
8064,25.561918402051084,2556.1918402051083,,
8065,33.48117218874113,3348.1172188741125,,
8066,20.662346400452876,2066.2346400452875,,
8067,24.974525962751606,2497.4525962751604,,
8068,24.1774005989141,2417.74005989141,,
8069,24.06258986222379,2406.258986222379,,
8070,24.974525962751606,2497.4525962751604,,
8071,24.974525962751606,2497.4525962751604,,
8072,31.44971034686869,3144.971034686869,,
8073,76.67468687719284,7667.468687719284,,
8074,27.50225283445927,2750.225283445927,,
8075,27.203206041352843,2720.320604135284,,
8076,26.892019260633155,2689.2019260633156,,
8077,27.50225283445927,2750.225283445927,,
8078,27.50225283445927,2750.225283445927,,
8079,27.50225283445927,2750.225283445927,,
8080,27.50225283445927,2750.225283445927,,
8081,48.08607258218206,4808.607258218206,,
8082,22.254100150046867,2225.4100150046866,,
8083,23.024054801467827,2302.405480146783,,
8084,23.847130031306882,2384.7130031306883,,
8085,23.850352859242708,2385.0352859242707,,
8086,23.85894276652722,2385.894276652722,,
8087,22.254100150046867,2225.4100150046866,,
8088,22.254100150046867,2225.4100150046866,,
8089,38.631967831818436,3863.196783181844,,
8090,25.793142313054215,2579.3142313054213,,
8091,29.40784057052712,2940.784057052712,,
8092,25.89781923631433,2589.781923631433,,
8093,10.937996859643992,1093.7996859643993,,
8094,20.71841311647167,2071.841311647167,,
8095,20.749422284043234,2074.9422284043235,,
8096,42.09018347144057,4209.018347144057,,
8097,26.81043176638817,2681.043176638817,,
8098,26.727690475928565,2672.7690475928566,,
8099,26.81043176638817,2681.043176638817,,
8100,35.73627701605181,3573.627701605181,,
8101,25.49783809048421,2549.783809048421,,
8102,21.7408007702631,2174.08007702631,,
8103,23.963364677730755,2396.3364677730756,,
8104,20.59749112386249,2059.749112386249,,
8105,16.72184397306584,1672.184397306584,,
8106,15.535255828152675,1553.5255828152674,,
8107,-40.295352160788994,-4029.5352160788993,,
8108,54.463294582099465,5446.329458209946,,
8109,34.05268791325053,3405.268791325053,,
8110,33.502630996076476,3350.2630996076477,,
8111,25.23374674274666,2523.374674274666,,
8112,26.30566147970127,2630.566147970127,,
8113,27.11830290311595,2711.830290311595,,
8114,27.00279232131203,2700.2792321312027,,
8115,26.30566147970127,2630.566147970127,,
8116,26.30566147970127,2630.566147970127,,
8117,26.30566147970127,2630.566147970127,,
8118,25.038916660980135,2503.8916660980135,,
8119,26.73306940487254,2673.306940487254,,
8120,21.136657904675683,2113.6657904675685,,
8121,26.715645096878383,2671.5645096878384,,
8122,21.054053728381223,2105.4053728381223,,
8123,33.508245769443164,3350.8245769443165,,
8124,29.110706741811093,2911.070674181109,,
8125,25.48557600452622,2548.557600452622,,
8126,19.390600000000006,1939.0600000000006,,
8127,17.26691837052467,1726.691837052467,,
8128,2.3166969614518926,231.66969614518928,,
8129,19.390600000000006,1939.0600000000006,,
8130,19.390600000000006,1939.0600000000006,,
8131,19.390600000000006,1939.0600000000006,,
8132,26.046044376281703,2604.60443762817,,
8133,30.157532916984387,3015.7532916984387,,
8134,31.78658908241492,3178.658908241492,,
8135,39.067869395089694,3906.786939508969,,
8136,110.20097722831576,11020.097722831577,,
8137,25.303273726209756,2530.3273726209754,,
8138,36.536804805268176,3653.6804805268175,,
8139,20.730687265349193,2073.0687265349193,,
8140,20.776186577167643,2077.618657716764,,
8141,21.72724785685708,2172.724785685708,,
8142,18.826955620851415,1882.6955620851415,,
8143,20.94503969713215,2094.5039697132147,,
8144,26.16688834136662,2616.688834136662,,
8145,-104.67521561415968,-10467.521561415968,,
8146,36.18012401385572,3618.0124013855716,,
8147,26.849369198614507,2684.936919861451,,
8148,28.430280218014868,2843.028021801487,,
8149,33.09596011249853,3309.5960112498533,,
8150,25.51149361647377,2551.149361647377,,
8151,25.699212267307693,2569.9212267307694,,
8152,20.95491472966691,2095.491472966691,,
8153,48.22323758086711,4822.323758086711,,
8154,48.7390202417531,4873.9020241753105,,
8155,22.316705872676753,2231.6705872676753,,
8156,21.645937897956646,2164.5937897956646,,
8157,21.810145252587134,2181.0145252587135,,
8158,20.784043485784064,2078.4043485784064,,
8159,20.911159892937157,2091.1159892937158,,
8160,20.936176929395955,2093.6176929395956,,
