bus,price_status,price_per_mwh,price_per_pu_hour
1001,withheld_mip_gap_not_certified,,
1002,withheld_mip_gap_not_certified,,
1003,withheld_mip_gap_not_certified,,
1004,withheld_mip_gap_not_certified,,
1005,withheld_mip_gap_not_certified,,
1006,withheld_mip_gap_not_certified,,
1007,withheld_mip_gap_not_certified,,
1008,withheld_mip_gap_not_certified,,
1009,withheld_mip_gap_not_certified,,
1010,withheld_mip_gap_not_certified,,
1011,withheld_mip_gap_not_certified,,
1012,withheld_mip_gap_not_certified,,
1013,withheld_mip_gap_not_certified,,
1014,withheld_mip_gap_not_certified,,
1015,withheld_mip_gap_not_certified,,
1016,withheld_mip_gap_not_certified,,
1017,withheld_mip_gap_not_certified,,
1018,withheld_mip_gap_not_certified,,
1019,withheld_mip_gap_not_certified,,
1020,withheld_mip_gap_not_certified,,
1021,withheld_mip_gap_not_certified,,
1022,withheld_mip_gap_not_certified,,
1023,withheld_mip_gap_not_certified,,
1024,withheld_mip_gap_not_certified,,
1025,withheld_mip_gap_not_certified,,
1026,withheld_mip_gap_not_certified,,
1027,withheld_mip_gap_not_certified,,
1028,withheld_mip_gap_not_certified,,
1029,withheld_mip_gap_not_certified,,
1030,withheld_mip_gap_not_certified,,
1031,withheld_mip_gap_not_certified,,
1032,withheld_mip_gap_not_certified,,
1033,withheld_mip_gap_not_certified,,
1034,withheld_mip_gap_not_certified,,
1035,withheld_mip_gap_not_certified,,
1036,withheld_mip_gap_not_certified,,
1037,withheld_mip_gap_not_certified,,
1038,withheld_mip_gap_not_certified,,
1039,withheld_mip_gap_not_certified,,
1040,withheld_mip_gap_not_certified,,
1041,withheld_mip_gap_not_certified,,
1042,withheld_mip_gap_not_certified,,
1043,withheld_mip_gap_not_certified,,
1044,withheld_mip_gap_not_certified,,
1045,withheld_mip_gap_not_certified,,
1046,withheld_mip_gap_not_certified,,
1047,withheld_mip_gap_not_certified,,
1048,withheld_mip_gap_not_certified,,
1049,withheld_mip_gap_not_certified,,
1050,withheld_mip_gap_not_certified,,
1051,withheld_mip_gap_not_certified,,
1052,withheld_mip_gap_not_certified,,
1053,withheld_mip_gap_not_certified,,
1054,withheld_mip_gap_not_certified,,
1055,withheld_mip_gap_not_certified,,
1056,withheld_mip_gap_not_certified,,
1057,withheld_mip_gap_not_certified,,
1058,withheld_mip_gap_not_certified,,
1059,withheld_mip_gap_not_certified,,
1060,withheld_mip_gap_not_certified,,
1061,withheld_mip_gap_not_certified,,
1062,withheld_mip_gap_not_certified,,
1063,withheld_mip_gap_not_certified,,
1064,withheld_mip_gap_not_certified,,
1065,withheld_mip_gap_not_certified,,
1066,withheld_mip_gap_not_certified,,
1067,withheld_mip_gap_not_certified,,
1068,withheld_mip_gap_not_certified,,
1069,withheld_mip_gap_not_certified,,
1070,withheld_mip_gap_not_certified,,
1071,withheld_mip_gap_not_certified,,
1072,withheld_mip_gap_not_certified,,
1073,withheld_mip_gap_not_certified,,
1074,withheld_mip_gap_not_certified,,
1075,withheld_mip_gap_not_certified,,
1076,withheld_mip_gap_not_certified,,
1077,withheld_mip_gap_not_certified,,
1078,withheld_mip_gap_not_certified,,
1079,withheld_mip_gap_not_certified,,
1080,withheld_mip_gap_not_certified,,
1081,withheld_mip_gap_not_certified,,
1082,withheld_mip_gap_not_certified,,
1083,withheld_mip_gap_not_certified,,
1084,withheld_mip_gap_not_certified,,
1085,withheld_mip_gap_not_certified,,
1086,withheld_mip_gap_not_certified,,
1087,withheld_mip_gap_not_certified,,
1088,withheld_mip_gap_not_certified,,
1089,withheld_mip_gap_not_certified,,
1090,withheld_mip_gap_not_certified,,
1091,withheld_mip_gap_not_certified,,
2001,withheld_mip_gap_not_certified,,
2002,withheld_mip_gap_not_certified,,
2003,withheld_mip_gap_not_certified,,
2004,withheld_mip_gap_not_certified,,
2005,withheld_mip_gap_not_certified,,
2006,withheld_mip_gap_not_certified,,
2007,withheld_mip_gap_not_certified,,
2008,withheld_mip_gap_not_certified,,
2009,withheld_mip_gap_not_certified,,
2010,withheld_mip_gap_not_certified,,
2011,withheld_mip_gap_not_certified,,
2012,withheld_mip_gap_not_certified,,
2013,withheld_mip_gap_not_certified,,
2014,withheld_mip_gap_not_certified,,
2015,withheld_mip_gap_not_certified,,
2016,withheld_mip_gap_not_certified,,
2017,withheld_mip_gap_not_certified,,
2018,withheld_mip_gap_not_certified,,
2019,withheld_mip_gap_not_certified,,
2020,withheld_mip_gap_not_certified,,
2021,withheld_mip_gap_not_certified,,
2022,withheld_mip_gap_not_certified,,
2023,withheld_mip_gap_not_certified,,
2024,withheld_mip_gap_not_certified,,
2025,withheld_mip_gap_not_certified,,
2026,withheld_mip_gap_not_certified,,
2027,withheld_mip_gap_not_certified,,
2028,withheld_mip_gap_not_certified,,
2029,withheld_mip_gap_not_certified,,
2030,withheld_mip_gap_not_certified,,
2031,withheld_mip_gap_not_certified,,
2032,withheld_mip_gap_not_certified,,
2033,withheld_mip_gap_not_certified,,
2034,withheld_mip_gap_not_certified,,
2035,withheld_mip_gap_not_certified,,
2036,withheld_mip_gap_not_certified,,
2037,withheld_mip_gap_not_certified,,
2038,withheld_mip_gap_not_certified,,
2039,withheld_mip_gap_not_certified,,
2040,withheld_mip_gap_not_certified,,
2041,withheld_mip_gap_not_certified,,
2042,withheld_mip_gap_not_certified,,
2043,withheld_mip_gap_not_certified,,
2044,withheld_mip_gap_not_certified,,
2045,withheld_mip_gap_not_certified,,
2046,withheld_mip_gap_not_certified,,
2047,withheld_mip_gap_not_certified,,
2048,withheld_mip_gap_not_certified,,
2049,withheld_mip_gap_not_certified,,
2050,withheld_mip_gap_not_certified,,
2051,withheld_mip_gap_not_certified,,
2052,withheld_mip_gap_not_certified,,
2053,withheld_mip_gap_not_certified,,
2054,withheld_mip_gap_not_certified,,
2055,withheld_mip_gap_not_certified,,
2056,withheld_mip_gap_not_certified,,
2057,withheld_mip_gap_not_certified,,
2058,withheld_mip_gap_not_certified,,
2059,withheld_mip_gap_not_certified,,
2060,withheld_mip_gap_not_certified,,
2061,withheld_mip_gap_not_certified,,
2062,withheld_mip_gap_not_certified,,
2063,withheld_mip_gap_not_certified,,
2064,withheld_mip_gap_not_certified,,
2065,withheld_mip_gap_not_certified,,
2066,withheld_mip_gap_not_certified,,
2067,withheld_mip_gap_not_certified,,
2068,withheld_mip_gap_not_certified,,
2069,withheld_mip_gap_not_certified,,
2070,withheld_mip_gap_not_certified,,
2071,withheld_mip_gap_not_certified,,
2072,withheld_mip_gap_not_certified,,
2073,withheld_mip_gap_not_certified,,
2074,withheld_mip_gap_not_certified,,
2075,withheld_mip_gap_not_certified,,
2076,withheld_mip_gap_not_certified,,
2077,withheld_mip_gap_not_certified,,
2078,withheld_mip_gap_not_certified,,
2079,withheld_mip_gap_not_certified,,
2080,withheld_mip_gap_not_certified,,
2081,withheld_mip_gap_not_certified,,
2082,withheld_mip_gap_not_certified,,
2083,withheld_mip_gap_not_certified,,
2084,withheld_mip_gap_not_certified,,
2085,withheld_mip_gap_not_certified,,
2086,withheld_mip_gap_not_certified,,
2087,withheld_mip_gap_not_certified,,
2088,withheld_mip_gap_not_certified,,
2089,withheld_mip_gap_not_certified,,
2090,withheld_mip_gap_not_certified,,
2091,withheld_mip_gap_not_certified,,
2092,withheld_mip_gap_not_certified,,
2093,withheld_mip_gap_not_certified,,
2094,withheld_mip_gap_not_certified,,
2095,withheld_mip_gap_not_certified,,
2096,withheld_mip_gap_not_certified,,
2097,withheld_mip_gap_not_certified,,
2098,withheld_mip_gap_not_certified,,
2099,withheld_mip_gap_not_certified,,
2100,withheld_mip_gap_not_certified,,
2101,withheld_mip_gap_not_certified,,
2102,withheld_mip_gap_not_certified,,
2103,withheld_mip_gap_not_certified,,
2104,withheld_mip_gap_not_certified,,
2105,withheld_mip_gap_not_certified,,
2106,withheld_mip_gap_not_certified,,
2107,withheld_mip_gap_not_certified,,
2108,withheld_mip_gap_not_certified,,
2109,withheld_mip_gap_not_certified,,
2110,withheld_mip_gap_not_certified,,
2111,withheld_mip_gap_not_certified,,
2112,withheld_mip_gap_not_certified,,
2113,withheld_mip_gap_not_certified,,
2114,withheld_mip_gap_not_certified,,
2115,withheld_mip_gap_not_certified,,
2116,withheld_mip_gap_not_certified,,
2117,withheld_mip_gap_not_certified,,
2118,withheld_mip_gap_not_certified,,
2119,withheld_mip_gap_not_certified,,
2120,withheld_mip_gap_not_certified,,
2121,withheld_mip_gap_not_certified,,
2122,withheld_mip_gap_not_certified,,
2123,withheld_mip_gap_not_certified,,
2124,withheld_mip_gap_not_certified,,
2125,withheld_mip_gap_not_certified,,
2126,withheld_mip_gap_not_certified,,
2127,withheld_mip_gap_not_certified,,
2128,withheld_mip_gap_not_certified,,
2129,withheld_mip_gap_not_certified,,
2130,withheld_mip_gap_not_certified,,
2131,withheld_mip_gap_not_certified,,
2132,withheld_mip_gap_not_certified,,
2133,withheld_mip_gap_not_certified,,
3001,withheld_mip_gap_not_certified,,
3002,withheld_mip_gap_not_certified,,
3003,withheld_mip_gap_not_certified,,
3004,withheld_mip_gap_not_certified,,
3005,withheld_mip_gap_not_certified,,
3006,withheld_mip_gap_not_certified,,
3007,withheld_mip_gap_not_certified,,
3008,withheld_mip_gap_not_certified,,
3009,withheld_mip_gap_not_certified,,
3010,withheld_mip_gap_not_certified,,
3011,withheld_mip_gap_not_certified,,
3012,withheld_mip_gap_not_certified,,
3013,withheld_mip_gap_not_certified,,
3014,withheld_mip_gap_not_certified,,
3015,withheld_mip_gap_not_certified,,
3016,withheld_mip_gap_not_certified,,
3017,withheld_mip_gap_not_certified,,
3018,withheld_mip_gap_not_certified,,
3019,withheld_mip_gap_not_certified,,
3020,withheld_mip_gap_not_certified,,
3021,withheld_mip_gap_not_certified,,
3022,withheld_mip_gap_not_certified,,
3023,withheld_mip_gap_not_certified,,
3024,withheld_mip_gap_not_certified,,
3025,withheld_mip_gap_not_certified,,
3026,withheld_mip_gap_not_certified,,
3027,withheld_mip_gap_not_certified,,
3028,withheld_mip_gap_not_certified,,
3029,withheld_mip_gap_not_certified,,
3030,withheld_mip_gap_not_certified,,
3031,withheld_mip_gap_not_certified,,
3032,withheld_mip_gap_not_certified,,
3033,withheld_mip_gap_not_certified,,
3034,withheld_mip_gap_not_certified,,
3035,withheld_mip_gap_not_certified,,
3036,withheld_mip_gap_not_certified,,
3037,withheld_mip_gap_not_certified,,
3038,withheld_mip_gap_not_certified,,
3039,withheld_mip_gap_not_certified,,
3040,withheld_mip_gap_not_certified,,
3041,withheld_mip_gap_not_certified,,
3042,withheld_mip_gap_not_certified,,
3043,withheld_mip_gap_not_certified,,
3044,withheld_mip_gap_not_certified,,
3045,withheld_mip_gap_not_certified,,
3046,withheld_mip_gap_not_certified,,
3047,withheld_mip_gap_not_certified,,
3048,withheld_mip_gap_not_certified,,
3049,withheld_mip_gap_not_certified,,
3050,withheld_mip_gap_not_certified,,
3051,withheld_mip_gap_not_certified,,
3052,withheld_mip_gap_not_certified,,
3053,withheld_mip_gap_not_certified,,
3054,withheld_mip_gap_not_certified,,
3055,withheld_mip_gap_not_certified,,
3056,withheld_mip_gap_not_certified,,
3057,withheld_mip_gap_not_certified,,
3058,withheld_mip_gap_not_certified,,
3059,withheld_mip_gap_not_certified,,
3060,withheld_mip_gap_not_certified,,
3061,withheld_mip_gap_not_certified,,
3062,withheld_mip_gap_not_certified,,
3063,withheld_mip_gap_not_certified,,
3064,withheld_mip_gap_not_certified,,
3065,withheld_mip_gap_not_certified,,
3066,withheld_mip_gap_not_certified,,
3067,withheld_mip_gap_not_certified,,
3068,withheld_mip_gap_not_certified,,
3069,withheld_mip_gap_not_certified,,
3070,withheld_mip_gap_not_certified,,
3071,withheld_mip_gap_not_certified,,
3072,withheld_mip_gap_not_certified,,
3073,withheld_mip_gap_not_certified,,
3074,withheld_mip_gap_not_certified,,
3075,withheld_mip_gap_not_certified,,
3076,withheld_mip_gap_not_certified,,
3077,withheld_mip_gap_not_certified,,
3078,withheld_mip_gap_not_certified,,
3079,withheld_mip_gap_not_certified,,
3080,withheld_mip_gap_not_certified,,
3081,withheld_mip_gap_not_certified,,
3082,withheld_mip_gap_not_certified,,
3083,withheld_mip_gap_not_certified,,
3084,withheld_mip_gap_not_certified,,
3085,withheld_mip_gap_not_certified,,
3086,withheld_mip_gap_not_certified,,
3087,withheld_mip_gap_not_certified,,
3088,withheld_mip_gap_not_certified,,
3089,withheld_mip_gap_not_certified,,
3090,withheld_mip_gap_not_certified,,
3091,withheld_mip_gap_not_certified,,
3092,withheld_mip_gap_not_certified,,
3093,withheld_mip_gap_not_certified,,
3094,withheld_mip_gap_not_certified,,
3095,withheld_mip_gap_not_certified,,
3096,withheld_mip_gap_not_certified,,
3097,withheld_mip_gap_not_certified,,
3098,withheld_mip_gap_not_certified,,
3099,withheld_mip_gap_not_certified,,
3100,withheld_mip_gap_not_certified,,
3101,withheld_mip_gap_not_certified,,
3102,withheld_mip_gap_not_certified,,
3103,withheld_mip_gap_not_certified,,
3104,withheld_mip_gap_not_certified,,
3105,withheld_mip_gap_not_certified,,
3106,withheld_mip_gap_not_certified,,
3107,withheld_mip_gap_not_certified,,
3108,withheld_mip_gap_not_certified,,
3109,withheld_mip_gap_not_certified,,
3110,withheld_mip_gap_not_certified,,
3111,withheld_mip_gap_not_certified,,
3112,withheld_mip_gap_not_certified,,
3113,withheld_mip_gap_not_certified,,
3114,withheld_mip_gap_not_certified,,
3115,withheld_mip_gap_not_certified,,
3116,withheld_mip_gap_not_certified,,
3117,withheld_mip_gap_not_certified,,
3118,withheld_mip_gap_not_certified,,
3119,withheld_mip_gap_not_certified,,
3120,withheld_mip_gap_not_certified,,
3121,withheld_mip_gap_not_certified,,
3122,withheld_mip_gap_not_certified,,
3123,withheld_mip_gap_not_certified,,
3124,withheld_mip_gap_not_certified,,
3125,withheld_mip_gap_not_certified,,
3126,withheld_mip_gap_not_certified,,
3127,withheld_mip_gap_not_certified,,
3128,withheld_mip_gap_not_certified,,
3129,withheld_mip_gap_not_certified,,
3130,withheld_mip_gap_not_certified,,
3131,withheld_mip_gap_not_certified,,
3132,withheld_mip_gap_not_certified,,
3133,withheld_mip_gap_not_certified,,
3134,withheld_mip_gap_not_certified,,
3135,withheld_mip_gap_not_certified,,
3136,withheld_mip_gap_not_certified,,
3137,withheld_mip_gap_not_certified,,
3138,withheld_mip_gap_not_certified,,
3139,withheld_mip_gap_not_certified,,
3140,withheld_mip_gap_not_certified,,
3141,withheld_mip_gap_not_certified,,
3142,withheld_mip_gap_not_certified,,
3143,withheld_mip_gap_not_certified,,
3144,withheld_mip_gap_not_certified,,
3145,withheld_mip_gap_not_certified,,
3146,withheld_mip_gap_not_certified,,
3147,withheld_mip_gap_not_certified,,
4002,withheld_mip_gap_not_certified,,
4003,withheld_mip_gap_not_certified,,
4004,withheld_mip_gap_not_certified,,
4005,withheld_mip_gap_not_certified,,
4006,withheld_mip_gap_not_certified,,
4007,withheld_mip_gap_not_certified,,
4008,withheld_mip_gap_not_certified,,
4009,withheld_mip_gap_not_certified,,
4010,withheld_mip_gap_not_certified,,
4011,withheld_mip_gap_not_certified,,
4012,withheld_mip_gap_not_certified,,
4013,withheld_mip_gap_not_certified,,
4014,withheld_mip_gap_not_certified,,
4015,withheld_mip_gap_not_certified,,
4016,withheld_mip_gap_not_certified,,
4017,withheld_mip_gap_not_certified,,
4018,withheld_mip_gap_not_certified,,
4019,withheld_mip_gap_not_certified,,
4020,withheld_mip_gap_not_certified,,
4021,withheld_mip_gap_not_certified,,
4022,withheld_mip_gap_not_certified,,
4023,withheld_mip_gap_not_certified,,
4024,withheld_mip_gap_not_certified,,
4025,withheld_mip_gap_not_certified,,
4026,withheld_mip_gap_not_certified,,
4027,withheld_mip_gap_not_certified,,
4028,withheld_mip_gap_not_certified,,
4029,withheld_mip_gap_not_certified,,
4030,withheld_mip_gap_not_certified,,
4031,withheld_mip_gap_not_certified,,
4032,withheld_mip_gap_not_certified,,
4033,withheld_mip_gap_not_certified,,
4034,withheld_mip_gap_not_certified,,
4035,withheld_mip_gap_not_certified,,
4036,withheld_mip_gap_not_certified,,
4037,withheld_mip_gap_not_certified,,
4038,withheld_mip_gap_not_certified,,
4039,withheld_mip_gap_not_certified,,
4040,withheld_mip_gap_not_certified,,
4041,withheld_mip_gap_not_certified,,
4042,withheld_mip_gap_not_certified,,
4043,withheld_mip_gap_not_certified,,
4044,withheld_mip_gap_not_certified,,
4045,withheld_mip_gap_not_certified,,
4046,withheld_mip_gap_not_certified,,
4047,withheld_mip_gap_not_certified,,
4048,withheld_mip_gap_not_certified,,
4049,withheld_mip_gap_not_certified,,
4050,withheld_mip_gap_not_certified,,
4051,withheld_mip_gap_not_certified,,
4052,withheld_mip_gap_not_certified,,
4053,withheld_mip_gap_not_certified,,
4054,withheld_mip_gap_not_certified,,
4055,withheld_mip_gap_not_certified,,
4056,withheld_mip_gap_not_certified,,
4057,withheld_mip_gap_not_certified,,
4058,withheld_mip_gap_not_certified,,
4059,withheld_mip_gap_not_certified,,
4060,withheld_mip_gap_not_certified,,
4061,withheld_mip_gap_not_certified,,
4062,withheld_mip_gap_not_certified,,
4063,withheld_mip_gap_not_certified,,
4064,withheld_mip_gap_not_certified,,
4065,withheld_mip_gap_not_certified,,
4066,withheld_mip_gap_not_certified,,
4067,withheld_mip_gap_not_certified,,
4068,withheld_mip_gap_not_certified,,
4069,withheld_mip_gap_not_certified,,
4070,withheld_mip_gap_not_certified,,
4071,withheld_mip_gap_not_certified,,
4072,withheld_mip_gap_not_certified,,
4073,withheld_mip_gap_not_certified,,
4074,withheld_mip_gap_not_certified,,
4075,withheld_mip_gap_not_certified,,
4076,withheld_mip_gap_not_certified,,
4077,withheld_mip_gap_not_certified,,
4078,withheld_mip_gap_not_certified,,
4079,withheld_mip_gap_not_certified,,
4080,withheld_mip_gap_not_certified,,
4081,withheld_mip_gap_not_certified,,
4082,withheld_mip_gap_not_certified,,
4083,withheld_mip_gap_not_certified,,
4084,withheld_mip_gap_not_certified,,
4085,withheld_mip_gap_not_certified,,
4086,withheld_mip_gap_not_certified,,
4087,withheld_mip_gap_not_certified,,
4088,withheld_mip_gap_not_certified,,
4089,withheld_mip_gap_not_certified,,
4090,withheld_mip_gap_not_certified,,
4091,withheld_mip_gap_not_certified,,
4092,withheld_mip_gap_not_certified,,
4093,withheld_mip_gap_not_certified,,
4094,withheld_mip_gap_not_certified,,
4095,withheld_mip_gap_not_certified,,
4096,withheld_mip_gap_not_certified,,
4097,withheld_mip_gap_not_certified,,
4098,withheld_mip_gap_not_certified,,
4099,withheld_mip_gap_not_certified,,
4100,withheld_mip_gap_not_certified,,
4101,withheld_mip_gap_not_certified,,
4102,withheld_mip_gap_not_certified,,
4103,withheld_mip_gap_not_certified,,
4104,withheld_mip_gap_not_certified,,
4105,withheld_mip_gap_not_certified,,
4106,withheld_mip_gap_not_certified,,
4107,withheld_mip_gap_not_certified,,
4108,withheld_mip_gap_not_certified,,
4109,withheld_mip_gap_not_certified,,
4110,withheld_mip_gap_not_certified,,
4111,withheld_mip_gap_not_certified,,
4112,withheld_mip_gap_not_certified,,
4113,withheld_mip_gap_not_certified,,
4114,withheld_mip_gap_not_certified,,
4115,withheld_mip_gap_not_certified,,
4116,withheld_mip_gap_not_certified,,
4117,withheld_mip_gap_not_certified,,
4118,withheld_mip_gap_not_certified,,
4119,withheld_mip_gap_not_certified,,
4120,withheld_mip_gap_not_certified,,
4121,withheld_mip_gap_not_certified,,
4122,withheld_mip_gap_not_certified,,
4123,withheld_mip_gap_not_certified,,
4124,withheld_mip_gap_not_certified,,
4125,withheld_mip_gap_not_certified,,
4126,withheld_mip_gap_not_certified,,
4127,withheld_mip_gap_not_certified,,
4128,withheld_mip_gap_not_certified,,
4129,withheld_mip_gap_not_certified,,
4130,withheld_mip_gap_not_certified,,
4131,withheld_mip_gap_not_certified,,
4132,withheld_mip_gap_not_certified,,
4133,withheld_mip_gap_not_certified,,
4134,withheld_mip_gap_not_certified,,
4135,withheld_mip_gap_not_certified,,
4136,withheld_mip_gap_not_certified,,
4137,withheld_mip_gap_not_certified,,
4138,withheld_mip_gap_not_certified,,
4139,withheld_mip_gap_not_certified,,
4140,withheld_mip_gap_not_certified,,
4141,withheld_mip_gap_not_certified,,
4142,withheld_mip_gap_not_certified,,
4143,withheld_mip_gap_not_certified,,
4144,withheld_mip_gap_not_certified,,
4145,withheld_mip_gap_not_certified,,
4146,withheld_mip_gap_not_certified,,
4147,withheld_mip_gap_not_certified,,
4148,withheld_mip_gap_not_certified,,
4149,withheld_mip_gap_not_certified,,
4150,withheld_mip_gap_not_certified,,
4151,withheld_mip_gap_not_certified,,
4152,withheld_mip_gap_not_certified,,
4153,withheld_mip_gap_not_certified,,
4154,withheld_mip_gap_not_certified,,
4155,withheld_mip_gap_not_certified,,
4156,withheld_mip_gap_not_certified,,
4157,withheld_mip_gap_not_certified,,
4158,withheld_mip_gap_not_certified,,
4159,withheld_mip_gap_not_certified,,
4160,withheld_mip_gap_not_certified,,
4161,withheld_mip_gap_not_certified,,
4162,withheld_mip_gap_not_certified,,
4163,withheld_mip_gap_not_certified,,
4164,withheld_mip_gap_not_certified,,
4165,withheld_mip_gap_not_certified,,
4166,withheld_mip_gap_not_certified,,
4167,withheld_mip_gap_not_certified,,
4168,withheld_mip_gap_not_certified,,
4169,withheld_mip_gap_not_certified,,
4170,withheld_mip_gap_not_certified,,
4171,withheld_mip_gap_not_certified,,
4172,withheld_mip_gap_not_certified,,
4173,withheld_mip_gap_not_certified,,
4174,withheld_mip_gap_not_certified,,
4175,withheld_mip_gap_not_certified,,
4176,withheld_mip_gap_not_certified,,
4177,withheld_mip_gap_not_certified,,
4178,withheld_mip_gap_not_certified,,
4179,withheld_mip_gap_not_certified,,
4180,withheld_mip_gap_not_certified,,
4181,withheld_mip_gap_not_certified,,
4182,withheld_mip_gap_not_certified,,
4183,withheld_mip_gap_not_certified,,
4184,withheld_mip_gap_not_certified,,
4185,withheld_mip_gap_not_certified,,
4186,withheld_mip_gap_not_certified,,
4187,withheld_mip_gap_not_certified,,
4188,withheld_mip_gap_not_certified,,
4189,withheld_mip_gap_not_certified,,
4190,withheld_mip_gap_not_certified,,
4191,withheld_mip_gap_not_certified,,
4192,withheld_mip_gap_not_certified,,
4193,withheld_mip_gap_not_certified,,
4194,withheld_mip_gap_not_certified,,
4195,withheld_mip_gap_not_certified,,
4196,withheld_mip_gap_not_certified,,
4197,withheld_mip_gap_not_certified,,
5003,withheld_mip_gap_not_certified,,
5004,withheld_mip_gap_not_certified,,
5005,withheld_mip_gap_not_certified,,
5006,withheld_mip_gap_not_certified,,
5007,withheld_mip_gap_not_certified,,
5008,withheld_mip_gap_not_certified,,
5009,withheld_mip_gap_not_certified,,
5010,withheld_mip_gap_not_certified,,
5011,withheld_mip_gap_not_certified,,
5012,withheld_mip_gap_not_certified,,
5013,withheld_mip_gap_not_certified,,
5014,withheld_mip_gap_not_certified,,
5015,withheld_mip_gap_not_certified,,
5016,withheld_mip_gap_not_certified,,
5017,withheld_mip_gap_not_certified,,
5018,withheld_mip_gap_not_certified,,
5019,withheld_mip_gap_not_certified,,
5020,withheld_mip_gap_not_certified,,
5021,withheld_mip_gap_not_certified,,
5022,withheld_mip_gap_not_certified,,
5023,withheld_mip_gap_not_certified,,
5024,withheld_mip_gap_not_certified,,
5025,withheld_mip_gap_not_certified,,
5026,withheld_mip_gap_not_certified,,
5027,withheld_mip_gap_not_certified,,
5028,withheld_mip_gap_not_certified,,
5029,withheld_mip_gap_not_certified,,
5030,withheld_mip_gap_not_certified,,
5031,withheld_mip_gap_not_certified,,
5032,withheld_mip_gap_not_certified,,
5033,withheld_mip_gap_not_certified,,
5034,withheld_mip_gap_not_certified,,
5035,withheld_mip_gap_not_certified,,
5036,withheld_mip_gap_not_certified,,
5037,withheld_mip_gap_not_certified,,
5038,withheld_mip_gap_not_certified,,
5039,withheld_mip_gap_not_certified,,
5040,withheld_mip_gap_not_certified,,
5041,withheld_mip_gap_not_certified,,
5042,withheld_mip_gap_not_certified,,
5043,withheld_mip_gap_not_certified,,
5044,withheld_mip_gap_not_certified,,
5045,withheld_mip_gap_not_certified,,
5046,withheld_mip_gap_not_certified,,
5047,withheld_mip_gap_not_certified,,
5048,withheld_mip_gap_not_certified,,
5049,withheld_mip_gap_not_certified,,
5050,withheld_mip_gap_not_certified,,
5051,withheld_mip_gap_not_certified,,
5052,withheld_mip_gap_not_certified,,
5053,withheld_mip_gap_not_certified,,
5054,withheld_mip_gap_not_certified,,
5055,withheld_mip_gap_not_certified,,
5056,withheld_mip_gap_not_certified,,
5057,withheld_mip_gap_not_certified,,
5058,withheld_mip_gap_not_certified,,
5059,withheld_mip_gap_not_certified,,
5060,withheld_mip_gap_not_certified,,
5061,withheld_mip_gap_not_certified,,
5062,withheld_mip_gap_not_certified,,
5063,withheld_mip_gap_not_certified,,
5064,withheld_mip_gap_not_certified,,
5065,withheld_mip_gap_not_certified,,
5066,withheld_mip_gap_not_certified,,
5067,withheld_mip_gap_not_certified,,
5068,withheld_mip_gap_not_certified,,
5069,withheld_mip_gap_not_certified,,
5070,withheld_mip_gap_not_certified,,
5071,withheld_mip_gap_not_certified,,
5072,withheld_mip_gap_not_certified,,
5073,withheld_mip_gap_not_certified,,
5074,withheld_mip_gap_not_certified,,
5075,withheld_mip_gap_not_certified,,
5076,withheld_mip_gap_not_certified,,
5077,withheld_mip_gap_not_certified,,
5078,withheld_mip_gap_not_certified,,
5079,withheld_mip_gap_not_certified,,
5080,withheld_mip_gap_not_certified,,
5081,withheld_mip_gap_not_certified,,
5082,withheld_mip_gap_not_certified,,
5083,withheld_mip_gap_not_certified,,
5084,withheld_mip_gap_not_certified,,
5085,withheld_mip_gap_not_certified,,
5086,withheld_mip_gap_not_certified,,
5087,withheld_mip_gap_not_certified,,
5088,withheld_mip_gap_not_certified,,
5089,withheld_mip_gap_not_certified,,
5090,withheld_mip_gap_not_certified,,
5091,withheld_mip_gap_not_certified,,
5092,withheld_mip_gap_not_certified,,
5093,withheld_mip_gap_not_certified,,
5094,withheld_mip_gap_not_certified,,
5095,withheld_mip_gap_not_certified,,
5096,withheld_mip_gap_not_certified,,
5097,withheld_mip_gap_not_certified,,
5098,withheld_mip_gap_not_certified,,
5099,withheld_mip_gap_not_certified,,
5100,withheld_mip_gap_not_certified,,
5101,withheld_mip_gap_not_certified,,
5102,withheld_mip_gap_not_certified,,
5103,withheld_mip_gap_not_certified,,
5104,withheld_mip_gap_not_certified,,
5105,withheld_mip_gap_not_certified,,
5106,withheld_mip_gap_not_certified,,
5107,withheld_mip_gap_not_certified,,
5108,withheld_mip_gap_not_certified,,
5109,withheld_mip_gap_not_certified,,
5110,withheld_mip_gap_not_certified,,
5111,withheld_mip_gap_not_certified,,
5112,withheld_mip_gap_not_certified,,
5113,withheld_mip_gap_not_certified,,
5114,withheld_mip_gap_not_certified,,
5115,withheld_mip_gap_not_certified,,
5116,withheld_mip_gap_not_certified,,
5117,withheld_mip_gap_not_certified,,
5118,withheld_mip_gap_not_certified,,
5119,withheld_mip_gap_not_certified,,
5120,withheld_mip_gap_not_certified,,
5121,withheld_mip_gap_not_certified,,
5122,withheld_mip_gap_not_certified,,
5123,withheld_mip_gap_not_certified,,
5124,withheld_mip_gap_not_certified,,
5125,withheld_mip_gap_not_certified,,
5126,withheld_mip_gap_not_certified,,
5127,withheld_mip_gap_not_certified,,
5128,withheld_mip_gap_not_certified,,
5129,withheld_mip_gap_not_certified,,
5130,withheld_mip_gap_not_certified,,
5131,withheld_mip_gap_not_certified,,
5132,withheld_mip_gap_not_certified,,
5133,withheld_mip_gap_not_certified,,
5134,withheld_mip_gap_not_certified,,
5135,withheld_mip_gap_not_certified,,
5136,withheld_mip_gap_not_certified,,
5137,withheld_mip_gap_not_certified,,
5138,withheld_mip_gap_not_certified,,
5139,withheld_mip_gap_not_certified,,
5140,withheld_mip_gap_not_certified,,
5141,withheld_mip_gap_not_certified,,
5142,withheld_mip_gap_not_certified,,
5143,withheld_mip_gap_not_certified,,
5144,withheld_mip_gap_not_certified,,
5145,withheld_mip_gap_not_certified,,
5146,withheld_mip_gap_not_certified,,
5147,withheld_mip_gap_not_certified,,
5148,withheld_mip_gap_not_certified,,
5149,withheld_mip_gap_not_certified,,
5150,withheld_mip_gap_not_certified,,
5151,withheld_mip_gap_not_certified,,
5152,withheld_mip_gap_not_certified,,
5153,withheld_mip_gap_not_certified,,
5154,withheld_mip_gap_not_certified,,
5155,withheld_mip_gap_not_certified,,
5156,withheld_mip_gap_not_certified,,
5157,withheld_mip_gap_not_certified,,
5158,withheld_mip_gap_not_certified,,
5159,withheld_mip_gap_not_certified,,
5160,withheld_mip_gap_not_certified,,
5161,withheld_mip_gap_not_certified,,
5162,withheld_mip_gap_not_certified,,
5163,withheld_mip_gap_not_certified,,
5164,withheld_mip_gap_not_certified,,
5165,withheld_mip_gap_not_certified,,
5166,withheld_mip_gap_not_certified,,
5167,withheld_mip_gap_not_certified,,
5168,withheld_mip_gap_not_certified,,
5169,withheld_mip_gap_not_certified,,
5170,withheld_mip_gap_not_certified,,
5171,withheld_mip_gap_not_certified,,
5172,withheld_mip_gap_not_certified,,
5173,withheld_mip_gap_not_certified,,
5174,withheld_mip_gap_not_certified,,
5175,withheld_mip_gap_not_certified,,
5176,withheld_mip_gap_not_certified,,
5177,withheld_mip_gap_not_certified,,
5178,withheld_mip_gap_not_certified,,
5179,withheld_mip_gap_not_certified,,
5180,withheld_mip_gap_not_certified,,
5181,withheld_mip_gap_not_certified,,
5182,withheld_mip_gap_not_certified,,
5183,withheld_mip_gap_not_certified,,
5184,withheld_mip_gap_not_certified,,
5185,withheld_mip_gap_not_certified,,
5186,withheld_mip_gap_not_certified,,
5187,withheld_mip_gap_not_certified,,
5188,withheld_mip_gap_not_certified,,
5189,withheld_mip_gap_not_certified,,
5190,withheld_mip_gap_not_certified,,
5191,withheld_mip_gap_not_certified,,
5192,withheld_mip_gap_not_certified,,
5193,withheld_mip_gap_not_certified,,
5194,withheld_mip_gap_not_certified,,
5195,withheld_mip_gap_not_certified,,
5196,withheld_mip_gap_not_certified,,
5197,withheld_mip_gap_not_certified,,
5198,withheld_mip_gap_not_certified,,
5199,withheld_mip_gap_not_certified,,
5200,withheld_mip_gap_not_certified,,
5201,withheld_mip_gap_not_certified,,
5202,withheld_mip_gap_not_certified,,
5203,withheld_mip_gap_not_certified,,
5204,withheld_mip_gap_not_certified,,
5205,withheld_mip_gap_not_certified,,
5206,withheld_mip_gap_not_certified,,
5207,withheld_mip_gap_not_certified,,
5208,withheld_mip_gap_not_certified,,
5209,withheld_mip_gap_not_certified,,
5210,withheld_mip_gap_not_certified,,
5211,withheld_mip_gap_not_certified,,
5212,withheld_mip_gap_not_certified,,
5213,withheld_mip_gap_not_certified,,
5214,withheld_mip_gap_not_certified,,
5215,withheld_mip_gap_not_certified,,
5216,withheld_mip_gap_not_certified,,
5217,withheld_mip_gap_not_certified,,
5218,withheld_mip_gap_not_certified,,
5219,withheld_mip_gap_not_certified,,
5220,withheld_mip_gap_not_certified,,
5221,withheld_mip_gap_not_certified,,
5222,withheld_mip_gap_not_certified,,
5223,withheld_mip_gap_not_certified,,
5224,withheld_mip_gap_not_certified,,
5225,withheld_mip_gap_not_certified,,
5226,withheld_mip_gap_not_certified,,
5227,withheld_mip_gap_not_certified,,
5228,withheld_mip_gap_not_certified,,
5229,withheld_mip_gap_not_certified,,
5230,withheld_mip_gap_not_certified,,
5231,withheld_mip_gap_not_certified,,
5232,withheld_mip_gap_not_certified,,
5233,withheld_mip_gap_not_certified,,
5234,withheld_mip_gap_not_certified,,
5235,withheld_mip_gap_not_certified,,
5236,withheld_mip_gap_not_certified,,
5237,withheld_mip_gap_not_certified,,
5238,withheld_mip_gap_not_certified,,
5239,withheld_mip_gap_not_certified,,
5240,withheld_mip_gap_not_certified,,
5241,withheld_mip_gap_not_certified,,
5242,withheld_mip_gap_not_certified,,
5243,withheld_mip_gap_not_certified,,
5244,withheld_mip_gap_not_certified,,
5245,withheld_mip_gap_not_certified,,
5246,withheld_mip_gap_not_certified,,
5247,withheld_mip_gap_not_certified,,
5248,withheld_mip_gap_not_certified,,
5249,withheld_mip_gap_not_certified,,
5250,withheld_mip_gap_not_certified,,
5251,withheld_mip_gap_not_certified,,
5252,withheld_mip_gap_not_certified,,
5253,withheld_mip_gap_not_certified,,
5254,withheld_mip_gap_not_certified,,
5255,withheld_mip_gap_not_certified,,
5256,withheld_mip_gap_not_certified,,
5257,withheld_mip_gap_not_certified,,
5258,withheld_mip_gap_not_certified,,
5259,withheld_mip_gap_not_certified,,
5260,withheld_mip_gap_not_certified,,
5261,withheld_mip_gap_not_certified,,
5262,withheld_mip_gap_not_certified,,
5263,withheld_mip_gap_not_certified,,
5264,withheld_mip_gap_not_certified,,
5265,withheld_mip_gap_not_certified,,
5266,withheld_mip_gap_not_certified,,
5267,withheld_mip_gap_not_certified,,
5268,withheld_mip_gap_not_certified,,
5269,withheld_mip_gap_not_certified,,
5270,withheld_mip_gap_not_certified,,
5271,withheld_mip_gap_not_certified,,
5272,withheld_mip_gap_not_certified,,
5273,withheld_mip_gap_not_certified,,
5274,withheld_mip_gap_not_certified,,
5275,withheld_mip_gap_not_certified,,
5276,withheld_mip_gap_not_certified,,
5277,withheld_mip_gap_not_certified,,
5278,withheld_mip_gap_not_certified,,
5279,withheld_mip_gap_not_certified,,
5280,withheld_mip_gap_not_certified,,
5281,withheld_mip_gap_not_certified,,
5282,withheld_mip_gap_not_certified,,
5283,withheld_mip_gap_not_certified,,
5284,withheld_mip_gap_not_certified,,
5285,withheld_mip_gap_not_certified,,
5286,withheld_mip_gap_not_certified,,
5287,withheld_mip_gap_not_certified,,
5288,withheld_mip_gap_not_certified,,
5289,withheld_mip_gap_not_certified,,
5290,withheld_mip_gap_not_certified,,
5291,withheld_mip_gap_not_certified,,
5292,withheld_mip_gap_not_certified,,
5293,withheld_mip_gap_not_certified,,
5294,withheld_mip_gap_not_certified,,
5295,withheld_mip_gap_not_certified,,
5296,withheld_mip_gap_not_certified,,
5297,withheld_mip_gap_not_certified,,
5298,withheld_mip_gap_not_certified,,
5299,withheld_mip_gap_not_certified,,
5300,withheld_mip_gap_not_certified,,
5301,withheld_mip_gap_not_certified,,
5302,withheld_mip_gap_not_certified,,
5303,withheld_mip_gap_not_certified,,
5304,withheld_mip_gap_not_certified,,
5305,withheld_mip_gap_not_certified,,
5306,withheld_mip_gap_not_certified,,
5307,withheld_mip_gap_not_certified,,
5308,withheld_mip_gap_not_certified,,
5309,withheld_mip_gap_not_certified,,
5310,withheld_mip_gap_not_certified,,
5311,withheld_mip_gap_not_certified,,
5312,withheld_mip_gap_not_certified,,
5313,withheld_mip_gap_not_certified,,
5314,withheld_mip_gap_not_certified,,
5315,withheld_mip_gap_not_certified,,
5316,withheld_mip_gap_not_certified,,
5317,withheld_mip_gap_not_certified,,
5318,withheld_mip_gap_not_certified,,
5319,withheld_mip_gap_not_certified,,
5320,withheld_mip_gap_not_certified,,
5321,withheld_mip_gap_not_certified,,
5322,withheld_mip_gap_not_certified,,
5323,withheld_mip_gap_not_certified,,
5324,withheld_mip_gap_not_certified,,
5325,withheld_mip_gap_not_certified,,
5326,withheld_mip_gap_not_certified,,
5327,withheld_mip_gap_not_certified,,
5328,withheld_mip_gap_not_certified,,
5329,withheld_mip_gap_not_certified,,
5330,withheld_mip_gap_not_certified,,
5331,withheld_mip_gap_not_certified,,
5332,withheld_mip_gap_not_certified,,
5333,withheld_mip_gap_not_certified,,
5334,withheld_mip_gap_not_certified,,
5335,withheld_mip_gap_not_certified,,
5336,withheld_mip_gap_not_certified,,
5337,withheld_mip_gap_not_certified,,
5338,withheld_mip_gap_not_certified,,
5339,withheld_mip_gap_not_certified,,
5340,withheld_mip_gap_not_certified,,
5341,withheld_mip_gap_not_certified,,
5342,withheld_mip_gap_not_certified,,
5343,withheld_mip_gap_not_certified,,
5344,withheld_mip_gap_not_certified,,
5345,withheld_mip_gap_not_certified,,
5346,withheld_mip_gap_not_certified,,
5347,withheld_mip_gap_not_certified,,
5348,withheld_mip_gap_not_certified,,
5349,withheld_mip_gap_not_certified,,
5350,withheld_mip_gap_not_certified,,
5351,withheld_mip_gap_not_certified,,
5352,withheld_mip_gap_not_certified,,
5353,withheld_mip_gap_not_certified,,
5354,withheld_mip_gap_not_certified,,
5355,withheld_mip_gap_not_certified,,
5356,withheld_mip_gap_not_certified,,
5357,withheld_mip_gap_not_certified,,
5358,withheld_mip_gap_not_certified,,
5359,withheld_mip_gap_not_certified,,
5360,withheld_mip_gap_not_certified,,
5361,withheld_mip_gap_not_certified,,
5362,withheld_mip_gap_not_certified,,
5363,withheld_mip_gap_not_certified,,
5364,withheld_mip_gap_not_certified,,
5365,withheld_mip_gap_not_certified,,
5366,withheld_mip_gap_not_certified,,
5367,withheld_mip_gap_not_certified,,
5368,withheld_mip_gap_not_certified,,
5369,withheld_mip_gap_not_certified,,
5370,withheld_mip_gap_not_certified,,
5371,withheld_mip_gap_not_certified,,
5372,withheld_mip_gap_not_certified,,
5373,withheld_mip_gap_not_certified,,
5374,withheld_mip_gap_not_certified,,
5375,withheld_mip_gap_not_certified,,
5376,withheld_mip_gap_not_certified,,
5377,withheld_mip_gap_not_certified,,
5378,withheld_mip_gap_not_certified,,
5379,withheld_mip_gap_not_certified,,
5380,withheld_mip_gap_not_certified,,
5381,withheld_mip_gap_not_certified,,
5382,withheld_mip_gap_not_certified,,
5383,withheld_mip_gap_not_certified,,
5384,withheld_mip_gap_not_certified,,
5385,withheld_mip_gap_not_certified,,
5386,withheld_mip_gap_not_certified,,
5387,withheld_mip_gap_not_certified,,
5388,withheld_mip_gap_not_certified,,
5389,withheld_mip_gap_not_certified,,
5390,withheld_mip_gap_not_certified,,
5391,withheld_mip_gap_not_certified,,
5392,withheld_mip_gap_not_certified,,
5393,withheld_mip_gap_not_certified,,
5394,withheld_mip_gap_not_certified,,
5395,withheld_mip_gap_not_certified,,
5396,withheld_mip_gap_not_certified,,
5397,withheld_mip_gap_not_certified,,
5398,withheld_mip_gap_not_certified,,
5399,withheld_mip_gap_not_certified,,
5400,withheld_mip_gap_not_certified,,
5401,withheld_mip_gap_not_certified,,
5402,withheld_mip_gap_not_certified,,
5403,withheld_mip_gap_not_certified,,
5404,withheld_mip_gap_not_certified,,
5405,withheld_mip_gap_not_certified,,
5406,withheld_mip_gap_not_certified,,
5407,withheld_mip_gap_not_certified,,
5408,withheld_mip_gap_not_certified,,
5409,withheld_mip_gap_not_certified,,
5410,withheld_mip_gap_not_certified,,
5411,withheld_mip_gap_not_certified,,
5412,withheld_mip_gap_not_certified,,
5413,withheld_mip_gap_not_certified,,
5414,withheld_mip_gap_not_certified,,
5415,withheld_mip_gap_not_certified,,
5416,withheld_mip_gap_not_certified,,
5417,withheld_mip_gap_not_certified,,
5418,withheld_mip_gap_not_certified,,
5419,withheld_mip_gap_not_certified,,
5420,withheld_mip_gap_not_certified,,
5421,withheld_mip_gap_not_certified,,
5422,withheld_mip_gap_not_certified,,
5423,withheld_mip_gap_not_certified,,
5424,withheld_mip_gap_not_certified,,
5425,withheld_mip_gap_not_certified,,
5426,withheld_mip_gap_not_certified,,
5427,withheld_mip_gap_not_certified,,
5428,withheld_mip_gap_not_certified,,
5429,withheld_mip_gap_not_certified,,
5430,withheld_mip_gap_not_certified,,
5431,withheld_mip_gap_not_certified,,
5432,withheld_mip_gap_not_certified,,
5433,withheld_mip_gap_not_certified,,
5434,withheld_mip_gap_not_certified,,
5435,withheld_mip_gap_not_certified,,
5436,withheld_mip_gap_not_certified,,
5437,withheld_mip_gap_not_certified,,
5438,withheld_mip_gap_not_certified,,
5439,withheld_mip_gap_not_certified,,
5440,withheld_mip_gap_not_certified,,
5441,withheld_mip_gap_not_certified,,
5442,withheld_mip_gap_not_certified,,
5443,withheld_mip_gap_not_certified,,
5444,withheld_mip_gap_not_certified,,
5445,withheld_mip_gap_not_certified,,
5446,withheld_mip_gap_not_certified,,
5447,withheld_mip_gap_not_certified,,
5448,withheld_mip_gap_not_certified,,
5449,withheld_mip_gap_not_certified,,
5450,withheld_mip_gap_not_certified,,
5451,withheld_mip_gap_not_certified,,
5452,withheld_mip_gap_not_certified,,
5453,withheld_mip_gap_not_certified,,
5454,withheld_mip_gap_not_certified,,
5455,withheld_mip_gap_not_certified,,
5456,withheld_mip_gap_not_certified,,
5457,withheld_mip_gap_not_certified,,
5458,withheld_mip_gap_not_certified,,
5459,withheld_mip_gap_not_certified,,
5460,withheld_mip_gap_not_certified,,
5461,withheld_mip_gap_not_certified,,
5462,withheld_mip_gap_not_certified,,
5463,withheld_mip_gap_not_certified,,
5464,withheld_mip_gap_not_certified,,
5465,withheld_mip_gap_not_certified,,
5466,withheld_mip_gap_not_certified,,
5467,withheld_mip_gap_not_certified,,
5468,withheld_mip_gap_not_certified,,
5469,withheld_mip_gap_not_certified,,
5470,withheld_mip_gap_not_certified,,
5471,withheld_mip_gap_not_certified,,
5472,withheld_mip_gap_not_certified,,
5473,withheld_mip_gap_not_certified,,
5474,withheld_mip_gap_not_certified,,
5475,withheld_mip_gap_not_certified,,
5476,withheld_mip_gap_not_certified,,
5477,withheld_mip_gap_not_certified,,
5478,withheld_mip_gap_not_certified,,
5479,withheld_mip_gap_not_certified,,
5480,withheld_mip_gap_not_certified,,
5481,withheld_mip_gap_not_certified,,
5482,withheld_mip_gap_not_certified,,
5483,withheld_mip_gap_not_certified,,
5484,withheld_mip_gap_not_certified,,
5485,withheld_mip_gap_not_certified,,
6001,withheld_mip_gap_not_certified,,
6002,withheld_mip_gap_not_certified,,
6003,withheld_mip_gap_not_certified,,
6004,withheld_mip_gap_not_certified,,
6005,withheld_mip_gap_not_certified,,
6006,withheld_mip_gap_not_certified,,
6007,withheld_mip_gap_not_certified,,
6008,withheld_mip_gap_not_certified,,
6009,withheld_mip_gap_not_certified,,
6010,withheld_mip_gap_not_certified,,
6011,withheld_mip_gap_not_certified,,
6012,withheld_mip_gap_not_certified,,
6013,withheld_mip_gap_not_certified,,
6014,withheld_mip_gap_not_certified,,
6015,withheld_mip_gap_not_certified,,
6016,withheld_mip_gap_not_certified,,
6017,withheld_mip_gap_not_certified,,
6018,withheld_mip_gap_not_certified,,
6019,withheld_mip_gap_not_certified,,
6020,withheld_mip_gap_not_certified,,
6021,withheld_mip_gap_not_certified,,
6022,withheld_mip_gap_not_certified,,
6023,withheld_mip_gap_not_certified,,
6024,withheld_mip_gap_not_certified,,
6025,withheld_mip_gap_not_certified,,
6026,withheld_mip_gap_not_certified,,
6027,withheld_mip_gap_not_certified,,
6028,withheld_mip_gap_not_certified,,
6029,withheld_mip_gap_not_certified,,
6030,withheld_mip_gap_not_certified,,
6031,withheld_mip_gap_not_certified,,
6032,withheld_mip_gap_not_certified,,
6033,withheld_mip_gap_not_certified,,
6034,withheld_mip_gap_not_certified,,
6035,withheld_mip_gap_not_certified,,
6036,withheld_mip_gap_not_certified,,
6037,withheld_mip_gap_not_certified,,
6038,withheld_mip_gap_not_certified,,
6039,withheld_mip_gap_not_certified,,
6040,withheld_mip_gap_not_certified,,
6041,withheld_mip_gap_not_certified,,
6042,withheld_mip_gap_not_certified,,
6043,withheld_mip_gap_not_certified,,
6044,withheld_mip_gap_not_certified,,
6045,withheld_mip_gap_not_certified,,
6046,withheld_mip_gap_not_certified,,
6047,withheld_mip_gap_not_certified,,
6048,withheld_mip_gap_not_certified,,
6049,withheld_mip_gap_not_certified,,
6050,withheld_mip_gap_not_certified,,
6051,withheld_mip_gap_not_certified,,
6052,withheld_mip_gap_not_certified,,
6053,withheld_mip_gap_not_certified,,
6054,withheld_mip_gap_not_certified,,
6055,withheld_mip_gap_not_certified,,
6056,withheld_mip_gap_not_certified,,
6057,withheld_mip_gap_not_certified,,
6058,withheld_mip_gap_not_certified,,
6059,withheld_mip_gap_not_certified,,
6060,withheld_mip_gap_not_certified,,
6061,withheld_mip_gap_not_certified,,
6062,withheld_mip_gap_not_certified,,
6063,withheld_mip_gap_not_certified,,
6064,withheld_mip_gap_not_certified,,
6065,withheld_mip_gap_not_certified,,
6066,withheld_mip_gap_not_certified,,
6067,withheld_mip_gap_not_certified,,
6068,withheld_mip_gap_not_certified,,
6069,withheld_mip_gap_not_certified,,
6070,withheld_mip_gap_not_certified,,
6071,withheld_mip_gap_not_certified,,
6072,withheld_mip_gap_not_certified,,
6073,withheld_mip_gap_not_certified,,
6074,withheld_mip_gap_not_certified,,
6075,withheld_mip_gap_not_certified,,
6076,withheld_mip_gap_not_certified,,
6077,withheld_mip_gap_not_certified,,
6078,withheld_mip_gap_not_certified,,
6079,withheld_mip_gap_not_certified,,
6080,withheld_mip_gap_not_certified,,
6081,withheld_mip_gap_not_certified,,
6082,withheld_mip_gap_not_certified,,
6083,withheld_mip_gap_not_certified,,
6084,withheld_mip_gap_not_certified,,
6085,withheld_mip_gap_not_certified,,
6086,withheld_mip_gap_not_certified,,
6087,withheld_mip_gap_not_certified,,
6088,withheld_mip_gap_not_certified,,
6089,withheld_mip_gap_not_certified,,
6090,withheld_mip_gap_not_certified,,
6091,withheld_mip_gap_not_certified,,
6092,withheld_mip_gap_not_certified,,
6093,withheld_mip_gap_not_certified,,
6094,withheld_mip_gap_not_certified,,
6095,withheld_mip_gap_not_certified,,
6096,withheld_mip_gap_not_certified,,
6097,withheld_mip_gap_not_certified,,
6098,withheld_mip_gap_not_certified,,
6099,withheld_mip_gap_not_certified,,
6100,withheld_mip_gap_not_certified,,
6101,withheld_mip_gap_not_certified,,
6102,withheld_mip_gap_not_certified,,
6103,withheld_mip_gap_not_certified,,
6104,withheld_mip_gap_not_certified,,
6105,withheld_mip_gap_not_certified,,
6106,withheld_mip_gap_not_certified,,
6107,withheld_mip_gap_not_certified,,
6108,withheld_mip_gap_not_certified,,
6109,withheld_mip_gap_not_certified,,
6110,withheld_mip_gap_not_certified,,
6111,withheld_mip_gap_not_certified,,
6112,withheld_mip_gap_not_certified,,
6113,withheld_mip_gap_not_certified,,
6114,withheld_mip_gap_not_certified,,
6115,withheld_mip_gap_not_certified,,
6116,withheld_mip_gap_not_certified,,
6117,withheld_mip_gap_not_certified,,
6118,withheld_mip_gap_not_certified,,
6119,withheld_mip_gap_not_certified,,
6120,withheld_mip_gap_not_certified,,
6121,withheld_mip_gap_not_certified,,
6122,withheld_mip_gap_not_certified,,
6123,withheld_mip_gap_not_certified,,
6124,withheld_mip_gap_not_certified,,
6125,withheld_mip_gap_not_certified,,
6126,withheld_mip_gap_not_certified,,
6127,withheld_mip_gap_not_certified,,
6128,withheld_mip_gap_not_certified,,
6129,withheld_mip_gap_not_certified,,
6130,withheld_mip_gap_not_certified,,
6131,withheld_mip_gap_not_certified,,
6132,withheld_mip_gap_not_certified,,
6133,withheld_mip_gap_not_certified,,
6134,withheld_mip_gap_not_certified,,
6135,withheld_mip_gap_not_certified,,
6136,withheld_mip_gap_not_certified,,
6137,withheld_mip_gap_not_certified,,
6138,withheld_mip_gap_not_certified,,
6139,withheld_mip_gap_not_certified,,
6140,withheld_mip_gap_not_certified,,
6141,withheld_mip_gap_not_certified,,
6142,withheld_mip_gap_not_certified,,
6143,withheld_mip_gap_not_certified,,
6144,withheld_mip_gap_not_certified,,
6145,withheld_mip_gap_not_certified,,
6146,withheld_mip_gap_not_certified,,
6147,withheld_mip_gap_not_certified,,
6148,withheld_mip_gap_not_certified,,
6149,withheld_mip_gap_not_certified,,
6150,withheld_mip_gap_not_certified,,
6151,withheld_mip_gap_not_certified,,
6152,withheld_mip_gap_not_certified,,
6153,withheld_mip_gap_not_certified,,
6154,withheld_mip_gap_not_certified,,
6155,withheld_mip_gap_not_certified,,
6156,withheld_mip_gap_not_certified,,
6157,withheld_mip_gap_not_certified,,
6158,withheld_mip_gap_not_certified,,
6159,withheld_mip_gap_not_certified,,
6160,withheld_mip_gap_not_certified,,
6161,withheld_mip_gap_not_certified,,
6162,withheld_mip_gap_not_certified,,
6163,withheld_mip_gap_not_certified,,
6164,withheld_mip_gap_not_certified,,
6165,withheld_mip_gap_not_certified,,
6166,withheld_mip_gap_not_certified,,
6167,withheld_mip_gap_not_certified,,
6168,withheld_mip_gap_not_certified,,
6169,withheld_mip_gap_not_certified,,
6170,withheld_mip_gap_not_certified,,
6171,withheld_mip_gap_not_certified,,
6172,withheld_mip_gap_not_certified,,
6173,withheld_mip_gap_not_certified,,
6174,withheld_mip_gap_not_certified,,
6175,withheld_mip_gap_not_certified,,
6176,withheld_mip_gap_not_certified,,
6177,withheld_mip_gap_not_certified,,
6178,withheld_mip_gap_not_certified,,
6179,withheld_mip_gap_not_certified,,
6180,withheld_mip_gap_not_certified,,
6181,withheld_mip_gap_not_certified,,
6182,withheld_mip_gap_not_certified,,
6183,withheld_mip_gap_not_certified,,
6184,withheld_mip_gap_not_certified,,
6185,withheld_mip_gap_not_certified,,
6186,withheld_mip_gap_not_certified,,
6187,withheld_mip_gap_not_certified,,
6188,withheld_mip_gap_not_certified,,
6189,withheld_mip_gap_not_certified,,
6190,withheld_mip_gap_not_certified,,
6191,withheld_mip_gap_not_certified,,
6192,withheld_mip_gap_not_certified,,
6193,withheld_mip_gap_not_certified,,
6194,withheld_mip_gap_not_certified,,
6195,withheld_mip_gap_not_certified,,
6196,withheld_mip_gap_not_certified,,
6197,withheld_mip_gap_not_certified,,
6198,withheld_mip_gap_not_certified,,
6199,withheld_mip_gap_not_certified,,
6200,withheld_mip_gap_not_certified,,
6201,withheld_mip_gap_not_certified,,
6202,withheld_mip_gap_not_certified,,
6203,withheld_mip_gap_not_certified,,
6204,withheld_mip_gap_not_certified,,
6205,withheld_mip_gap_not_certified,,
6206,withheld_mip_gap_not_certified,,
6207,withheld_mip_gap_not_certified,,
6208,withheld_mip_gap_not_certified,,
6209,withheld_mip_gap_not_certified,,
6210,withheld_mip_gap_not_certified,,
6211,withheld_mip_gap_not_certified,,
6212,withheld_mip_gap_not_certified,,
6213,withheld_mip_gap_not_certified,,
6214,withheld_mip_gap_not_certified,,
6215,withheld_mip_gap_not_certified,,
6216,withheld_mip_gap_not_certified,,
6217,withheld_mip_gap_not_certified,,
6218,withheld_mip_gap_not_certified,,
6219,withheld_mip_gap_not_certified,,
6220,withheld_mip_gap_not_certified,,
6221,withheld_mip_gap_not_certified,,
6222,withheld_mip_gap_not_certified,,
6223,withheld_mip_gap_not_certified,,
6224,withheld_mip_gap_not_certified,,
6225,withheld_mip_gap_not_certified,,
6226,withheld_mip_gap_not_certified,,
6227,withheld_mip_gap_not_certified,,
6228,withheld_mip_gap_not_certified,,
6229,withheld_mip_gap_not_certified,,
6230,withheld_mip_gap_not_certified,,
6231,withheld_mip_gap_not_certified,,
6232,withheld_mip_gap_not_certified,,
6233,withheld_mip_gap_not_certified,,
6234,withheld_mip_gap_not_certified,,
6235,withheld_mip_gap_not_certified,,
6236,withheld_mip_gap_not_certified,,
6237,withheld_mip_gap_not_certified,,
6238,withheld_mip_gap_not_certified,,
6239,withheld_mip_gap_not_certified,,
6240,withheld_mip_gap_not_certified,,
6241,withheld_mip_gap_not_certified,,
6242,withheld_mip_gap_not_certified,,
6243,withheld_mip_gap_not_certified,,
6244,withheld_mip_gap_not_certified,,
6245,withheld_mip_gap_not_certified,,
6246,withheld_mip_gap_not_certified,,
6247,withheld_mip_gap_not_certified,,
6248,withheld_mip_gap_not_certified,,
6249,withheld_mip_gap_not_certified,,
6250,withheld_mip_gap_not_certified,,
6251,withheld_mip_gap_not_certified,,
6252,withheld_mip_gap_not_certified,,
6253,withheld_mip_gap_not_certified,,
6254,withheld_mip_gap_not_certified,,
6255,withheld_mip_gap_not_certified,,
6256,withheld_mip_gap_not_certified,,
6257,withheld_mip_gap_not_certified,,
6258,withheld_mip_gap_not_certified,,
6259,withheld_mip_gap_not_certified,,
6260,withheld_mip_gap_not_certified,,
6261,withheld_mip_gap_not_certified,,
6262,withheld_mip_gap_not_certified,,
6263,withheld_mip_gap_not_certified,,
6264,withheld_mip_gap_not_certified,,
6265,withheld_mip_gap_not_certified,,
6266,withheld_mip_gap_not_certified,,
6267,withheld_mip_gap_not_certified,,
6268,withheld_mip_gap_not_certified,,
6269,withheld_mip_gap_not_certified,,
6270,withheld_mip_gap_not_certified,,
6271,withheld_mip_gap_not_certified,,
6272,withheld_mip_gap_not_certified,,
6273,withheld_mip_gap_not_certified,,
6274,withheld_mip_gap_not_certified,,
6275,withheld_mip_gap_not_certified,,
6276,withheld_mip_gap_not_certified,,
6277,withheld_mip_gap_not_certified,,
6278,withheld_mip_gap_not_certified,,
6279,withheld_mip_gap_not_certified,,
6280,withheld_mip_gap_not_certified,,
6281,withheld_mip_gap_not_certified,,
6282,withheld_mip_gap_not_certified,,
6283,withheld_mip_gap_not_certified,,
6284,withheld_mip_gap_not_certified,,
6285,withheld_mip_gap_not_certified,,
6286,withheld_mip_gap_not_certified,,
6287,withheld_mip_gap_not_certified,,
6288,withheld_mip_gap_not_certified,,
6289,withheld_mip_gap_not_certified,,
6290,withheld_mip_gap_not_certified,,
6291,withheld_mip_gap_not_certified,,
6292,withheld_mip_gap_not_certified,,
6293,withheld_mip_gap_not_certified,,
6294,withheld_mip_gap_not_certified,,
6295,withheld_mip_gap_not_certified,,
6296,withheld_mip_gap_not_certified,,
6297,withheld_mip_gap_not_certified,,
6298,withheld_mip_gap_not_certified,,
6299,withheld_mip_gap_not_certified,,
6300,withheld_mip_gap_not_certified,,
6301,withheld_mip_gap_not_certified,,
6302,withheld_mip_gap_not_certified,,
6303,withheld_mip_gap_not_certified,,
6304,withheld_mip_gap_not_certified,,
6305,withheld_mip_gap_not_certified,,
6306,withheld_mip_gap_not_certified,,
6307,withheld_mip_gap_not_certified,,
6308,withheld_mip_gap_not_certified,,
6309,withheld_mip_gap_not_certified,,
6310,withheld_mip_gap_not_certified,,
6311,withheld_mip_gap_not_certified,,
6312,withheld_mip_gap_not_certified,,
6313,withheld_mip_gap_not_certified,,
6314,withheld_mip_gap_not_certified,,
6315,withheld_mip_gap_not_certified,,
6316,withheld_mip_gap_not_certified,,
6317,withheld_mip_gap_not_certified,,
6318,withheld_mip_gap_not_certified,,
6319,withheld_mip_gap_not_certified,,
6320,withheld_mip_gap_not_certified,,
6321,withheld_mip_gap_not_certified,,
6322,withheld_mip_gap_not_certified,,
6323,withheld_mip_gap_not_certified,,
6324,withheld_mip_gap_not_certified,,
6325,withheld_mip_gap_not_certified,,
6326,withheld_mip_gap_not_certified,,
6327,withheld_mip_gap_not_certified,,
6328,withheld_mip_gap_not_certified,,
6329,withheld_mip_gap_not_certified,,
6330,withheld_mip_gap_not_certified,,
6331,withheld_mip_gap_not_certified,,
6332,withheld_mip_gap_not_certified,,
6333,withheld_mip_gap_not_certified,,
6334,withheld_mip_gap_not_certified,,
6335,withheld_mip_gap_not_certified,,
6336,withheld_mip_gap_not_certified,,
6337,withheld_mip_gap_not_certified,,
6338,withheld_mip_gap_not_certified,,
6339,withheld_mip_gap_not_certified,,
6340,withheld_mip_gap_not_certified,,
6341,withheld_mip_gap_not_certified,,
6342,withheld_mip_gap_not_certified,,
6343,withheld_mip_gap_not_certified,,
6344,withheld_mip_gap_not_certified,,
6345,withheld_mip_gap_not_certified,,
6346,withheld_mip_gap_not_certified,,
6349,withheld_mip_gap_not_certified,,
6350,withheld_mip_gap_not_certified,,
6351,withheld_mip_gap_not_certified,,
6352,withheld_mip_gap_not_certified,,
6353,withheld_mip_gap_not_certified,,
6354,withheld_mip_gap_not_certified,,
6355,withheld_mip_gap_not_certified,,
6356,withheld_mip_gap_not_certified,,
6357,withheld_mip_gap_not_certified,,
6358,withheld_mip_gap_not_certified,,
6359,withheld_mip_gap_not_certified,,
6360,withheld_mip_gap_not_certified,,
7001,withheld_mip_gap_not_certified,,
7002,withheld_mip_gap_not_certified,,
7003,withheld_mip_gap_not_certified,,
7004,withheld_mip_gap_not_certified,,
7005,withheld_mip_gap_not_certified,,
7006,withheld_mip_gap_not_certified,,
7007,withheld_mip_gap_not_certified,,
7008,withheld_mip_gap_not_certified,,
7009,withheld_mip_gap_not_certified,,
7010,withheld_mip_gap_not_certified,,
7011,withheld_mip_gap_not_certified,,
7012,withheld_mip_gap_not_certified,,
7013,withheld_mip_gap_not_certified,,
7014,withheld_mip_gap_not_certified,,
7015,withheld_mip_gap_not_certified,,
7016,withheld_mip_gap_not_certified,,
7017,withheld_mip_gap_not_certified,,
7018,withheld_mip_gap_not_certified,,
7019,withheld_mip_gap_not_certified,,
7020,withheld_mip_gap_not_certified,,
7021,withheld_mip_gap_not_certified,,
7022,withheld_mip_gap_not_certified,,
7023,withheld_mip_gap_not_certified,,
7024,withheld_mip_gap_not_certified,,
7025,withheld_mip_gap_not_certified,,
7026,withheld_mip_gap_not_certified,,
7027,withheld_mip_gap_not_certified,,
7028,withheld_mip_gap_not_certified,,
7029,withheld_mip_gap_not_certified,,
7030,withheld_mip_gap_not_certified,,
7031,withheld_mip_gap_not_certified,,
7032,withheld_mip_gap_not_certified,,
7033,withheld_mip_gap_not_certified,,
7034,withheld_mip_gap_not_certified,,
7035,withheld_mip_gap_not_certified,,
7036,withheld_mip_gap_not_certified,,
7037,withheld_mip_gap_not_certified,,
7038,withheld_mip_gap_not_certified,,
7039,withheld_mip_gap_not_certified,,
7040,withheld_mip_gap_not_certified,,
7041,withheld_mip_gap_not_certified,,
7042,withheld_mip_gap_not_certified,,
7043,withheld_mip_gap_not_certified,,
7044,withheld_mip_gap_not_certified,,
7045,withheld_mip_gap_not_certified,,
7046,withheld_mip_gap_not_certified,,
7047,withheld_mip_gap_not_certified,,
7048,withheld_mip_gap_not_certified,,
7049,withheld_mip_gap_not_certified,,
7050,withheld_mip_gap_not_certified,,
7051,withheld_mip_gap_not_certified,,
7052,withheld_mip_gap_not_certified,,
7053,withheld_mip_gap_not_certified,,
7054,withheld_mip_gap_not_certified,,
7055,withheld_mip_gap_not_certified,,
7056,withheld_mip_gap_not_certified,,
7057,withheld_mip_gap_not_certified,,
7058,withheld_mip_gap_not_certified,,
7059,withheld_mip_gap_not_certified,,
7060,withheld_mip_gap_not_certified,,
7061,withheld_mip_gap_not_certified,,
7062,withheld_mip_gap_not_certified,,
7063,withheld_mip_gap_not_certified,,
7064,withheld_mip_gap_not_certified,,
7065,withheld_mip_gap_not_certified,,
7066,withheld_mip_gap_not_certified,,
7067,withheld_mip_gap_not_certified,,
7068,withheld_mip_gap_not_certified,,
7069,withheld_mip_gap_not_certified,,
7070,withheld_mip_gap_not_certified,,
7071,withheld_mip_gap_not_certified,,
7072,withheld_mip_gap_not_certified,,
7073,withheld_mip_gap_not_certified,,
7074,withheld_mip_gap_not_certified,,
7075,withheld_mip_gap_not_certified,,
7076,withheld_mip_gap_not_certified,,
7077,withheld_mip_gap_not_certified,,
7078,withheld_mip_gap_not_certified,,
7079,withheld_mip_gap_not_certified,,
7080,withheld_mip_gap_not_certified,,
7081,withheld_mip_gap_not_certified,,
7082,withheld_mip_gap_not_certified,,
7083,withheld_mip_gap_not_certified,,
7084,withheld_mip_gap_not_certified,,
7085,withheld_mip_gap_not_certified,,
7086,withheld_mip_gap_not_certified,,
7087,withheld_mip_gap_not_certified,,
7088,withheld_mip_gap_not_certified,,
7089,withheld_mip_gap_not_certified,,
7090,withheld_mip_gap_not_certified,,
7091,withheld_mip_gap_not_certified,,
7092,withheld_mip_gap_not_certified,,
7093,withheld_mip_gap_not_certified,,
7094,withheld_mip_gap_not_certified,,
7095,withheld_mip_gap_not_certified,,
7096,withheld_mip_gap_not_certified,,
7097,withheld_mip_gap_not_certified,,
7098,withheld_mip_gap_not_certified,,
7099,withheld_mip_gap_not_certified,,
7100,withheld_mip_gap_not_certified,,
7101,withheld_mip_gap_not_certified,,
7102,withheld_mip_gap_not_certified,,
7103,withheld_mip_gap_not_certified,,
7104,withheld_mip_gap_not_certified,,
7105,withheld_mip_gap_not_certified,,
7106,withheld_mip_gap_not_certified,,
7107,withheld_mip_gap_not_certified,,
7108,withheld_mip_gap_not_certified,,
7109,withheld_mip_gap_not_certified,,
7110,withheld_mip_gap_not_certified,,
7111,withheld_mip_gap_not_certified,,
7112,withheld_mip_gap_not_certified,,
7113,withheld_mip_gap_not_certified,,
7114,withheld_mip_gap_not_certified,,
7115,withheld_mip_gap_not_certified,,
7116,withheld_mip_gap_not_certified,,
7117,withheld_mip_gap_not_certified,,
7118,withheld_mip_gap_not_certified,,
7119,withheld_mip_gap_not_certified,,
7120,withheld_mip_gap_not_certified,,
7121,withheld_mip_gap_not_certified,,
7122,withheld_mip_gap_not_certified,,
7123,withheld_mip_gap_not_certified,,
7124,withheld_mip_gap_not_certified,,
7125,withheld_mip_gap_not_certified,,
7126,withheld_mip_gap_not_certified,,
7127,withheld_mip_gap_not_certified,,
7128,withheld_mip_gap_not_certified,,
7129,withheld_mip_gap_not_certified,,
7130,withheld_mip_gap_not_certified,,
7131,withheld_mip_gap_not_certified,,
7132,withheld_mip_gap_not_certified,,
7133,withheld_mip_gap_not_certified,,
7134,withheld_mip_gap_not_certified,,
7135,withheld_mip_gap_not_certified,,
7136,withheld_mip_gap_not_certified,,
7137,withheld_mip_gap_not_certified,,
7138,withheld_mip_gap_not_certified,,
7139,withheld_mip_gap_not_certified,,
7140,withheld_mip_gap_not_certified,,
7141,withheld_mip_gap_not_certified,,
7142,withheld_mip_gap_not_certified,,
7143,withheld_mip_gap_not_certified,,
7144,withheld_mip_gap_not_certified,,
7145,withheld_mip_gap_not_certified,,
7146,withheld_mip_gap_not_certified,,
7147,withheld_mip_gap_not_certified,,
7148,withheld_mip_gap_not_certified,,
7149,withheld_mip_gap_not_certified,,
7150,withheld_mip_gap_not_certified,,
7151,withheld_mip_gap_not_certified,,
7152,withheld_mip_gap_not_certified,,
7153,withheld_mip_gap_not_certified,,
7154,withheld_mip_gap_not_certified,,
7155,withheld_mip_gap_not_certified,,
7156,withheld_mip_gap_not_certified,,
7157,withheld_mip_gap_not_certified,,
7158,withheld_mip_gap_not_certified,,
7159,withheld_mip_gap_not_certified,,
7160,withheld_mip_gap_not_certified,,
7161,withheld_mip_gap_not_certified,,
7162,withheld_mip_gap_not_certified,,
7163,withheld_mip_gap_not_certified,,
7164,withheld_mip_gap_not_certified,,
7165,withheld_mip_gap_not_certified,,
7166,withheld_mip_gap_not_certified,,
7167,withheld_mip_gap_not_certified,,
7168,withheld_mip_gap_not_certified,,
7169,withheld_mip_gap_not_certified,,
7170,withheld_mip_gap_not_certified,,
7171,withheld_mip_gap_not_certified,,
7172,withheld_mip_gap_not_certified,,
7173,withheld_mip_gap_not_certified,,
7174,withheld_mip_gap_not_certified,,
7175,withheld_mip_gap_not_certified,,
7176,withheld_mip_gap_not_certified,,
7177,withheld_mip_gap_not_certified,,
7178,withheld_mip_gap_not_certified,,
7179,withheld_mip_gap_not_certified,,
7180,withheld_mip_gap_not_certified,,
7181,withheld_mip_gap_not_certified,,
7182,withheld_mip_gap_not_certified,,
7183,withheld_mip_gap_not_certified,,
7184,withheld_mip_gap_not_certified,,
7185,withheld_mip_gap_not_certified,,
7186,withheld_mip_gap_not_certified,,
7187,withheld_mip_gap_not_certified,,
7188,withheld_mip_gap_not_certified,,
7189,withheld_mip_gap_not_certified,,
7190,withheld_mip_gap_not_certified,,
7191,withheld_mip_gap_not_certified,,
7192,withheld_mip_gap_not_certified,,
7193,withheld_mip_gap_not_certified,,
7194,withheld_mip_gap_not_certified,,
7195,withheld_mip_gap_not_certified,,
7196,withheld_mip_gap_not_certified,,
7197,withheld_mip_gap_not_certified,,
7198,withheld_mip_gap_not_certified,,
7199,withheld_mip_gap_not_certified,,
7200,withheld_mip_gap_not_certified,,
7201,withheld_mip_gap_not_certified,,
7202,withheld_mip_gap_not_certified,,
7203,withheld_mip_gap_not_certified,,
7204,withheld_mip_gap_not_certified,,
7205,withheld_mip_gap_not_certified,,
7206,withheld_mip_gap_not_certified,,
7207,withheld_mip_gap_not_certified,,
7208,withheld_mip_gap_not_certified,,
7209,withheld_mip_gap_not_certified,,
7210,withheld_mip_gap_not_certified,,
7211,withheld_mip_gap_not_certified,,
7212,withheld_mip_gap_not_certified,,
7213,withheld_mip_gap_not_certified,,
7214,withheld_mip_gap_not_certified,,
7215,withheld_mip_gap_not_certified,,
7216,withheld_mip_gap_not_certified,,
7217,withheld_mip_gap_not_certified,,
7218,withheld_mip_gap_not_certified,,
7219,withheld_mip_gap_not_certified,,
7220,withheld_mip_gap_not_certified,,
7221,withheld_mip_gap_not_certified,,
7222,withheld_mip_gap_not_certified,,
7223,withheld_mip_gap_not_certified,,
7224,withheld_mip_gap_not_certified,,
7225,withheld_mip_gap_not_certified,,
7226,withheld_mip_gap_not_certified,,
7227,withheld_mip_gap_not_certified,,
7228,withheld_mip_gap_not_certified,,
7229,withheld_mip_gap_not_certified,,
7230,withheld_mip_gap_not_certified,,
7231,withheld_mip_gap_not_certified,,
7232,withheld_mip_gap_not_certified,,
7233,withheld_mip_gap_not_certified,,
7234,withheld_mip_gap_not_certified,,
7235,withheld_mip_gap_not_certified,,
7236,withheld_mip_gap_not_certified,,
7237,withheld_mip_gap_not_certified,,
7238,withheld_mip_gap_not_certified,,
7239,withheld_mip_gap_not_certified,,
7240,withheld_mip_gap_not_certified,,
7241,withheld_mip_gap_not_certified,,
7242,withheld_mip_gap_not_certified,,
7243,withheld_mip_gap_not_certified,,
7244,withheld_mip_gap_not_certified,,
7245,withheld_mip_gap_not_certified,,
7246,withheld_mip_gap_not_certified,,
7247,withheld_mip_gap_not_certified,,
7248,withheld_mip_gap_not_certified,,
7249,withheld_mip_gap_not_certified,,
7250,withheld_mip_gap_not_certified,,
7251,withheld_mip_gap_not_certified,,
7252,withheld_mip_gap_not_certified,,
7253,withheld_mip_gap_not_certified,,
7254,withheld_mip_gap_not_certified,,
7255,withheld_mip_gap_not_certified,,
7256,withheld_mip_gap_not_certified,,
7257,withheld_mip_gap_not_certified,,
7258,withheld_mip_gap_not_certified,,
7259,withheld_mip_gap_not_certified,,
7260,withheld_mip_gap_not_certified,,
7261,withheld_mip_gap_not_certified,,
7262,withheld_mip_gap_not_certified,,
7263,withheld_mip_gap_not_certified,,
7264,withheld_mip_gap_not_certified,,
7265,withheld_mip_gap_not_certified,,
7266,withheld_mip_gap_not_certified,,
7267,withheld_mip_gap_not_certified,,
7268,withheld_mip_gap_not_certified,,
7269,withheld_mip_gap_not_certified,,
7270,withheld_mip_gap_not_certified,,
7271,withheld_mip_gap_not_certified,,
7272,withheld_mip_gap_not_certified,,
7273,withheld_mip_gap_not_certified,,
7274,withheld_mip_gap_not_certified,,
7275,withheld_mip_gap_not_certified,,
7276,withheld_mip_gap_not_certified,,
7277,withheld_mip_gap_not_certified,,
7278,withheld_mip_gap_not_certified,,
7279,withheld_mip_gap_not_certified,,
7280,withheld_mip_gap_not_certified,,
7281,withheld_mip_gap_not_certified,,
7282,withheld_mip_gap_not_certified,,
7283,withheld_mip_gap_not_certified,,
7284,withheld_mip_gap_not_certified,,
7285,withheld_mip_gap_not_certified,,
7286,withheld_mip_gap_not_certified,,
7287,withheld_mip_gap_not_certified,,
7288,withheld_mip_gap_not_certified,,
7289,withheld_mip_gap_not_certified,,
7290,withheld_mip_gap_not_certified,,
7291,withheld_mip_gap_not_certified,,
7292,withheld_mip_gap_not_certified,,
7293,withheld_mip_gap_not_certified,,
7294,withheld_mip_gap_not_certified,,
7295,withheld_mip_gap_not_certified,,
7296,withheld_mip_gap_not_certified,,
7297,withheld_mip_gap_not_certified,,
7298,withheld_mip_gap_not_certified,,
7299,withheld_mip_gap_not_certified,,
7300,withheld_mip_gap_not_certified,,
7301,withheld_mip_gap_not_certified,,
7302,withheld_mip_gap_not_certified,,
7303,withheld_mip_gap_not_certified,,
7304,withheld_mip_gap_not_certified,,
7305,withheld_mip_gap_not_certified,,
7306,withheld_mip_gap_not_certified,,
7307,withheld_mip_gap_not_certified,,
7308,withheld_mip_gap_not_certified,,
7309,withheld_mip_gap_not_certified,,
7310,withheld_mip_gap_not_certified,,
7311,withheld_mip_gap_not_certified,,
7312,withheld_mip_gap_not_certified,,
7313,withheld_mip_gap_not_certified,,
7314,withheld_mip_gap_not_certified,,
7315,withheld_mip_gap_not_certified,,
7316,withheld_mip_gap_not_certified,,
7317,withheld_mip_gap_not_certified,,
7318,withheld_mip_gap_not_certified,,
7319,withheld_mip_gap_not_certified,,
7320,withheld_mip_gap_not_certified,,
7321,withheld_mip_gap_not_certified,,
7322,withheld_mip_gap_not_certified,,
7323,withheld_mip_gap_not_certified,,
7324,withheld_mip_gap_not_certified,,
7325,withheld_mip_gap_not_certified,,
7326,withheld_mip_gap_not_certified,,
7327,withheld_mip_gap_not_certified,,
7328,withheld_mip_gap_not_certified,,
7329,withheld_mip_gap_not_certified,,
7330,withheld_mip_gap_not_certified,,
7331,withheld_mip_gap_not_certified,,
7332,withheld_mip_gap_not_certified,,
7333,withheld_mip_gap_not_certified,,
7334,withheld_mip_gap_not_certified,,
7335,withheld_mip_gap_not_certified,,
7336,withheld_mip_gap_not_certified,,
7337,withheld_mip_gap_not_certified,,
7338,withheld_mip_gap_not_certified,,
7339,withheld_mip_gap_not_certified,,
7340,withheld_mip_gap_not_certified,,
7341,withheld_mip_gap_not_certified,,
7342,withheld_mip_gap_not_certified,,
7343,withheld_mip_gap_not_certified,,
7344,withheld_mip_gap_not_certified,,
7345,withheld_mip_gap_not_certified,,
7346,withheld_mip_gap_not_certified,,
7347,withheld_mip_gap_not_certified,,
7348,withheld_mip_gap_not_certified,,
7349,withheld_mip_gap_not_certified,,
7350,withheld_mip_gap_not_certified,,
7351,withheld_mip_gap_not_certified,,
7352,withheld_mip_gap_not_certified,,
7353,withheld_mip_gap_not_certified,,
7354,withheld_mip_gap_not_certified,,
7355,withheld_mip_gap_not_certified,,
7356,withheld_mip_gap_not_certified,,
7357,withheld_mip_gap_not_certified,,
7358,withheld_mip_gap_not_certified,,
7359,withheld_mip_gap_not_certified,,
7360,withheld_mip_gap_not_certified,,
7361,withheld_mip_gap_not_certified,,
7362,withheld_mip_gap_not_certified,,
7363,withheld_mip_gap_not_certified,,
7364,withheld_mip_gap_not_certified,,
7365,withheld_mip_gap_not_certified,,
7366,withheld_mip_gap_not_certified,,
7367,withheld_mip_gap_not_certified,,
7368,withheld_mip_gap_not_certified,,
7369,withheld_mip_gap_not_certified,,
7370,withheld_mip_gap_not_certified,,
7371,withheld_mip_gap_not_certified,,
7372,withheld_mip_gap_not_certified,,
7373,withheld_mip_gap_not_certified,,
7374,withheld_mip_gap_not_certified,,
7375,withheld_mip_gap_not_certified,,
7376,withheld_mip_gap_not_certified,,
7377,withheld_mip_gap_not_certified,,
7378,withheld_mip_gap_not_certified,,
7379,withheld_mip_gap_not_certified,,
7380,withheld_mip_gap_not_certified,,
7381,withheld_mip_gap_not_certified,,
7382,withheld_mip_gap_not_certified,,
7383,withheld_mip_gap_not_certified,,
7384,withheld_mip_gap_not_certified,,
7385,withheld_mip_gap_not_certified,,
7386,withheld_mip_gap_not_certified,,
7387,withheld_mip_gap_not_certified,,
7388,withheld_mip_gap_not_certified,,
7389,withheld_mip_gap_not_certified,,
7390,withheld_mip_gap_not_certified,,
7391,withheld_mip_gap_not_certified,,
7392,withheld_mip_gap_not_certified,,
7393,withheld_mip_gap_not_certified,,
7394,withheld_mip_gap_not_certified,,
7395,withheld_mip_gap_not_certified,,
7396,withheld_mip_gap_not_certified,,
7397,withheld_mip_gap_not_certified,,
7398,withheld_mip_gap_not_certified,,
7399,withheld_mip_gap_not_certified,,
7400,withheld_mip_gap_not_certified,,
7401,withheld_mip_gap_not_certified,,
7402,withheld_mip_gap_not_certified,,
7403,withheld_mip_gap_not_certified,,
7404,withheld_mip_gap_not_certified,,
7405,withheld_mip_gap_not_certified,,
7406,withheld_mip_gap_not_certified,,
7407,withheld_mip_gap_not_certified,,
7408,withheld_mip_gap_not_certified,,
7409,withheld_mip_gap_not_certified,,
7410,withheld_mip_gap_not_certified,,
7411,withheld_mip_gap_not_certified,,
7412,withheld_mip_gap_not_certified,,
7413,withheld_mip_gap_not_certified,,
7414,withheld_mip_gap_not_certified,,
7415,withheld_mip_gap_not_certified,,
7416,withheld_mip_gap_not_certified,,
7417,withheld_mip_gap_not_certified,,
7418,withheld_mip_gap_not_certified,,
7419,withheld_mip_gap_not_certified,,
7420,withheld_mip_gap_not_certified,,
7421,withheld_mip_gap_not_certified,,
7422,withheld_mip_gap_not_certified,,
7423,withheld_mip_gap_not_certified,,
7424,withheld_mip_gap_not_certified,,
7425,withheld_mip_gap_not_certified,,
7426,withheld_mip_gap_not_certified,,
7427,withheld_mip_gap_not_certified,,
7428,withheld_mip_gap_not_certified,,
7429,withheld_mip_gap_not_certified,,
7430,withheld_mip_gap_not_certified,,
7431,withheld_mip_gap_not_certified,,
7432,withheld_mip_gap_not_certified,,
8001,withheld_mip_gap_not_certified,,
8002,withheld_mip_gap_not_certified,,
8003,withheld_mip_gap_not_certified,,
8004,withheld_mip_gap_not_certified,,
8005,withheld_mip_gap_not_certified,,
8006,withheld_mip_gap_not_certified,,
8007,withheld_mip_gap_not_certified,,
8008,withheld_mip_gap_not_certified,,
8009,withheld_mip_gap_not_certified,,
8010,withheld_mip_gap_not_certified,,
8011,withheld_mip_gap_not_certified,,
8012,withheld_mip_gap_not_certified,,
8013,withheld_mip_gap_not_certified,,
8014,withheld_mip_gap_not_certified,,
8015,withheld_mip_gap_not_certified,,
8016,withheld_mip_gap_not_certified,,
8017,withheld_mip_gap_not_certified,,
8018,withheld_mip_gap_not_certified,,
8019,withheld_mip_gap_not_certified,,
8020,withheld_mip_gap_not_certified,,
8021,withheld_mip_gap_not_certified,,
8022,withheld_mip_gap_not_certified,,
8023,withheld_mip_gap_not_certified,,
8024,withheld_mip_gap_not_certified,,
8025,withheld_mip_gap_not_certified,,
8026,withheld_mip_gap_not_certified,,
8027,withheld_mip_gap_not_certified,,
8028,withheld_mip_gap_not_certified,,
8029,withheld_mip_gap_not_certified,,
8030,withheld_mip_gap_not_certified,,
8031,withheld_mip_gap_not_certified,,
8032,withheld_mip_gap_not_certified,,
8033,withheld_mip_gap_not_certified,,
8034,withheld_mip_gap_not_certified,,
8035,withheld_mip_gap_not_certified,,
8036,withheld_mip_gap_not_certified,,
8037,withheld_mip_gap_not_certified,,
8038,withheld_mip_gap_not_certified,,
8039,withheld_mip_gap_not_certified,,
8040,withheld_mip_gap_not_certified,,
8041,withheld_mip_gap_not_certified,,
8042,withheld_mip_gap_not_certified,,
8043,withheld_mip_gap_not_certified,,
8044,withheld_mip_gap_not_certified,,
8045,withheld_mip_gap_not_certified,,
8046,withheld_mip_gap_not_certified,,
8047,withheld_mip_gap_not_certified,,
8048,withheld_mip_gap_not_certified,,
8049,withheld_mip_gap_not_certified,,
8050,withheld_mip_gap_not_certified,,
8051,withheld_mip_gap_not_certified,,
8052,withheld_mip_gap_not_certified,,
8053,withheld_mip_gap_not_certified,,
8054,withheld_mip_gap_not_certified,,
8055,withheld_mip_gap_not_certified,,
8056,withheld_mip_gap_not_certified,,
8057,withheld_mip_gap_not_certified,,
8058,withheld_mip_gap_not_certified,,
8059,withheld_mip_gap_not_certified,,
8060,withheld_mip_gap_not_certified,,
8061,withheld_mip_gap_not_certified,,
8062,withheld_mip_gap_not_certified,,
8063,withheld_mip_gap_not_certified,,
8064,withheld_mip_gap_not_certified,,
8065,withheld_mip_gap_not_certified,,
8066,withheld_mip_gap_not_certified,,
8067,withheld_mip_gap_not_certified,,
8068,withheld_mip_gap_not_certified,,
8069,withheld_mip_gap_not_certified,,
8070,withheld_mip_gap_not_certified,,
8071,withheld_mip_gap_not_certified,,
8072,withheld_mip_gap_not_certified,,
8073,withheld_mip_gap_not_certified,,
8074,withheld_mip_gap_not_certified,,
8075,withheld_mip_gap_not_certified,,
8076,withheld_mip_gap_not_certified,,
8077,withheld_mip_gap_not_certified,,
8078,withheld_mip_gap_not_certified,,
8079,withheld_mip_gap_not_certified,,
8080,withheld_mip_gap_not_certified,,
8081,withheld_mip_gap_not_certified,,
8082,withheld_mip_gap_not_certified,,
8083,withheld_mip_gap_not_certified,,
8084,withheld_mip_gap_not_certified,,
8085,withheld_mip_gap_not_certified,,
8086,withheld_mip_gap_not_certified,,
8087,withheld_mip_gap_not_certified,,
8088,withheld_mip_gap_not_certified,,
8089,withheld_mip_gap_not_certified,,
8090,withheld_mip_gap_not_certified,,
8091,withheld_mip_gap_not_certified,,
8092,withheld_mip_gap_not_certified,,
8093,withheld_mip_gap_not_certified,,
8094,withheld_mip_gap_not_certified,,
8095,withheld_mip_gap_not_certified,,
8096,withheld_mip_gap_not_certified,,
8097,withheld_mip_gap_not_certified,,
8098,withheld_mip_gap_not_certified,,
8099,withheld_mip_gap_not_certified,,
8100,withheld_mip_gap_not_certified,,
8101,withheld_mip_gap_not_certified,,
8102,withheld_mip_gap_not_certified,,
8103,withheld_mip_gap_not_certified,,
8104,withheld_mip_gap_not_certified,,
8105,withheld_mip_gap_not_certified,,
8106,withheld_mip_gap_not_certified,,
8107,withheld_mip_gap_not_certified,,
8108,withheld_mip_gap_not_certified,,
8109,withheld_mip_gap_not_certified,,
8110,withheld_mip_gap_not_certified,,
8111,withheld_mip_gap_not_certified,,
8112,withheld_mip_gap_not_certified,,
8113,withheld_mip_gap_not_certified,,
8114,withheld_mip_gap_not_certified,,
8115,withheld_mip_gap_not_certified,,
8116,withheld_mip_gap_not_certified,,
8117,withheld_mip_gap_not_certified,,
8118,withheld_mip_gap_not_certified,,
8119,withheld_mip_gap_not_certified,,
8120,withheld_mip_gap_not_certified,,
8121,withheld_mip_gap_not_certified,,
8122,withheld_mip_gap_not_certified,,
8123,withheld_mip_gap_not_certified,,
8124,withheld_mip_gap_not_certified,,
8125,withheld_mip_gap_not_certified,,
8126,withheld_mip_gap_not_certified,,
8127,withheld_mip_gap_not_certified,,
8128,withheld_mip_gap_not_certified,,
8129,withheld_mip_gap_not_certified,,
8130,withheld_mip_gap_not_certified,,
8131,withheld_mip_gap_not_certified,,
8132,withheld_mip_gap_not_certified,,
8133,withheld_mip_gap_not_certified,,
8134,withheld_mip_gap_not_certified,,
8135,withheld_mip_gap_not_certified,,
8136,withheld_mip_gap_not_certified,,
8137,withheld_mip_gap_not_certified,,
8138,withheld_mip_gap_not_certified,,
8139,withheld_mip_gap_not_certified,,
8140,withheld_mip_gap_not_certified,,
8141,withheld_mip_gap_not_certified,,
8142,withheld_mip_gap_not_certified,,
8143,withheld_mip_gap_not_certified,,
8144,withheld_mip_gap_not_certified,,
8145,withheld_mip_gap_not_certified,,
8146,withheld_mip_gap_not_certified,,
8147,withheld_mip_gap_not_certified,,
8148,withheld_mip_gap_not_certified,,
8149,withheld_mip_gap_not_certified,,
8150,withheld_mip_gap_not_certified,,
8151,withheld_mip_gap_not_certified,,
8152,withheld_mip_gap_not_certified,,
8153,withheld_mip_gap_not_certified,,
8154,withheld_mip_gap_not_certified,,
8155,withheld_mip_gap_not_certified,,
8156,withheld_mip_gap_not_certified,,
8157,withheld_mip_gap_not_certified,,
8158,withheld_mip_gap_not_certified,,
8159,withheld_mip_gap_not_certified,,
8160,withheld_mip_gap_not_certified,,
