bus,gap_1e-3_price_per_mwh,gap_1e-3_price_per_pu_hour,gap_1e-4_price_per_mwh,gap_1e-4_price_per_pu_hour,gap_1e-5_price_per_mwh,gap_1e-5_price_per_pu_hour,gap_1e-6_price_per_mwh,gap_1e-6_price_per_pu_hour,gap_1e-7_price_per_mwh,gap_1e-7_price_per_pu_hour
1,27.373824104481898,2737.3824104481896,27.373824104481898,2737.3824104481896,27.373824104481898,2737.3824104481896,27.373824104481898,2737.3824104481896,27.373824104481898,2737.3824104481896
2,27.373824104481898,2737.3824104481896,27.373824104481898,2737.3824104481896,27.373824104481898,2737.3824104481896,27.373824104481898,2737.3824104481896,27.373824104481898,2737.3824104481896
3,27.372352401199688,2737.2352401199687,27.372352401199688,2737.2352401199687,27.372352401199688,2737.2352401199687,27.372352401199688,2737.2352401199687,27.372352401199688,2737.2352401199687
4,27.372352401199688,2737.2352401199687,27.372352401199688,2737.2352401199687,27.372352401199688,2737.2352401199687,27.372352401199688,2737.2352401199687,27.372352401199688,2737.2352401199687
5,13.472359750434691,1347.2359750434691,13.472359750434691,1347.2359750434691,13.472359750434691,1347.2359750434691,13.472359750434691,1347.2359750434691,13.472359750434691,1347.2359750434691
6,13.472359750434691,1347.2359750434691,13.472359750434691,1347.2359750434691,13.472359750434691,1347.2359750434691,13.472359750434691,1347.2359750434691,13.472359750434691,1347.2359750434691
7,27.373148749058824,2737.3148749058823,27.373148749058824,2737.3148749058823,27.373148749058824,2737.3148749058823,27.373148749058824,2737.3148749058823,27.373148749058824,2737.3148749058823
8,27.372601708431663,2737.260170843166,27.372601708431663,2737.260170843166,27.372601708431663,2737.260170843166,27.372601708431663,2737.260170843166,27.372601708431663,2737.260170843166
9,21.763044000000022,2176.3044000000023,21.763044000000022,2176.3044000000023,21.763044000000022,2176.3044000000023,21.763044000000022,2176.3044000000023,21.763044000000022,2176.3044000000023
10,27.362064758749014,2736.2064758749016,27.362064758749014,2736.2064758749016,27.362064758749014,2736.2064758749016,27.362064758749014,2736.2064758749016,27.362064758749014,2736.2064758749016
11,27.362064758749014,2736.2064758749016,27.362064758749014,2736.2064758749016,27.362064758749014,2736.2064758749016,27.362064758749014,2736.2064758749016,27.362064758749014,2736.2064758749016
12,27.16062729590014,2716.062729590014,27.16062729590014,2716.062729590014,27.16062729590014,2716.062729590014,27.16062729590014,2716.062729590014,27.16062729590014,2716.062729590014
13,27.16062729590014,2716.062729590014,27.16062729590014,2716.062729590014,27.16062729590014,2716.062729590014,27.16062729590014,2716.062729590014,27.16062729590014,2716.062729590014
14,27.022757246295072,2702.2757246295073,27.022757246295072,2702.2757246295073,27.022757246295072,2702.2757246295073,27.022757246295072,2702.2757246295073,27.022757246295072,2702.2757246295073
15,27.023089665205106,2702.3089665205107,27.023089665205106,2702.3089665205107,27.023089665205106,2702.3089665205107,27.023089665205106,2702.3089665205107,27.023089665205106,2702.3089665205107
16,27.022757246295072,2702.2757246295073,27.022757246295072,2702.2757246295073,27.022757246295072,2702.2757246295073,27.022757246295072,2702.2757246295073,27.022757246295072,2702.2757246295073
17,8.411999999999997,841.1999999999997,8.411999999999997,841.1999999999997,8.411999999999997,841.1999999999997,8.411999999999997,841.1999999999997,8.411999999999997,841.1999999999997
18,27.022757246295072,2702.2757246295073,27.022757246295072,2702.2757246295073,27.022757246295072,2702.2757246295073,27.022757246295072,2702.2757246295073,27.022757246295072,2702.2757246295073
19,27.31607193938003,2731.607193938003,27.31607193938003,2731.607193938003,27.31607193938003,2731.607193938003,27.31607193938003,2731.607193938003,27.31607193938003,2731.607193938003
20,27.31607193938003,2731.607193938003,27.31607193938003,2731.607193938003,27.31607193938003,2731.607193938003,27.31607193938003,2731.607193938003,27.31607193938003,2731.607193938003
21,27.36185787065895,2736.185787065895,27.36185787065895,2736.185787065895,27.36185787065895,2736.185787065895,27.36185787065895,2736.185787065895,27.36185787065895,2736.185787065895
22,27.36185787065895,2736.185787065895,27.36185787065895,2736.185787065895,27.36185787065895,2736.185787065895,27.36185787065895,2736.185787065895,27.36185787065895,2736.185787065895
23,26.771332799334782,2677.133279933478,26.771332799334782,2677.133279933478,26.771332799334782,2677.133279933478,26.771332799334782,2677.133279933478,26.771332799334782,2677.133279933478
24,26.800993247205493,2680.0993247205492,26.800993247205493,2680.0993247205492,26.800993247205493,2680.0993247205492,26.800993247205493,2680.0993247205492,26.800993247205493,2680.0993247205492
25,26.800993247205493,2680.0993247205492,26.800993247205493,2680.0993247205492,26.800993247205493,2680.0993247205492,26.800993247205493,2680.0993247205492,26.800993247205493,2680.0993247205492
26,26.800993247205493,2680.0993247205492,26.800993247205493,2680.0993247205492,26.800993247205493,2680.0993247205492,26.800993247205493,2680.0993247205492,26.800993247205493,2680.0993247205492
27,27.81552691646535,2781.5526916465346,27.81552691646535,2781.5526916465346,27.81552691646535,2781.5526916465346,27.81552691646535,2781.5526916465346,27.81552691646535,2781.5526916465346
28,27.81552691646535,2781.5526916465346,27.81552691646535,2781.5526916465346,27.81552691646535,2781.5526916465346,27.81552691646535,2781.5526916465346,27.81552691646535,2781.5526916465346
29,27.369748572823593,2736.974857282359,27.369748572823593,2736.974857282359,27.369748572823593,2736.974857282359,27.369748572823593,2736.974857282359,27.369748572823593,2736.974857282359
30,27.369748572823593,2736.974857282359,27.369748572823593,2736.974857282359,27.369748572823593,2736.974857282359,27.369748572823593,2736.974857282359,27.369748572823593,2736.974857282359
31,27.27676897186718,2727.676897186718,27.27676897186718,2727.676897186718,27.27676897186718,2727.676897186718,27.27676897186718,2727.676897186718,27.27676897186718,2727.676897186718
32,27.27676897186718,2727.676897186718,27.27676897186718,2727.676897186718,27.27676897186718,2727.676897186718,27.27676897186718,2727.676897186718,27.27676897186718,2727.676897186718
33,27.344914923524577,2734.4914923524575,27.344914923524577,2734.4914923524575,27.344914923524577,2734.4914923524575,27.344914923524577,2734.4914923524575,27.344914923524577,2734.4914923524575
34,27.344914923524577,2734.4914923524575,27.344914923524577,2734.4914923524575,27.344914923524577,2734.4914923524575,27.344914923524577,2734.4914923524575,27.344914923524577,2734.4914923524575
35,27.267488294305146,2726.7488294305144,27.267488294305146,2726.7488294305144,27.267488294305146,2726.7488294305144,27.267488294305146,2726.7488294305144,27.267488294305146,2726.7488294305144
36,27.267488294305146,2726.7488294305144,27.267488294305146,2726.7488294305144,27.267488294305146,2726.7488294305144,27.267488294305146,2726.7488294305144,27.267488294305146,2726.7488294305144
37,21.093424680363817,2109.342468036382,21.093424680363817,2109.342468036382,21.093424680363817,2109.342468036382,21.093424680363817,2109.342468036382,21.093424680363817,2109.342468036382
38,21.093424680363817,2109.342468036382,21.093424680363817,2109.342468036382,21.093424680363817,2109.342468036382,21.093424680363817,2109.342468036382,21.093424680363817,2109.342468036382
39,26.678663685962764,2667.8663685962765,26.678663685962764,2667.8663685962765,26.678663685962764,2667.8663685962765,26.678663685962764,2667.8663685962765,26.678663685962764,2667.8663685962765
40,26.688151410348354,2668.8151410348355,26.688151410348354,2668.8151410348355,26.688151410348354,2668.8151410348355,26.688151410348354,2668.8151410348355,26.688151410348354,2668.8151410348355
41,26.688151410348354,2668.8151410348355,26.688151410348354,2668.8151410348355,26.688151410348354,2668.8151410348355,26.688151410348354,2668.8151410348355,26.688151410348354,2668.8151410348355
42,27.255215272963476,2725.5215272963474,27.255215272963476,2725.5215272963474,27.255215272963476,2725.5215272963474,27.255215272963476,2725.5215272963474,27.255215272963476,2725.5215272963474
43,27.255215272963476,2725.5215272963474,27.255215272963476,2725.5215272963474,27.255215272963476,2725.5215272963474,27.255215272963476,2725.5215272963474,27.255215272963476,2725.5215272963474
44,27.374177916743513,2737.417791674351,27.374177916743513,2737.417791674351,27.374177916743513,2737.417791674351,27.374177916743513,2737.417791674351,27.374177916743513,2737.417791674351
45,27.374177916743513,2737.417791674351,27.374177916743513,2737.417791674351,27.374177916743513,2737.417791674351,27.374177916743513,2737.417791674351,27.374177916743513,2737.417791674351
46,26.749451956786555,2674.9451956786556,26.749451956786555,2674.9451956786556,26.749451956786555,2674.9451956786556,26.749451956786555,2674.9451956786556,26.749451956786555,2674.9451956786556
47,26.749451956786555,2674.9451956786556,26.749451956786555,2674.9451956786556,26.749451956786555,2674.9451956786556,26.749451956786555,2674.9451956786556,26.749451956786555,2674.9451956786556
48,27.136215233126226,2713.6215233126227,27.136215233126226,2713.6215233126227,27.136215233126226,2713.6215233126227,27.136215233126226,2713.6215233126227,27.136215233126226,2713.6215233126227
49,27.136215233126226,2713.6215233126227,27.136215233126226,2713.6215233126227,27.136215233126226,2713.6215233126227,27.136215233126226,2713.6215233126227,27.136215233126226,2713.6215233126227
50,27.136215233126226,2713.6215233126227,27.136215233126226,2713.6215233126227,27.136215233126226,2713.6215233126227,27.136215233126226,2713.6215233126227,27.136215233126226,2713.6215233126227
51,27.136215233126226,2713.6215233126227,27.136215233126226,2713.6215233126227,27.136215233126226,2713.6215233126227,27.136215233126226,2713.6215233126227,27.136215233126226,2713.6215233126227
52,27.136215233126226,2713.6215233126227,27.136215233126226,2713.6215233126227,27.136215233126226,2713.6215233126227,27.136215233126226,2713.6215233126227,27.136215233126226,2713.6215233126227
53,27.371051363561367,2737.105136356137,27.371051363561367,2737.105136356137,27.371051363561367,2737.105136356137,27.371051363561367,2737.105136356137,27.371051363561367,2737.105136356137
54,27.371051363561367,2737.105136356137,27.371051363561367,2737.105136356137,27.371051363561367,2737.105136356137,27.371051363561367,2737.105136356137,27.371051363561367,2737.105136356137
55,27.222646168207408,2722.2646168207407,27.222646168207408,2722.2646168207407,27.222646168207408,2722.2646168207407,27.222646168207408,2722.2646168207407,27.222646168207408,2722.2646168207407
56,27.222646168207408,2722.2646168207407,27.222646168207408,2722.2646168207407,27.222646168207408,2722.2646168207407,27.222646168207408,2722.2646168207407,27.222646168207408,2722.2646168207407
57,27.12163239753292,2712.163239753292,27.12163239753292,2712.163239753292,27.12163239753292,2712.163239753292,27.12163239753292,2712.163239753292,27.12163239753292,2712.163239753292
58,27.143029702610356,2714.3029702610356,27.143029702610356,2714.3029702610356,27.143029702610356,2714.3029702610356,27.143029702610356,2714.3029702610356,27.143029702610356,2714.3029702610356
59,27.143029702610356,2714.3029702610356,27.143029702610356,2714.3029702610356,27.143029702610356,2714.3029702610356,27.143029702610356,2714.3029702610356,27.143029702610356,2714.3029702610356
60,26.699731104040236,2669.9731104040234,26.699731104040236,2669.9731104040234,26.699731104040236,2669.9731104040234,26.699731104040236,2669.9731104040234,26.699731104040236,2669.9731104040234
61,26.699731104040236,2669.9731104040234,26.699731104040236,2669.9731104040234,26.699731104040236,2669.9731104040234,26.699731104040236,2669.9731104040234,26.699731104040236,2669.9731104040234
62,27.372168669731362,2737.2168669731363,27.372168669731362,2737.2168669731363,27.372168669731362,2737.2168669731363,27.372168669731362,2737.2168669731363,27.372168669731362,2737.2168669731363
63,27.372168669731362,2737.2168669731363,27.372168669731362,2737.2168669731363,27.372168669731362,2737.2168669731363,27.372168669731362,2737.2168669731363,27.372168669731362,2737.2168669731363
64,27.372168669731362,2737.2168669731363,27.372168669731362,2737.2168669731363,27.372168669731362,2737.2168669731363,27.372168669731362,2737.2168669731363,27.372168669731362,2737.2168669731363
65,27.226006205822095,2722.6006205822096,27.226006205822095,2722.6006205822096,27.226006205822095,2722.6006205822096,27.226006205822095,2722.6006205822096,27.226006205822095,2722.6006205822096
66,27.220609905677286,2722.0609905677284,27.220609905677286,2722.0609905677284,27.220609905677286,2722.0609905677284,27.220609905677286,2722.0609905677284,27.220609905677286,2722.0609905677284
67,27.220609905677286,2722.0609905677284,27.220609905677286,2722.0609905677284,27.220609905677286,2722.0609905677284,27.220609905677286,2722.0609905677284,27.220609905677286,2722.0609905677284
68,28.12398238232221,2812.398238232221,28.12398238232221,2812.398238232221,28.12398238232221,2812.398238232221,28.12398238232221,2812.398238232221,28.12398238232221,2812.398238232221
69,28.12398238232221,2812.398238232221,28.12398238232221,2812.398238232221,28.12398238232221,2812.398238232221,28.12398238232221,2812.398238232221,28.12398238232221,2812.398238232221
70,27.259019774499407,2725.9019774499407,27.259019774499407,2725.9019774499407,27.259019774499407,2725.9019774499407,27.259019774499407,2725.9019774499407,27.259019774499407,2725.9019774499407
71,27.259019774499407,2725.9019774499407,27.259019774499407,2725.9019774499407,27.259019774499407,2725.9019774499407,27.259019774499407,2725.9019774499407,27.259019774499407,2725.9019774499407
72,27.259019774499407,2725.9019774499407,27.259019774499407,2725.9019774499407,27.259019774499407,2725.9019774499407,27.259019774499407,2725.9019774499407,27.259019774499407,2725.9019774499407
73,27.259019774499407,2725.9019774499407,27.259019774499407,2725.9019774499407,27.259019774499407,2725.9019774499407,27.259019774499407,2725.9019774499407,27.259019774499407,2725.9019774499407
74,27.28593030556822,2728.5930305568218,27.28593030556822,2728.5930305568218,27.28593030556822,2728.5930305568218,27.28593030556822,2728.5930305568218,27.28593030556822,2728.5930305568218
75,27.28593030556822,2728.5930305568218,27.28593030556822,2728.5930305568218,27.28593030556822,2728.5930305568218,27.28593030556822,2728.5930305568218,27.28593030556822,2728.5930305568218
76,19.36144852800166,1936.144852800166,19.36144852800166,1936.144852800166,19.36144852800166,1936.144852800166,19.36144852800166,1936.144852800166,19.36144852800166,1936.144852800166
77,19.36144852800166,1936.144852800166,19.36144852800166,1936.144852800166,19.36144852800166,1936.144852800166,19.36144852800166,1936.144852800166,19.36144852800166,1936.144852800166
78,27.04305106604394,2704.305106604394,27.04305106604394,2704.305106604394,27.04305106604394,2704.305106604394,27.04305106604394,2704.305106604394,27.04305106604394,2704.305106604394
79,27.04305106604394,2704.305106604394,27.04305106604394,2704.305106604394,27.04305106604394,2704.305106604394,27.04305106604394,2704.305106604394,27.04305106604394,2704.305106604394
80,27.24584489390455,2724.584489390455,27.24584489390455,2724.584489390455,27.24584489390455,2724.584489390455,27.24584489390455,2724.584489390455,27.24584489390455,2724.584489390455
81,27.250187228229137,2725.018722822914,27.250187228229137,2725.018722822914,27.250187228229137,2725.018722822914,27.250187228229137,2725.018722822914,27.250187228229137,2725.018722822914
82,27.24584489390455,2724.584489390455,27.24584489390455,2724.584489390455,27.24584489390455,2724.584489390455,27.24584489390455,2724.584489390455,27.24584489390455,2724.584489390455
83,27.352330105203126,2735.2330105203127,27.352330105203126,2735.2330105203127,27.352330105203126,2735.2330105203127,27.352330105203126,2735.2330105203127,27.352330105203126,2735.2330105203127
84,27.352330105203126,2735.2330105203127,27.352330105203126,2735.2330105203127,27.352330105203126,2735.2330105203127,27.352330105203126,2735.2330105203127,27.352330105203126,2735.2330105203127
85,27.288788322141624,2728.8788322141622,27.288788322141624,2728.8788322141622,27.288788322141624,2728.8788322141622,27.288788322141624,2728.8788322141622,27.288788322141624,2728.8788322141622
86,27.288788322141624,2728.8788322141622,27.288788322141624,2728.8788322141622,27.288788322141624,2728.8788322141622,27.288788322141624,2728.8788322141622,27.288788322141624,2728.8788322141622
87,48.23781157969483,4823.781157969483,48.23781157969483,4823.781157969483,48.23781157969483,4823.781157969483,48.23781157969483,4823.781157969483,48.23781157969483,4823.781157969483
88,48.23781157969483,4823.781157969483,48.23781157969483,4823.781157969483,48.23781157969483,4823.781157969483,48.23781157969483,4823.781157969483,48.23781157969483,4823.781157969483
89,27.37119316041534,2737.119316041534,27.37119316041534,2737.119316041534,27.37119316041534,2737.119316041534,27.37119316041534,2737.119316041534,27.37119316041534,2737.119316041534
90,27.37119316041534,2737.119316041534,27.37119316041534,2737.119316041534,27.37119316041534,2737.119316041534,27.37119316041534,2737.119316041534,27.37119316041534,2737.119316041534
91,27.02377892246631,2702.377892246631,27.02377892246631,2702.377892246631,27.02377892246631,2702.377892246631,27.02377892246631,2702.377892246631,27.02377892246631,2702.377892246631
92,27.02377892246631,2702.377892246631,27.02377892246631,2702.377892246631,27.02377892246631,2702.377892246631,27.02377892246631,2702.377892246631,27.02377892246631,2702.377892246631
93,28.74128356220345,2874.128356220345,28.74128356220345,2874.128356220345,28.74128356220345,2874.128356220345,28.74128356220345,2874.128356220345,28.74128356220345,2874.128356220345
94,28.74128356220345,2874.128356220345,28.74128356220345,2874.128356220345,28.74128356220345,2874.128356220345,28.74128356220345,2874.128356220345,28.74128356220345,2874.128356220345
95,27.025318479770885,2702.5318479770885,27.025318479770885,2702.5318479770885,27.025318479770885,2702.5318479770885,27.025318479770885,2702.5318479770885,27.025318479770885,2702.5318479770885
96,27.025318479770885,2702.5318479770885,27.025318479770885,2702.5318479770885,27.025318479770885,2702.5318479770885,27.025318479770885,2702.5318479770885,27.025318479770885,2702.5318479770885
97,27.1055979303384,2710.55979303384,27.1055979303384,2710.55979303384,27.1055979303384,2710.55979303384,27.1055979303384,2710.55979303384,27.1055979303384,2710.55979303384
98,27.1055979303384,2710.55979303384,27.1055979303384,2710.55979303384,27.1055979303384,2710.55979303384,27.1055979303384,2710.55979303384,27.1055979303384,2710.55979303384
99,26.912806062276776,2691.2806062276777,26.912806062276776,2691.2806062276777,26.912806062276776,2691.2806062276777,26.912806062276776,2691.2806062276777,26.912806062276776,2691.2806062276777
100,26.912806062276776,2691.2806062276777,26.912806062276776,2691.2806062276777,26.912806062276776,2691.2806062276777,26.912806062276776,2691.2806062276777,26.912806062276776,2691.2806062276777
101,26.912806062276776,2691.2806062276777,26.912806062276776,2691.2806062276777,26.912806062276776,2691.2806062276777,26.912806062276776,2691.2806062276777,26.912806062276776,2691.2806062276777
102,27.177200673585194,2717.7200673585194,27.177200673585194,2717.7200673585194,27.177200673585194,2717.7200673585194,27.177200673585194,2717.7200673585194,27.177200673585194,2717.7200673585194
103,27.177200673585194,2717.7200673585194,27.177200673585194,2717.7200673585194,27.177200673585194,2717.7200673585194,27.177200673585194,2717.7200673585194,27.177200673585194,2717.7200673585194
104,27.272551131821338,2727.2551131821338,27.272551131821338,2727.2551131821338,27.272551131821338,2727.2551131821338,27.272551131821338,2727.2551131821338,27.272551131821338,2727.2551131821338
105,27.272551131821338,2727.2551131821338,27.272551131821338,2727.2551131821338,27.272551131821338,2727.2551131821338,27.272551131821338,2727.2551131821338,27.272551131821338,2727.2551131821338
106,27.28433113104818,2728.433113104818,27.28433113104818,2728.433113104818,27.28433113104818,2728.433113104818,27.28433113104818,2728.433113104818,27.28433113104818,2728.433113104818
107,27.28433113104818,2728.433113104818,27.28433113104818,2728.433113104818,27.28433113104818,2728.433113104818,27.28433113104818,2728.433113104818,27.28433113104818,2728.433113104818
108,26.786322743048306,2678.6322743048304,26.786322743048306,2678.6322743048304,26.786322743048306,2678.6322743048304,26.786322743048306,2678.6322743048304,26.786322743048306,2678.6322743048304
109,26.786322743048306,2678.6322743048304,26.786322743048306,2678.6322743048304,26.786322743048306,2678.6322743048304,26.786322743048306,2678.6322743048304,26.786322743048306,2678.6322743048304
110,16.978950254275194,1697.8950254275194,16.978950254275194,1697.8950254275194,16.978950254275194,1697.8950254275194,16.978950254275194,1697.8950254275194,16.978950254275194,1697.8950254275194
111,16.978950254275194,1697.8950254275194,16.978950254275194,1697.8950254275194,16.978950254275194,1697.8950254275194,16.978950254275194,1697.8950254275194,16.978950254275194,1697.8950254275194
112,27.33501009649639,2733.501009649639,27.33501009649639,2733.501009649639,27.33501009649639,2733.501009649639,27.33501009649639,2733.501009649639,27.33501009649639,2733.501009649639
113,27.33501009649639,2733.501009649639,27.33501009649639,2733.501009649639,27.33501009649639,2733.501009649639,27.33501009649639,2733.501009649639,27.33501009649639,2733.501009649639
114,27.269262453210942,2726.926245321094,27.269262453210942,2726.926245321094,27.269262453210942,2726.926245321094,27.269262453210942,2726.926245321094,27.269262453210942,2726.926245321094
115,27.269262453210942,2726.926245321094,27.269262453210942,2726.926245321094,27.269262453210942,2726.926245321094,27.269262453210942,2726.926245321094,27.269262453210942,2726.926245321094
116,27.269262453210942,2726.926245321094,27.269262453210942,2726.926245321094,27.269262453210942,2726.926245321094,27.269262453210942,2726.926245321094,27.269262453210942,2726.926245321094
117,27.333810655933295,2733.3810655933294,27.333810655933295,2733.3810655933294,27.333810655933295,2733.3810655933294,27.333810655933295,2733.3810655933294,27.333810655933295,2733.3810655933294
118,27.333810655933295,2733.3810655933294,27.333810655933295,2733.3810655933294,27.333810655933295,2733.3810655933294,27.333810655933295,2733.3810655933294,27.333810655933295,2733.3810655933294
119,27.093473357097928,2709.347335709793,27.093473357097928,2709.347335709793,27.093473357097928,2709.347335709793,27.093473357097928,2709.347335709793,27.093473357097928,2709.347335709793
120,27.093473357097928,2709.347335709793,27.093473357097928,2709.347335709793,27.093473357097928,2709.347335709793,27.093473357097928,2709.347335709793,27.093473357097928,2709.347335709793
121,27.37069406913439,2737.0694069134393,27.37069406913439,2737.0694069134393,27.37069406913439,2737.0694069134393,27.37069406913439,2737.0694069134393,27.37069406913439,2737.0694069134393
122,27.37069406913439,2737.0694069134393,27.37069406913439,2737.0694069134393,27.37069406913439,2737.0694069134393,27.37069406913439,2737.0694069134393,27.37069406913439,2737.0694069134393
123,27.0449835458712,2704.49835458712,27.0449835458712,2704.49835458712,27.0449835458712,2704.49835458712,27.0449835458712,2704.49835458712,27.0449835458712,2704.49835458712
124,27.037741138153578,2703.774113815358,27.037741138153578,2703.774113815358,27.037741138153578,2703.774113815358,27.037741138153578,2703.774113815358,27.037741138153578,2703.774113815358
125,27.0449835458712,2704.49835458712,27.0449835458712,2704.49835458712,27.0449835458712,2704.49835458712,27.0449835458712,2704.49835458712,27.0449835458712,2704.49835458712
126,27.0449835458712,2704.49835458712,27.0449835458712,2704.49835458712,27.0449835458712,2704.49835458712,27.0449835458712,2704.49835458712,27.0449835458712,2704.49835458712
127,27.0449835458712,2704.49835458712,27.0449835458712,2704.49835458712,27.0449835458712,2704.49835458712,27.0449835458712,2704.49835458712,27.0449835458712,2704.49835458712
128,27.0449835458712,2704.49835458712,27.0449835458712,2704.49835458712,27.0449835458712,2704.49835458712,27.0449835458712,2704.49835458712,27.0449835458712,2704.49835458712
129,27.136297122334888,2713.6297122334886,27.136297122334888,2713.6297122334886,27.136297122334888,2713.6297122334886,27.136297122334888,2713.6297122334886,27.136297122334888,2713.6297122334886
130,27.136297122334888,2713.6297122334886,27.136297122334888,2713.6297122334886,27.136297122334888,2713.6297122334886,27.136297122334888,2713.6297122334886,27.136297122334888,2713.6297122334886
131,26.698153068757357,2669.8153068757356,26.698153068757357,2669.8153068757356,26.698153068757357,2669.8153068757356,26.698153068757357,2669.8153068757356,26.698153068757357,2669.8153068757356
132,26.698153068757357,2669.8153068757356,26.698153068757357,2669.8153068757356,26.698153068757357,2669.8153068757356,26.698153068757357,2669.8153068757356,26.698153068757357,2669.8153068757356
133,27.024502818326127,2702.4502818326127,27.024502818326127,2702.4502818326127,27.024502818326127,2702.4502818326127,27.024502818326127,2702.4502818326127,27.024502818326127,2702.4502818326127
134,27.024502818326127,2702.4502818326127,27.024502818326127,2702.4502818326127,27.024502818326127,2702.4502818326127,27.024502818326127,2702.4502818326127,27.024502818326127,2702.4502818326127
135,27.372008289174943,2737.200828917494,27.372008289174943,2737.200828917494,27.372008289174943,2737.200828917494,27.372008289174943,2737.200828917494,27.372008289174943,2737.200828917494
136,27.372008289174943,2737.200828917494,27.372008289174943,2737.200828917494,27.372008289174943,2737.200828917494,27.372008289174943,2737.200828917494,27.372008289174943,2737.200828917494
137,27.377993288835672,2737.7993288835673,27.377993288835672,2737.7993288835673,27.377993288835672,2737.7993288835673,27.377993288835672,2737.7993288835673,27.377993288835672,2737.7993288835673
138,27.377993288835672,2737.7993288835673,27.377993288835672,2737.7993288835673,27.377993288835672,2737.7993288835673,27.377993288835672,2737.7993288835673,27.377993288835672,2737.7993288835673
139,26.722518688954988,2672.251868895499,26.722518688954988,2672.251868895499,26.722518688954988,2672.251868895499,26.722518688954988,2672.251868895499,26.722518688954988,2672.251868895499
140,26.722518688954988,2672.251868895499,26.722518688954988,2672.251868895499,26.722518688954988,2672.251868895499,26.722518688954988,2672.251868895499,26.722518688954988,2672.251868895499
141,44.96882303859894,4496.882303859894,44.96882303859894,4496.882303859894,44.96882303859894,4496.882303859894,44.96882303859894,4496.882303859894,44.96882303859894,4496.882303859894
142,44.96882303859894,4496.882303859894,44.96882303859894,4496.882303859894,44.96882303859894,4496.882303859894,44.96882303859894,4496.882303859894,44.96882303859894,4496.882303859894
143,8.143000000000026,814.3000000000026,8.143000000000026,814.3000000000026,8.143000000000026,814.3000000000026,8.143000000000026,814.3000000000026,8.143000000000026,814.3000000000026
144,6.869999999999995,686.9999999999994,6.869999999999995,686.9999999999994,6.869999999999995,686.9999999999994,6.869999999999995,686.9999999999994,6.869999999999995,686.9999999999994
145,8.143000000000026,814.3000000000026,8.143000000000026,814.3000000000026,8.143000000000026,814.3000000000026,8.143000000000026,814.3000000000026,8.143000000000026,814.3000000000026
146,27.395768098742764,2739.5768098742765,27.395768098742764,2739.5768098742765,27.395768098742764,2739.5768098742765,27.395768098742764,2739.5768098742765,27.395768098742764,2739.5768098742765
147,27.87533370805758,2787.533370805758,27.87533370805758,2787.533370805758,27.87533370805758,2787.533370805758,27.87533370805758,2787.533370805758,27.87533370805758,2787.533370805758
148,27.87533370805758,2787.533370805758,27.87533370805758,2787.533370805758,27.87533370805758,2787.533370805758,27.87533370805758,2787.533370805758,27.87533370805758,2787.533370805758
149,27.24735102787163,2724.735102787163,27.24735102787163,2724.735102787163,27.24735102787163,2724.735102787163,27.24735102787163,2724.735102787163,27.24735102787163,2724.735102787163
150,27.24735102787163,2724.735102787163,27.24735102787163,2724.735102787163,27.24735102787163,2724.735102787163,27.24735102787163,2724.735102787163,27.24735102787163,2724.735102787163
151,26.740310102994044,2674.0310102994044,26.740310102994044,2674.0310102994044,26.740310102994044,2674.0310102994044,26.740310102994044,2674.0310102994044,26.740310102994044,2674.0310102994044
152,26.74292084862926,2674.292084862926,26.74292084862926,2674.292084862926,26.74292084862926,2674.292084862926,26.74292084862926,2674.292084862926,26.74292084862926,2674.292084862926
153,26.74292084862926,2674.292084862926,26.74292084862926,2674.292084862926,26.74292084862926,2674.292084862926,26.74292084862926,2674.292084862926,26.74292084862926,2674.292084862926
154,26.715230744276905,2671.5230744276905,26.715230744276905,2671.5230744276905,26.715230744276905,2671.5230744276905,26.715230744276905,2671.5230744276905,26.715230744276905,2671.5230744276905
155,26.715230744276905,2671.5230744276905,26.715230744276905,2671.5230744276905,26.715230744276905,2671.5230744276905,26.715230744276905,2671.5230744276905,26.715230744276905,2671.5230744276905
156,26.757616259959693,2675.7616259959696,26.757616259959693,2675.7616259959696,26.757616259959693,2675.7616259959696,26.757616259959693,2675.7616259959696,26.757616259959693,2675.7616259959696
157,26.757616259959693,2675.7616259959696,26.757616259959693,2675.7616259959696,26.757616259959693,2675.7616259959696,26.757616259959693,2675.7616259959696,26.757616259959693,2675.7616259959696
158,27.37164096707927,2737.164096707927,27.37164096707927,2737.164096707927,27.37164096707927,2737.164096707927,27.37164096707927,2737.164096707927,27.37164096707927,2737.164096707927
159,27.37164096707927,2737.164096707927,27.37164096707927,2737.164096707927,27.37164096707927,2737.164096707927,27.37164096707927,2737.164096707927,27.37164096707927,2737.164096707927
160,27.264943320531536,2726.494332053154,27.264943320531536,2726.494332053154,27.264943320531536,2726.494332053154,27.264943320531536,2726.494332053154,27.264943320531536,2726.494332053154
161,27.264943320531536,2726.494332053154,27.264943320531536,2726.494332053154,27.264943320531536,2726.494332053154,27.264943320531536,2726.494332053154,27.264943320531536,2726.494332053154
162,27.374594589694865,2737.4594589694866,27.374594589694865,2737.4594589694866,27.374594589694865,2737.4594589694866,27.374594589694865,2737.4594589694866,27.374594589694865,2737.4594589694866
163,27.37452482270693,2737.452482270693,27.37452482270693,2737.452482270693,27.37452482270693,2737.452482270693,27.37452482270693,2737.452482270693,27.37452482270693,2737.452482270693
164,27.37452482270693,2737.452482270693,27.37452482270693,2737.452482270693,27.37452482270693,2737.452482270693,27.37452482270693,2737.452482270693,27.37452482270693,2737.452482270693
165,27.036717333212962,2703.6717333212964,27.036717333212962,2703.6717333212964,27.036717333212962,2703.6717333212964,27.036717333212962,2703.6717333212964,27.036717333212962,2703.6717333212964
166,27.025495272630852,2702.549527263085,27.025495272630852,2702.549527263085,27.025495272630852,2702.549527263085,27.025495272630852,2702.549527263085,27.025495272630852,2702.549527263085
167,27.036717333212962,2703.6717333212964,27.036717333212962,2703.6717333212964,27.036717333212962,2703.6717333212964,27.036717333212962,2703.6717333212964,27.036717333212962,2703.6717333212964
168,27.036717333212962,2703.6717333212964,27.036717333212962,2703.6717333212964,27.036717333212962,2703.6717333212964,27.036717333212962,2703.6717333212964,27.036717333212962,2703.6717333212964
169,27.036717333212962,2703.6717333212964,27.036717333212962,2703.6717333212964,27.036717333212962,2703.6717333212964,27.036717333212962,2703.6717333212964,27.036717333212962,2703.6717333212964
170,27.02518278168701,2702.5182781687013,27.02518278168701,2702.5182781687013,27.02518278168701,2702.5182781687013,27.02518278168701,2702.5182781687013,27.02518278168701,2702.5182781687013
171,27.02518278168701,2702.5182781687013,27.02518278168701,2702.5182781687013,27.02518278168701,2702.5182781687013,27.02518278168701,2702.5182781687013,27.02518278168701,2702.5182781687013
172,27.982423202120923,2798.242320212092,27.982423202120923,2798.242320212092,27.982423202120923,2798.242320212092,27.982423202120923,2798.242320212092,27.982423202120923,2798.242320212092
173,27.982423202120923,2798.242320212092,27.982423202120923,2798.242320212092,27.982423202120923,2798.242320212092,27.982423202120923,2798.242320212092,27.982423202120923,2798.242320212092
174,27.982423202120923,2798.242320212092,27.982423202120923,2798.242320212092,27.982423202120923,2798.242320212092,27.982423202120923,2798.242320212092,27.982423202120923,2798.242320212092
175,26.49031466440071,2649.031466440071,26.49031466440071,2649.031466440071,26.49031466440071,2649.031466440071,26.49031466440071,2649.031466440071,26.49031466440071,2649.031466440071
176,24.663576144472877,2466.3576144472877,24.663576144472877,2466.3576144472877,24.663576144472877,2466.3576144472877,24.663576144472877,2466.3576144472877,24.663576144472877,2466.3576144472877
177,24.663576144472877,2466.3576144472877,24.663576144472877,2466.3576144472877,24.663576144472877,2466.3576144472877,24.663576144472877,2466.3576144472877,24.663576144472877,2466.3576144472877
178,24.663576144472877,2466.3576144472877,24.663576144472877,2466.3576144472877,24.663576144472877,2466.3576144472877,24.663576144472877,2466.3576144472877,24.663576144472877,2466.3576144472877
179,27.370672934443245,2737.0672934443246,27.370672934443245,2737.0672934443246,27.370672934443245,2737.0672934443246,27.370672934443245,2737.0672934443246,27.370672934443245,2737.0672934443246
180,27.370672934443245,2737.0672934443246,27.370672934443245,2737.0672934443246,27.370672934443245,2737.0672934443246,27.370672934443245,2737.0672934443246,27.370672934443245,2737.0672934443246
181,27.094685342294323,2709.4685342294324,27.094685342294323,2709.4685342294324,27.094685342294323,2709.4685342294324,27.094685342294323,2709.4685342294324,27.094685342294323,2709.4685342294324
182,27.094685342294323,2709.4685342294324,27.094685342294323,2709.4685342294324,27.094685342294323,2709.4685342294324,27.094685342294323,2709.4685342294324,27.094685342294323,2709.4685342294324
183,21.030286381382876,2103.0286381382875,21.030286381382876,2103.0286381382875,21.030286381382876,2103.0286381382875,21.030286381382876,2103.0286381382875,21.030286381382876,2103.0286381382875
184,21.030286381382876,2103.0286381382875,21.030286381382876,2103.0286381382875,21.030286381382876,2103.0286381382875,21.030286381382876,2103.0286381382875,21.030286381382876,2103.0286381382875
185,27.024406122527683,2702.4406122527685,27.024406122527683,2702.4406122527685,27.024406122527683,2702.4406122527685,27.024406122527683,2702.4406122527685,27.024406122527683,2702.4406122527685
186,27.024406122527683,2702.4406122527685,27.024406122527683,2702.4406122527685,27.024406122527683,2702.4406122527685,27.024406122527683,2702.4406122527685,27.024406122527683,2702.4406122527685
187,27.37093137203671,2737.093137203671,27.37093137203671,2737.093137203671,27.37093137203671,2737.093137203671,27.37093137203671,2737.093137203671,27.37093137203671,2737.093137203671
188,27.37093137203671,2737.093137203671,27.37093137203671,2737.093137203671,27.37093137203671,2737.093137203671,27.37093137203671,2737.093137203671,27.37093137203671,2737.093137203671
189,27.281379760291713,2728.137976029171,27.281379760291713,2728.137976029171,27.281379760291713,2728.137976029171,27.281379760291713,2728.137976029171,27.281379760291713,2728.137976029171
190,27.281379760291713,2728.137976029171,27.281379760291713,2728.137976029171,27.281379760291713,2728.137976029171,27.281379760291713,2728.137976029171,27.281379760291713,2728.137976029171
191,27.26877660137437,2726.877660137437,27.26877660137437,2726.877660137437,27.26877660137437,2726.877660137437,27.26877660137437,2726.877660137437,27.26877660137437,2726.877660137437
192,27.26877660137437,2726.877660137437,27.26877660137437,2726.877660137437,27.26877660137437,2726.877660137437,27.26877660137437,2726.877660137437,27.26877660137437,2726.877660137437
193,27.324337250884874,2732.4337250884873,27.324337250884874,2732.4337250884873,27.324337250884874,2732.4337250884873,27.324337250884874,2732.4337250884873,27.324337250884874,2732.4337250884873
194,27.324337250884874,2732.4337250884873,27.324337250884874,2732.4337250884873,27.324337250884874,2732.4337250884873,27.324337250884874,2732.4337250884873,27.324337250884874,2732.4337250884873
195,27.380898288374823,2738.0898288374824,27.380898288374823,2738.0898288374824,27.380898288374823,2738.0898288374824,27.380898288374823,2738.0898288374824,27.380898288374823,2738.0898288374824
196,27.372975076227288,2737.297507622729,27.372975076227288,2737.297507622729,27.372975076227288,2737.297507622729,27.372975076227288,2737.297507622729,27.372975076227288,2737.297507622729
197,27.380898288374823,2738.0898288374824,27.380898288374823,2738.0898288374824,27.380898288374823,2738.0898288374824,27.380898288374823,2738.0898288374824,27.380898288374823,2738.0898288374824
198,27.380898288374823,2738.0898288374824,27.380898288374823,2738.0898288374824,27.380898288374823,2738.0898288374824,27.380898288374823,2738.0898288374824,27.380898288374823,2738.0898288374824
199,27.372975076227288,2737.297507622729,27.372975076227288,2737.297507622729,27.372975076227288,2737.297507622729,27.372975076227288,2737.297507622729,27.372975076227288,2737.297507622729
200,27.374313867329185,2737.4313867329183,27.374313867329185,2737.4313867329183,27.374313867329185,2737.4313867329183,27.374313867329185,2737.4313867329183,27.374313867329185,2737.4313867329183
201,27.374313867329185,2737.4313867329183,27.374313867329185,2737.4313867329183,27.374313867329185,2737.4313867329183,27.374313867329185,2737.4313867329183,27.374313867329185,2737.4313867329183
202,28.341871158328615,2834.1871158328613,28.341871158328615,2834.1871158328613,28.341871158328615,2834.1871158328613,28.341871158328615,2834.1871158328613,28.341871158328615,2834.1871158328613
203,28.341871158328615,2834.1871158328613,28.341871158328615,2834.1871158328613,28.341871158328615,2834.1871158328613,28.341871158328615,2834.1871158328613,28.341871158328615,2834.1871158328613
204,28.341871158328615,2834.1871158328613,28.341871158328615,2834.1871158328613,28.341871158328615,2834.1871158328613,28.341871158328615,2834.1871158328613,28.341871158328615,2834.1871158328613
205,27.27130383622287,2727.130383622287,27.27130383622287,2727.130383622287,27.27130383622287,2727.130383622287,27.27130383622287,2727.130383622287,27.27130383622287,2727.130383622287
206,27.27130383622287,2727.130383622287,27.27130383622287,2727.130383622287,27.27130383622287,2727.130383622287,27.27130383622287,2727.130383622287,27.27130383622287,2727.130383622287
207,27.27130383622287,2727.130383622287,27.27130383622287,2727.130383622287,27.27130383622287,2727.130383622287,27.27130383622287,2727.130383622287,27.27130383622287,2727.130383622287
208,27.341263390365917,2734.1263390365916,27.341263390365917,2734.1263390365916,27.341263390365917,2734.1263390365916,27.341263390365917,2734.1263390365916,27.341263390365917,2734.1263390365916
209,27.341263390365917,2734.1263390365916,27.341263390365917,2734.1263390365916,27.341263390365917,2734.1263390365916,27.341263390365917,2734.1263390365916,27.341263390365917,2734.1263390365916
210,26.786028768800616,2678.6028768800616,26.786028768800616,2678.6028768800616,26.786028768800616,2678.6028768800616,26.786028768800616,2678.6028768800616,26.786028768800616,2678.6028768800616
211,26.786028768800616,2678.6028768800616,26.786028768800616,2678.6028768800616,26.786028768800616,2678.6028768800616,26.786028768800616,2678.6028768800616,26.786028768800616,2678.6028768800616
212,27.2644998267932,2726.4499826793203,27.2644998267932,2726.4499826793203,27.2644998267932,2726.4499826793203,27.2644998267932,2726.4499826793203,27.2644998267932,2726.4499826793203
213,27.2644998267932,2726.4499826793203,27.2644998267932,2726.4499826793203,27.2644998267932,2726.4499826793203,27.2644998267932,2726.4499826793203,27.2644998267932,2726.4499826793203
214,27.373616835871545,2737.3616835871544,27.373616835871545,2737.3616835871544,27.373616835871545,2737.3616835871544,27.373616835871545,2737.3616835871544,27.373616835871545,2737.3616835871544
215,27.373616835871545,2737.3616835871544,27.373616835871545,2737.3616835871544,27.373616835871545,2737.3616835871544,27.373616835871545,2737.3616835871544,27.373616835871545,2737.3616835871544
216,27.221147148235247,2722.1147148235245,27.221147148235247,2722.1147148235245,27.221147148235247,2722.1147148235245,27.221147148235247,2722.1147148235245,27.221147148235247,2722.1147148235245
217,27.221147148235247,2722.1147148235245,27.221147148235247,2722.1147148235245,27.221147148235247,2722.1147148235245,27.221147148235247,2722.1147148235245,27.221147148235247,2722.1147148235245
218,27.269564174623614,2726.9564174623615,27.269564174623614,2726.9564174623615,27.269564174623614,2726.9564174623615,27.269564174623614,2726.9564174623615,27.269564174623614,2726.9564174623615
219,27.269564174623614,2726.9564174623615,27.269564174623614,2726.9564174623615,27.269564174623614,2726.9564174623615,27.269564174623614,2726.9564174623615,27.269564174623614,2726.9564174623615
220,27.24620646575016,2724.620646575016,27.24620646575016,2724.620646575016,27.24620646575016,2724.620646575016,27.24620646575016,2724.620646575016,27.24620646575016,2724.620646575016
221,29.41695249820211,2941.6952498202113,29.41695249820211,2941.6952498202113,29.41695249820211,2941.6952498202113,29.41695249820211,2941.6952498202113,29.41695249820211,2941.6952498202113
222,27.24620646575016,2724.620646575016,27.24620646575016,2724.620646575016,27.24620646575016,2724.620646575016,27.24620646575016,2724.620646575016,27.24620646575016,2724.620646575016
223,27.24620646575016,2724.620646575016,27.24620646575016,2724.620646575016,27.24620646575016,2724.620646575016,27.24620646575016,2724.620646575016,27.24620646575016,2724.620646575016
224,27.24620646575016,2724.620646575016,27.24620646575016,2724.620646575016,27.24620646575016,2724.620646575016,27.24620646575016,2724.620646575016,27.24620646575016,2724.620646575016
225,27.24620646575016,2724.620646575016,27.24620646575016,2724.620646575016,27.24620646575016,2724.620646575016,27.24620646575016,2724.620646575016,27.24620646575016,2724.620646575016
226,27.024898349986927,2702.4898349986925,27.024898349986927,2702.4898349986925,27.024898349986927,2702.4898349986925,27.024898349986927,2702.4898349986925,27.024898349986927,2702.4898349986925
227,27.024898349986927,2702.4898349986925,27.024898349986927,2702.4898349986925,27.024898349986927,2702.4898349986925,27.024898349986927,2702.4898349986925,27.024898349986927,2702.4898349986925
228,26.988135034888856,2698.8135034888855,26.988135034888856,2698.8135034888855,26.988135034888856,2698.8135034888855,26.988135034888856,2698.8135034888855,26.988135034888856,2698.8135034888855
229,26.988135034888856,2698.8135034888855,26.988135034888856,2698.8135034888855,26.988135034888856,2698.8135034888855,26.988135034888856,2698.8135034888855,26.988135034888856,2698.8135034888855
230,27.062817273527195,2706.2817273527194,27.062817273527195,2706.2817273527194,27.062817273527195,2706.2817273527194,27.062817273527195,2706.2817273527194,27.062817273527195,2706.2817273527194
231,27.062817273527195,2706.2817273527194,27.062817273527195,2706.2817273527194,27.062817273527195,2706.2817273527194,27.062817273527195,2706.2817273527194,27.062817273527195,2706.2817273527194
232,27.373673005446214,2737.3673005446212,27.373673005446214,2737.3673005446212,27.373673005446214,2737.3673005446212,27.373673005446214,2737.3673005446212,27.373673005446214,2737.3673005446212
233,27.37214899730711,2737.2148997307113,27.37214899730711,2737.2148997307113,27.37214899730711,2737.2148997307113,27.37214899730711,2737.2148997307113,27.37214899730711,2737.2148997307113
234,27.37214899730711,2737.2148997307113,27.37214899730711,2737.2148997307113,27.37214899730711,2737.2148997307113,27.37214899730711,2737.2148997307113,27.37214899730711,2737.2148997307113
235,27.278068842443606,2727.8068842443604,27.278068842443606,2727.8068842443604,27.278068842443606,2727.8068842443604,27.278068842443606,2727.8068842443604,27.278068842443606,2727.8068842443604
236,27.295176594296173,2729.517659429617,27.295176594296173,2729.517659429617,27.295176594296173,2729.517659429617,27.295176594296173,2729.517659429617,27.295176594296173,2729.517659429617
237,27.295176594296173,2729.517659429617,27.295176594296173,2729.517659429617,27.295176594296173,2729.517659429617,27.295176594296173,2729.517659429617,27.295176594296173,2729.517659429617
238,26.74558175144663,2674.558175144663,26.74558175144663,2674.558175144663,26.74558175144663,2674.558175144663,26.74558175144663,2674.558175144663,26.74558175144663,2674.558175144663
239,26.74558175144663,2674.558175144663,26.74558175144663,2674.558175144663,26.74558175144663,2674.558175144663,26.74558175144663,2674.558175144663,26.74558175144663,2674.558175144663
240,27.28935221734241,2728.935221734241,27.28935221734241,2728.935221734241,27.28935221734241,2728.935221734241,27.28935221734241,2728.935221734241,27.28935221734241,2728.935221734241
241,27.28935221734241,2728.935221734241,27.28935221734241,2728.935221734241,27.28935221734241,2728.935221734241,27.28935221734241,2728.935221734241,27.28935221734241,2728.935221734241
242,27.370983551495897,2737.0983551495897,27.370983551495897,2737.0983551495897,27.370983551495897,2737.0983551495897,27.370983551495897,2737.0983551495897,27.370983551495897,2737.0983551495897
243,27.370983551495897,2737.0983551495897,27.370983551495897,2737.0983551495897,27.370983551495897,2737.0983551495897,27.370983551495897,2737.0983551495897,27.370983551495897,2737.0983551495897
244,27.692021382520625,2769.2021382520625,27.692021382520625,2769.2021382520625,27.692021382520625,2769.2021382520625,27.692021382520625,2769.2021382520625,27.692021382520625,2769.2021382520625
245,27.692021382520625,2769.2021382520625,27.692021382520625,2769.2021382520625,27.692021382520625,2769.2021382520625,27.692021382520625,2769.2021382520625,27.692021382520625,2769.2021382520625
246,26.411836957651182,2641.183695765118,26.411836957651182,2641.183695765118,26.411836957651182,2641.183695765118,26.411836957651182,2641.183695765118,26.411836957651182,2641.183695765118
247,22.201197798539987,2220.119779853999,22.201197798539987,2220.119779853999,22.201197798539987,2220.119779853999,22.201197798539987,2220.119779853999,22.201197798539987,2220.119779853999
248,26.411836957651182,2641.183695765118,26.411836957651182,2641.183695765118,26.411836957651182,2641.183695765118,26.411836957651182,2641.183695765118,26.411836957651182,2641.183695765118
249,26.411836957651182,2641.183695765118,26.411836957651182,2641.183695765118,26.411836957651182,2641.183695765118,26.411836957651182,2641.183695765118,26.411836957651182,2641.183695765118
250,26.411836957651182,2641.183695765118,26.411836957651182,2641.183695765118,26.411836957651182,2641.183695765118,26.411836957651182,2641.183695765118,26.411836957651182,2641.183695765118
251,26.904703631162867,2690.4703631162865,26.904703631162867,2690.4703631162865,26.904703631162867,2690.4703631162865,26.904703631162867,2690.4703631162865,26.904703631162867,2690.4703631162865
252,26.904703631162867,2690.4703631162865,26.904703631162867,2690.4703631162865,26.904703631162867,2690.4703631162865,26.904703631162867,2690.4703631162865,26.904703631162867,2690.4703631162865
253,27.064962591989346,2706.4962591989347,27.064962591989346,2706.4962591989347,27.064962591989346,2706.4962591989347,27.064962591989346,2706.4962591989347,27.064962591989346,2706.4962591989347
254,27.064962591989346,2706.4962591989347,27.064962591989346,2706.4962591989347,27.064962591989346,2706.4962591989347,27.064962591989346,2706.4962591989347,27.064962591989346,2706.4962591989347
255,27.064962591989346,2706.4962591989347,27.064962591989346,2706.4962591989347,27.064962591989346,2706.4962591989347,27.064962591989346,2706.4962591989347,27.064962591989346,2706.4962591989347
256,27.064962591989346,2706.4962591989347,27.064962591989346,2706.4962591989347,27.064962591989346,2706.4962591989347,27.064962591989346,2706.4962591989347,27.064962591989346,2706.4962591989347
257,27.064962591989346,2706.4962591989347,27.064962591989346,2706.4962591989347,27.064962591989346,2706.4962591989347,27.064962591989346,2706.4962591989347,27.064962591989346,2706.4962591989347
258,27.064962591989346,2706.4962591989347,27.064962591989346,2706.4962591989347,27.064962591989346,2706.4962591989347,27.064962591989346,2706.4962591989347,27.064962591989346,2706.4962591989347
259,27.064962591989346,2706.4962591989347,27.064962591989346,2706.4962591989347,27.064962591989346,2706.4962591989347,27.064962591989346,2706.4962591989347,27.064962591989346,2706.4962591989347
260,27.03154216366659,2703.154216366659,27.03154216366659,2703.154216366659,27.03154216366659,2703.154216366659,27.03154216366659,2703.154216366659,27.03154216366659,2703.154216366659
261,27.03154216366659,2703.154216366659,27.03154216366659,2703.154216366659,27.03154216366659,2703.154216366659,27.03154216366659,2703.154216366659,27.03154216366659,2703.154216366659
262,27.373245028608714,2737.3245028608712,27.373245028608714,2737.3245028608712,27.373245028608714,2737.3245028608712,27.373245028608714,2737.3245028608712,27.373245028608714,2737.3245028608712
263,27.37121715333062,2737.1217153330617,27.37121715333062,2737.1217153330617,27.37121715333062,2737.1217153330617,27.37121715333062,2737.1217153330617,27.37121715333062,2737.1217153330617
264,27.373245028608714,2737.3245028608712,27.373245028608714,2737.3245028608712,27.373245028608714,2737.3245028608712,27.373245028608714,2737.3245028608712,27.373245028608714,2737.3245028608712
265,27.373245028608714,2737.3245028608712,27.373245028608714,2737.3245028608712,27.373245028608714,2737.3245028608712,27.373245028608714,2737.3245028608712,27.373245028608714,2737.3245028608712
266,27.37121715333062,2737.1217153330617,27.37121715333062,2737.1217153330617,27.37121715333062,2737.1217153330617,27.37121715333062,2737.1217153330617,27.37121715333062,2737.1217153330617
267,27.273149219633865,2727.3149219633865,27.273149219633865,2727.3149219633865,27.273149219633865,2727.3149219633865,27.273149219633865,2727.3149219633865,27.273149219633865,2727.3149219633865
268,27.273149219633865,2727.3149219633865,27.273149219633865,2727.3149219633865,27.273149219633865,2727.3149219633865,27.273149219633865,2727.3149219633865,27.273149219633865,2727.3149219633865
269,28.431354053865494,2843.1354053865493,28.431354053865494,2843.1354053865493,28.431354053865494,2843.1354053865493,28.431354053865494,2843.1354053865493,28.431354053865494,2843.1354053865493
270,28.431354053865494,2843.1354053865493,28.431354053865494,2843.1354053865493,28.431354053865494,2843.1354053865493,28.431354053865494,2843.1354053865493,28.431354053865494,2843.1354053865493
271,27.280075281191362,2728.007528119136,27.280075281191362,2728.007528119136,27.280075281191362,2728.007528119136,27.280075281191362,2728.007528119136,27.280075281191362,2728.007528119136
272,27.298339889231254,2729.8339889231256,27.298339889231254,2729.8339889231256,27.298339889231254,2729.8339889231256,27.298339889231254,2729.8339889231256,27.298339889231254,2729.8339889231256
273,27.298339889231254,2729.8339889231256,27.298339889231254,2729.8339889231256,27.298339889231254,2729.8339889231256,27.298339889231254,2729.8339889231256,27.298339889231254,2729.8339889231256
274,18.841809005611964,1884.1809005611963,18.841809005611964,1884.1809005611963,18.841809005611964,1884.1809005611963,18.841809005611964,1884.1809005611963,18.841809005611964,1884.1809005611963
275,18.841809005611964,1884.1809005611963,18.841809005611964,1884.1809005611963,18.841809005611964,1884.1809005611963,18.841809005611964,1884.1809005611963,18.841809005611964,1884.1809005611963
276,27.37032065468849,2737.032065468849,27.37032065468849,2737.032065468849,27.37032065468849,2737.032065468849,27.37032065468849,2737.032065468849,27.37032065468849,2737.032065468849
277,27.37032065468849,2737.032065468849,27.37032065468849,2737.032065468849,27.37032065468849,2737.032065468849,27.37032065468849,2737.032065468849,27.37032065468849,2737.032065468849
278,27.37032065468849,2737.032065468849,27.37032065468849,2737.032065468849,27.37032065468849,2737.032065468849,27.37032065468849,2737.032065468849,27.37032065468849,2737.032065468849
279,26.92237813545709,2692.2378135457093,26.92237813545709,2692.2378135457093,26.92237813545709,2692.2378135457093,26.92237813545709,2692.2378135457093,26.92237813545709,2692.2378135457093
280,26.92237813545709,2692.2378135457093,26.92237813545709,2692.2378135457093,26.92237813545709,2692.2378135457093,26.92237813545709,2692.2378135457093,26.92237813545709,2692.2378135457093
281,27.108326253525366,2710.8326253525365,27.108326253525366,2710.8326253525365,27.108326253525366,2710.8326253525365,27.108326253525366,2710.8326253525365,27.108326253525366,2710.8326253525365
282,27.108326253525366,2710.8326253525365,27.108326253525366,2710.8326253525365,27.108326253525366,2710.8326253525365,27.108326253525366,2710.8326253525365,27.108326253525366,2710.8326253525365
283,27.308464051143975,2730.8464051143974,27.308464051143975,2730.8464051143974,27.308464051143975,2730.8464051143974,27.308464051143975,2730.8464051143974,27.308464051143975,2730.8464051143974
284,27.308464051143975,2730.8464051143974,27.308464051143975,2730.8464051143974,27.308464051143975,2730.8464051143974,27.308464051143975,2730.8464051143974,27.308464051143975,2730.8464051143974
285,27.072842316563303,2707.28423165633,27.072842316563303,2707.28423165633,27.072842316563303,2707.28423165633,27.072842316563303,2707.28423165633,27.072842316563303,2707.28423165633
286,27.072842316563303,2707.28423165633,27.072842316563303,2707.28423165633,27.072842316563303,2707.28423165633,27.072842316563303,2707.28423165633,27.072842316563303,2707.28423165633
287,27.371732937644342,2737.173293764434,27.371732937644342,2737.173293764434,27.371732937644342,2737.173293764434,27.371732937644342,2737.173293764434,27.371732937644342,2737.173293764434
288,27.371732937644342,2737.173293764434,27.371732937644342,2737.173293764434,27.371732937644342,2737.173293764434,27.371732937644342,2737.173293764434,27.371732937644342,2737.173293764434
289,27.009683146884797,2700.9683146884795,27.009683146884797,2700.9683146884795,27.009683146884797,2700.9683146884795,27.009683146884797,2700.9683146884795,27.009683146884797,2700.9683146884795
290,27.009683146884797,2700.9683146884795,27.009683146884797,2700.9683146884795,27.009683146884797,2700.9683146884795,27.009683146884797,2700.9683146884795,27.009683146884797,2700.9683146884795
291,27.371193182832133,2737.1193182832135,27.371193182832133,2737.1193182832135,27.371193182832133,2737.1193182832135,27.371193182832133,2737.1193182832135,27.371193182832133,2737.1193182832135
292,27.371193182832133,2737.1193182832135,27.371193182832133,2737.1193182832135,27.371193182832133,2737.1193182832135,27.371193182832133,2737.1193182832135,27.371193182832133,2737.1193182832135
293,27.25719000710206,2725.7190007102063,27.25719000710206,2725.7190007102063,27.25719000710206,2725.7190007102063,27.25719000710206,2725.7190007102063,27.25719000710206,2725.7190007102063
294,27.25719000710206,2725.7190007102063,27.25719000710206,2725.7190007102063,27.25719000710206,2725.7190007102063,27.25719000710206,2725.7190007102063,27.25719000710206,2725.7190007102063
295,28.250635561030933,2825.063556103093,28.250635561030933,2825.063556103093,28.250635561030933,2825.063556103093,28.250635561030933,2825.063556103093,28.250635561030933,2825.063556103093
296,28.250635561030933,2825.063556103093,28.250635561030933,2825.063556103093,28.250635561030933,2825.063556103093,28.250635561030933,2825.063556103093,28.250635561030933,2825.063556103093
297,27.20930970322944,2720.930970322944,27.20930970322944,2720.930970322944,27.20930970322944,2720.930970322944,27.20930970322944,2720.930970322944,27.20930970322944,2720.930970322944
298,27.29502002517327,2729.5020025173267,27.29502002517327,2729.5020025173267,27.29502002517327,2729.5020025173267,27.29502002517327,2729.5020025173267,27.29502002517327,2729.5020025173267
299,27.29502002517327,2729.5020025173267,27.29502002517327,2729.5020025173267,27.29502002517327,2729.5020025173267,27.29502002517327,2729.5020025173267,27.29502002517327,2729.5020025173267
300,40.4517657635866,4045.17657635866,40.4517657635866,4045.17657635866,40.4517657635866,4045.17657635866,40.4517657635866,4045.17657635866,40.4517657635866,4045.17657635866
301,40.4517657635866,4045.17657635866,40.4517657635866,4045.17657635866,40.4517657635866,4045.17657635866,40.4517657635866,4045.17657635866,40.4517657635866,4045.17657635866
302,40.4517657635866,4045.17657635866,40.4517657635866,4045.17657635866,40.4517657635866,4045.17657635866,40.4517657635866,4045.17657635866,40.4517657635866,4045.17657635866
303,40.4517657635866,4045.17657635866,40.4517657635866,4045.17657635866,40.4517657635866,4045.17657635866,40.4517657635866,4045.17657635866,40.4517657635866,4045.17657635866
304,27.15043855791976,2715.043855791976,27.15043855791976,2715.043855791976,27.15043855791976,2715.043855791976,27.15043855791976,2715.043855791976,27.15043855791976,2715.043855791976
305,27.15043855791976,2715.043855791976,27.15043855791976,2715.043855791976,27.15043855791976,2715.043855791976,27.15043855791976,2715.043855791976,27.15043855791976,2715.043855791976
306,27.15043855791976,2715.043855791976,27.15043855791976,2715.043855791976,27.15043855791976,2715.043855791976,27.15043855791976,2715.043855791976,27.15043855791976,2715.043855791976
307,27.15043855791976,2715.043855791976,27.15043855791976,2715.043855791976,27.15043855791976,2715.043855791976,27.15043855791976,2715.043855791976,27.15043855791976,2715.043855791976
308,27.205183811481582,2720.5183811481584,27.205183811481582,2720.5183811481584,27.205183811481582,2720.5183811481584,27.205183811481582,2720.5183811481584,27.205183811481582,2720.5183811481584
309,27.205183811481582,2720.5183811481584,27.205183811481582,2720.5183811481584,27.205183811481582,2720.5183811481584,27.205183811481582,2720.5183811481584,27.205183811481582,2720.5183811481584
310,27.11126576930023,2711.126576930023,27.11126576930023,2711.126576930023,27.11126576930023,2711.126576930023,27.11126576930023,2711.126576930023,27.11126576930023,2711.126576930023
311,27.11126576930023,2711.126576930023,27.11126576930023,2711.126576930023,27.11126576930023,2711.126576930023,27.11126576930023,2711.126576930023,27.11126576930023,2711.126576930023
312,27.269840242155784,2726.9840242155783,27.269840242155784,2726.9840242155783,27.269840242155784,2726.9840242155783,27.269840242155784,2726.9840242155783,27.269840242155784,2726.9840242155783
313,27.269840242155784,2726.9840242155783,27.269840242155784,2726.9840242155783,27.269840242155784,2726.9840242155783,27.269840242155784,2726.9840242155783,27.269840242155784,2726.9840242155783
314,28.16972858889713,2816.972858889713,28.16972858889713,2816.972858889713,28.16972858889713,2816.972858889713,28.16972858889713,2816.972858889713,28.16972858889713,2816.972858889713
315,28.16972858889713,2816.972858889713,28.16972858889713,2816.972858889713,28.16972858889713,2816.972858889713,28.16972858889713,2816.972858889713,28.16972858889713,2816.972858889713
316,14.929482925908985,1492.9482925908985,14.929482925908985,1492.9482925908985,14.929482925908985,1492.9482925908985,14.929482925908985,1492.9482925908985,14.929482925908985,1492.9482925908985
317,14.929482925908985,1492.9482925908985,14.929482925908985,1492.9482925908985,14.929482925908985,1492.9482925908985,14.929482925908985,1492.9482925908985,14.929482925908985,1492.9482925908985
318,27.131343740116748,2713.134374011675,27.131343740116748,2713.134374011675,27.131343740116748,2713.134374011675,27.131343740116748,2713.134374011675,27.131343740116748,2713.134374011675
319,27.131343740116748,2713.134374011675,27.131343740116748,2713.134374011675,27.131343740116748,2713.134374011675,27.131343740116748,2713.134374011675,27.131343740116748,2713.134374011675
320,27.3706617978667,2737.06617978667,27.3706617978667,2737.06617978667,27.3706617978667,2737.06617978667,27.3706617978667,2737.06617978667,27.3706617978667,2737.06617978667
321,27.3706617978667,2737.06617978667,27.3706617978667,2737.06617978667,27.3706617978667,2737.06617978667,27.3706617978667,2737.06617978667,27.3706617978667,2737.06617978667
322,27.183962273512662,2718.396227351266,27.183962273512662,2718.396227351266,27.183962273512662,2718.396227351266,27.183962273512662,2718.396227351266,27.183962273512662,2718.396227351266
323,27.183962273512662,2718.396227351266,27.183962273512662,2718.396227351266,27.183962273512662,2718.396227351266,27.183962273512662,2718.396227351266,27.183962273512662,2718.396227351266
324,27.162247145081942,2716.224714508194,27.162247145081942,2716.224714508194,27.162247145081942,2716.224714508194,27.162247145081942,2716.224714508194,27.162247145081942,2716.224714508194
325,27.162247145081942,2716.224714508194,27.162247145081942,2716.224714508194,27.162247145081942,2716.224714508194,27.162247145081942,2716.224714508194,27.162247145081942,2716.224714508194
326,27.371016560761326,2737.1016560761327,27.371016560761326,2737.1016560761327,27.371016560761326,2737.1016560761327,27.371016560761326,2737.1016560761327,27.371016560761326,2737.1016560761327
327,27.371016560761326,2737.1016560761327,27.371016560761326,2737.1016560761327,27.371016560761326,2737.1016560761327,27.371016560761326,2737.1016560761327,27.371016560761326,2737.1016560761327
328,27.077149309206273,2707.7149309206275,27.077149309206273,2707.7149309206275,27.077149309206273,2707.7149309206275,27.077149309206273,2707.7149309206275,27.077149309206273,2707.7149309206275
329,27.077149309206273,2707.7149309206275,27.077149309206273,2707.7149309206275,27.077149309206273,2707.7149309206275,27.077149309206273,2707.7149309206275,27.077149309206273,2707.7149309206275
330,26.718925188007546,2671.8925188007547,26.718925188007546,2671.8925188007547,26.718925188007546,2671.8925188007547,26.718925188007546,2671.8925188007547,26.718925188007546,2671.8925188007547
331,26.718925188007546,2671.8925188007547,26.718925188007546,2671.8925188007547,26.718925188007546,2671.8925188007547,26.718925188007546,2671.8925188007547,26.718925188007546,2671.8925188007547
332,26.685433059039426,2668.5433059039424,26.685433059039426,2668.5433059039424,26.685433059039426,2668.5433059039424,26.685433059039426,2668.5433059039424,26.685433059039426,2668.5433059039424
333,26.7043163762921,2670.43163762921,26.7043163762921,2670.43163762921,26.7043163762921,2670.43163762921,26.7043163762921,2670.43163762921,26.7043163762921,2670.43163762921
334,26.7043163762921,2670.43163762921,26.7043163762921,2670.43163762921,26.7043163762921,2670.43163762921,26.7043163762921,2670.43163762921,26.7043163762921,2670.43163762921
335,26.7043163762921,2670.43163762921,26.7043163762921,2670.43163762921,26.7043163762921,2670.43163762921,26.7043163762921,2670.43163762921,26.7043163762921,2670.43163762921
336,29.19934843126237,2919.934843126237,29.19934843126237,2919.934843126237,29.19934843126237,2919.934843126237,29.19934843126237,2919.934843126237,29.19934843126237,2919.934843126237
337,29.19934843126237,2919.934843126237,29.19934843126237,2919.934843126237,29.19934843126237,2919.934843126237,29.19934843126237,2919.934843126237,29.19934843126237,2919.934843126237
338,8.143000000000026,814.3000000000026,8.143000000000026,814.3000000000026,8.143000000000026,814.3000000000026,8.143000000000026,814.3000000000026,8.143000000000026,814.3000000000026
339,8.143000000000026,814.3000000000026,8.143000000000026,814.3000000000026,8.143000000000026,814.3000000000026,8.143000000000026,814.3000000000026,8.143000000000026,814.3000000000026
340,26.84020871486024,2684.0208714860237,26.84020871486024,2684.0208714860237,26.84020871486024,2684.0208714860237,26.84020871486024,2684.0208714860237,26.84020871486024,2684.0208714860237
341,26.84020871486024,2684.0208714860237,26.84020871486024,2684.0208714860237,26.84020871486024,2684.0208714860237,26.84020871486024,2684.0208714860237,26.84020871486024,2684.0208714860237
342,27.35810285715207,2735.810285715207,27.35810285715207,2735.810285715207,27.35810285715207,2735.810285715207,27.35810285715207,2735.810285715207,27.35810285715207,2735.810285715207
343,27.35810285715207,2735.810285715207,27.35810285715207,2735.810285715207,27.35810285715207,2735.810285715207,27.35810285715207,2735.810285715207,27.35810285715207,2735.810285715207
344,27.35810285715207,2735.810285715207,27.35810285715207,2735.810285715207,27.35810285715207,2735.810285715207,27.35810285715207,2735.810285715207,27.35810285715207,2735.810285715207
345,27.371000104417934,2737.1000104417935,27.371000104417934,2737.1000104417935,27.371000104417934,2737.1000104417935,27.371000104417934,2737.1000104417935,27.371000104417934,2737.1000104417935
346,27.371000104417934,2737.1000104417935,27.371000104417934,2737.1000104417935,27.371000104417934,2737.1000104417935,27.371000104417934,2737.1000104417935,27.371000104417934,2737.1000104417935
347,27.028535775985706,2702.8535775985706,27.028535775985706,2702.8535775985706,27.028535775985706,2702.8535775985706,27.028535775985706,2702.8535775985706,27.028535775985706,2702.8535775985706
348,27.028535775985706,2702.8535775985706,27.028535775985706,2702.8535775985706,27.028535775985706,2702.8535775985706,27.028535775985706,2702.8535775985706,27.028535775985706,2702.8535775985706
349,27.364030883274136,2736.4030883274136,27.364030883274136,2736.4030883274136,27.364030883274136,2736.4030883274136,27.364030883274136,2736.4030883274136,27.364030883274136,2736.4030883274136
350,27.364030883274136,2736.4030883274136,27.364030883274136,2736.4030883274136,27.364030883274136,2736.4030883274136,27.364030883274136,2736.4030883274136,27.364030883274136,2736.4030883274136
351,27.364030883274136,2736.4030883274136,27.364030883274136,2736.4030883274136,27.364030883274136,2736.4030883274136,27.364030883274136,2736.4030883274136,27.364030883274136,2736.4030883274136
352,27.364030883274136,2736.4030883274136,27.364030883274136,2736.4030883274136,27.364030883274136,2736.4030883274136,27.364030883274136,2736.4030883274136,27.364030883274136,2736.4030883274136
353,27.364030883274136,2736.4030883274136,27.364030883274136,2736.4030883274136,27.364030883274136,2736.4030883274136,27.364030883274136,2736.4030883274136,27.364030883274136,2736.4030883274136
354,27.37313893070786,2737.313893070786,27.37313893070786,2737.313893070786,27.37313893070786,2737.313893070786,27.37313893070786,2737.313893070786,27.37313893070786,2737.313893070786
355,27.37313893070786,2737.313893070786,27.37313893070786,2737.313893070786,27.37313893070786,2737.313893070786,27.37313893070786,2737.313893070786,27.37313893070786,2737.313893070786
356,27.4817568493712,2748.17568493712,27.4817568493712,2748.17568493712,27.4817568493712,2748.17568493712,27.4817568493712,2748.17568493712,27.4817568493712,2748.17568493712
357,27.4817568493712,2748.17568493712,27.4817568493712,2748.17568493712,27.4817568493712,2748.17568493712,27.4817568493712,2748.17568493712,27.4817568493712,2748.17568493712
358,27.114922279947166,2711.492227994717,27.114922279947166,2711.492227994717,27.114922279947166,2711.492227994717,27.114922279947166,2711.492227994717,27.114922279947166,2711.492227994717
359,27.114922279947166,2711.492227994717,27.114922279947166,2711.492227994717,27.114922279947166,2711.492227994717,27.114922279947166,2711.492227994717,27.114922279947166,2711.492227994717
360,26.85589306165281,2685.589306165281,26.85589306165281,2685.589306165281,26.85589306165281,2685.589306165281,26.85589306165281,2685.589306165281,26.85589306165281,2685.589306165281
361,26.85589306165281,2685.589306165281,26.85589306165281,2685.589306165281,26.85589306165281,2685.589306165281,26.85589306165281,2685.589306165281,26.85589306165281,2685.589306165281
362,26.85589306165281,2685.589306165281,26.85589306165281,2685.589306165281,26.85589306165281,2685.589306165281,26.85589306165281,2685.589306165281,26.85589306165281,2685.589306165281
363,26.85589306165281,2685.589306165281,26.85589306165281,2685.589306165281,26.85589306165281,2685.589306165281,26.85589306165281,2685.589306165281,26.85589306165281,2685.589306165281
364,26.85589306165281,2685.589306165281,26.85589306165281,2685.589306165281,26.85589306165281,2685.589306165281,26.85589306165281,2685.589306165281,26.85589306165281,2685.589306165281
365,27.369650878095488,2736.965087809549,27.369650878095488,2736.965087809549,27.369650878095488,2736.965087809549,27.369650878095488,2736.965087809549,27.369650878095488,2736.965087809549
366,27.369650878095488,2736.965087809549,27.369650878095488,2736.965087809549,27.369650878095488,2736.965087809549,27.369650878095488,2736.965087809549,27.369650878095488,2736.965087809549
367,27.013468036815787,2701.346803681579,27.013468036815787,2701.346803681579,27.013468036815787,2701.346803681579,27.013468036815787,2701.346803681579,27.013468036815787,2701.346803681579
368,27.013468036815787,2701.346803681579,27.013468036815787,2701.346803681579,27.013468036815787,2701.346803681579,27.013468036815787,2701.346803681579,27.013468036815787,2701.346803681579
369,27.025581707808463,2702.5581707808465,27.025581707808463,2702.5581707808465,27.025581707808463,2702.5581707808465,27.025581707808463,2702.5581707808465,27.025581707808463,2702.5581707808465
370,27.025581707808463,2702.5581707808465,27.025581707808463,2702.5581707808465,27.025581707808463,2702.5581707808465,27.025581707808463,2702.5581707808465,27.025581707808463,2702.5581707808465
371,27.375183540255595,2737.5183540255593,27.375183540255595,2737.5183540255593,27.375183540255595,2737.5183540255593,27.375183540255595,2737.5183540255593,27.375183540255595,2737.5183540255593
372,27.34901016415983,2734.9010164159827,27.34901016415983,2734.9010164159827,27.34901016415983,2734.9010164159827,27.34901016415983,2734.9010164159827,27.34901016415983,2734.9010164159827
373,27.34901016415983,2734.9010164159827,27.34901016415983,2734.9010164159827,27.34901016415983,2734.9010164159827,27.34901016415983,2734.9010164159827,27.34901016415983,2734.9010164159827
374,27.37008939916007,2737.008939916007,27.37008939916007,2737.008939916007,27.37008939916007,2737.008939916007,27.37008939916007,2737.008939916007,27.37008939916007,2737.008939916007
375,27.37008939916007,2737.008939916007,27.37008939916007,2737.008939916007,27.37008939916007,2737.008939916007,27.37008939916007,2737.008939916007,27.37008939916007,2737.008939916007
376,26.75832907276791,2675.832907276791,26.75832907276791,2675.832907276791,26.75832907276791,2675.832907276791,26.75832907276791,2675.832907276791,26.75832907276791,2675.832907276791
377,26.75832907276791,2675.832907276791,26.75832907276791,2675.832907276791,26.75832907276791,2675.832907276791,26.75832907276791,2675.832907276791,26.75832907276791,2675.832907276791
378,27.553174031391627,2755.3174031391627,27.553174031391627,2755.3174031391627,27.553174031391627,2755.3174031391627,27.553174031391627,2755.3174031391627,27.553174031391627,2755.3174031391627
379,27.553174031391627,2755.3174031391627,27.553174031391627,2755.3174031391627,27.553174031391627,2755.3174031391627,27.553174031391627,2755.3174031391627,27.553174031391627,2755.3174031391627
380,28.81489187590915,2881.489187590915,28.81489187590915,2881.489187590915,28.81489187590915,2881.489187590915,28.81489187590915,2881.489187590915,28.81489187590915,2881.489187590915
381,28.81489187590915,2881.489187590915,28.81489187590915,2881.489187590915,28.81489187590915,2881.489187590915,28.81489187590915,2881.489187590915,28.81489187590915,2881.489187590915
382,27.638445008013917,2763.844500801392,27.638445008013917,2763.844500801392,27.638445008013917,2763.844500801392,27.638445008013917,2763.844500801392,27.638445008013917,2763.844500801392
383,27.638445008013917,2763.844500801392,27.638445008013917,2763.844500801392,27.638445008013917,2763.844500801392,27.638445008013917,2763.844500801392,27.638445008013917,2763.844500801392
384,27.12849289826573,2712.849289826573,27.12849289826573,2712.849289826573,27.12849289826573,2712.849289826573,27.12849289826573,2712.849289826573,27.12849289826573,2712.849289826573
385,27.12849289826573,2712.849289826573,27.12849289826573,2712.849289826573,27.12849289826573,2712.849289826573,27.12849289826573,2712.849289826573,27.12849289826573,2712.849289826573
386,27.02268986629303,2702.268986629303,27.02268986629303,2702.268986629303,27.02268986629303,2702.268986629303,27.02268986629303,2702.268986629303,27.02268986629303,2702.268986629303
387,27.02757961007137,2702.757961007137,27.02757961007137,2702.757961007137,27.02757961007137,2702.757961007137,27.02757961007137,2702.757961007137,27.02757961007137,2702.757961007137
388,27.02268986629303,2702.268986629303,27.02268986629303,2702.268986629303,27.02268986629303,2702.268986629303,27.02268986629303,2702.268986629303,27.02268986629303,2702.268986629303
389,27.02268986629303,2702.268986629303,27.02268986629303,2702.268986629303,27.02268986629303,2702.268986629303,27.02268986629303,2702.268986629303,27.02268986629303,2702.268986629303
390,27.02268986629303,2702.268986629303,27.02268986629303,2702.268986629303,27.02268986629303,2702.268986629303,27.02268986629303,2702.268986629303,27.02268986629303,2702.268986629303
391,27.02268986629303,2702.268986629303,27.02268986629303,2702.268986629303,27.02268986629303,2702.268986629303,27.02268986629303,2702.268986629303,27.02268986629303,2702.268986629303
392,27.02268986629303,2702.268986629303,27.02268986629303,2702.268986629303,27.02268986629303,2702.268986629303,27.02268986629303,2702.268986629303,27.02268986629303,2702.268986629303
393,27.02268986629303,2702.268986629303,27.02268986629303,2702.268986629303,27.02268986629303,2702.268986629303,27.02268986629303,2702.268986629303,27.02268986629303,2702.268986629303
394,27.02268986629303,2702.268986629303,27.02268986629303,2702.268986629303,27.02268986629303,2702.268986629303,27.02268986629303,2702.268986629303,27.02268986629303,2702.268986629303
395,27.02268986629303,2702.268986629303,27.02268986629303,2702.268986629303,27.02268986629303,2702.268986629303,27.02268986629303,2702.268986629303,27.02268986629303,2702.268986629303
396,27.02268986629303,2702.268986629303,27.02268986629303,2702.268986629303,27.02268986629303,2702.268986629303,27.02268986629303,2702.268986629303,27.02268986629303,2702.268986629303
397,27.02757961007137,2702.757961007137,27.02757961007137,2702.757961007137,27.02757961007137,2702.757961007137,27.02757961007137,2702.757961007137,27.02757961007137,2702.757961007137
398,27.02757961007137,2702.757961007137,27.02757961007137,2702.757961007137,27.02757961007137,2702.757961007137,27.02757961007137,2702.757961007137,27.02757961007137,2702.757961007137
399,27.26560591636908,2726.5605916369077,27.26560591636908,2726.5605916369077,27.26560591636908,2726.5605916369077,27.26560591636908,2726.5605916369077,27.26560591636908,2726.5605916369077
400,27.26560591636908,2726.5605916369077,27.26560591636908,2726.5605916369077,27.26560591636908,2726.5605916369077,27.26560591636908,2726.5605916369077,27.26560591636908,2726.5605916369077
401,10.560595721761187,1056.0595721761188,10.560595721761187,1056.0595721761188,10.560595721761187,1056.0595721761188,10.560595721761187,1056.0595721761188,10.560595721761187,1056.0595721761188
402,10.560595721761187,1056.0595721761188,10.560595721761187,1056.0595721761188,10.560595721761187,1056.0595721761188,10.560595721761187,1056.0595721761188,10.560595721761187,1056.0595721761188
403,27.367701956198754,2736.7701956198753,27.367701956198754,2736.7701956198753,27.367701956198754,2736.7701956198753,27.367701956198754,2736.7701956198753,27.367701956198754,2736.7701956198753
404,27.367701956198754,2736.7701956198753,27.367701956198754,2736.7701956198753,27.367701956198754,2736.7701956198753,27.367701956198754,2736.7701956198753,27.367701956198754,2736.7701956198753
405,37.74304246207852,3774.304246207852,37.74304246207852,3774.304246207852,37.74304246207852,3774.304246207852,37.74304246207852,3774.304246207852,37.74304246207852,3774.304246207852
406,37.74304246207852,3774.304246207852,37.74304246207852,3774.304246207852,37.74304246207852,3774.304246207852,37.74304246207852,3774.304246207852,37.74304246207852,3774.304246207852
407,27.260086917725655,2726.0086917725653,27.260086917725655,2726.0086917725653,27.260086917725655,2726.0086917725653,27.260086917725655,2726.0086917725653,27.260086917725655,2726.0086917725653
408,27.263050095551808,2726.3050095551807,27.263050095551808,2726.3050095551807,27.263050095551808,2726.3050095551807,27.263050095551808,2726.3050095551807,27.263050095551808,2726.3050095551807
409,27.260086917725655,2726.0086917725653,27.260086917725655,2726.0086917725653,27.260086917725655,2726.0086917725653,27.260086917725655,2726.0086917725653,27.260086917725655,2726.0086917725653
410,27.260086917725655,2726.0086917725653,27.260086917725655,2726.0086917725653,27.260086917725655,2726.0086917725653,27.260086917725655,2726.0086917725653,27.260086917725655,2726.0086917725653
411,27.260086917725655,2726.0086917725653,27.260086917725655,2726.0086917725653,27.260086917725655,2726.0086917725653,27.260086917725655,2726.0086917725653,27.260086917725655,2726.0086917725653
412,27.260086917725655,2726.0086917725653,27.260086917725655,2726.0086917725653,27.260086917725655,2726.0086917725653,27.260086917725655,2726.0086917725653,27.260086917725655,2726.0086917725653
413,27.260086917725655,2726.0086917725653,27.260086917725655,2726.0086917725653,27.260086917725655,2726.0086917725653,27.260086917725655,2726.0086917725653,27.260086917725655,2726.0086917725653
414,27.260086917725655,2726.0086917725653,27.260086917725655,2726.0086917725653,27.260086917725655,2726.0086917725653,27.260086917725655,2726.0086917725653,27.260086917725655,2726.0086917725653
415,27.371457249488106,2737.1457249488108,27.371457249488106,2737.1457249488108,27.371457249488106,2737.1457249488108,27.371457249488106,2737.1457249488108,27.371457249488106,2737.1457249488108
416,27.371457249488106,2737.1457249488108,27.371457249488106,2737.1457249488108,27.371457249488106,2737.1457249488108,27.371457249488106,2737.1457249488108,27.371457249488106,2737.1457249488108
417,26.952790489345283,2695.2790489345284,26.952790489345283,2695.2790489345284,26.952790489345283,2695.2790489345284,26.952790489345283,2695.2790489345284,26.952790489345283,2695.2790489345284
418,26.952790489345283,2695.2790489345284,26.952790489345283,2695.2790489345284,26.952790489345283,2695.2790489345284,26.952790489345283,2695.2790489345284,26.952790489345283,2695.2790489345284
419,27.15918034564948,2715.9180345649484,27.15918034564948,2715.9180345649484,27.15918034564948,2715.9180345649484,27.15918034564948,2715.9180345649484,27.15918034564948,2715.9180345649484
420,27.15918034564948,2715.9180345649484,27.15918034564948,2715.9180345649484,27.15918034564948,2715.9180345649484,27.15918034564948,2715.9180345649484,27.15918034564948,2715.9180345649484
421,27.373461154223275,2737.3461154223273,27.373461154223275,2737.3461154223273,27.373461154223275,2737.3461154223273,27.373461154223275,2737.3461154223273,27.373461154223275,2737.3461154223273
422,27.373461154223275,2737.3461154223273,27.373461154223275,2737.3461154223273,27.373461154223275,2737.3461154223273,27.373461154223275,2737.3461154223273,27.373461154223275,2737.3461154223273
423,48.23781157969482,4823.781157969482,48.23781157969482,4823.781157969482,48.23781157969482,4823.781157969482,48.23781157969482,4823.781157969482,48.23781157969482,4823.781157969482
424,48.23781157969482,4823.781157969482,48.23781157969482,4823.781157969482,48.23781157969482,4823.781157969482,48.23781157969482,4823.781157969482,48.23781157969482,4823.781157969482
425,27.2281737450561,2722.81737450561,27.2281737450561,2722.81737450561,27.2281737450561,2722.81737450561,27.2281737450561,2722.81737450561,27.2281737450561,2722.81737450561
426,27.3800960633949,2738.0096063394903,27.3800960633949,2738.0096063394903,27.3800960633949,2738.0096063394903,27.3800960633949,2738.0096063394903,27.3800960633949,2738.0096063394903
427,27.3800960633949,2738.0096063394903,27.3800960633949,2738.0096063394903,27.3800960633949,2738.0096063394903,27.3800960633949,2738.0096063394903,27.3800960633949,2738.0096063394903
428,26.66800753121451,2666.800753121451,26.66800753121451,2666.800753121451,26.66800753121451,2666.800753121451,26.66800753121451,2666.800753121451,26.66800753121451,2666.800753121451
429,26.70287781455489,2670.287781455489,26.70287781455489,2670.287781455489,26.70287781455489,2670.287781455489,26.70287781455489,2670.287781455489,26.70287781455489,2670.287781455489
430,26.66800753121451,2666.800753121451,26.66800753121451,2666.800753121451,26.66800753121451,2666.800753121451,26.66800753121451,2666.800753121451,26.66800753121451,2666.800753121451
431,26.66800753121451,2666.800753121451,26.66800753121451,2666.800753121451,26.66800753121451,2666.800753121451,26.66800753121451,2666.800753121451,26.66800753121451,2666.800753121451
432,26.66800753121451,2666.800753121451,26.66800753121451,2666.800753121451,26.66800753121451,2666.800753121451,26.66800753121451,2666.800753121451,26.66800753121451,2666.800753121451
433,26.66800753121451,2666.800753121451,26.66800753121451,2666.800753121451,26.66800753121451,2666.800753121451,26.66800753121451,2666.800753121451,26.66800753121451,2666.800753121451
434,26.66800753121451,2666.800753121451,26.66800753121451,2666.800753121451,26.66800753121451,2666.800753121451,26.66800753121451,2666.800753121451,26.66800753121451,2666.800753121451
435,26.66800753121451,2666.800753121451,26.66800753121451,2666.800753121451,26.66800753121451,2666.800753121451,26.66800753121451,2666.800753121451,26.66800753121451,2666.800753121451
436,26.66800753121451,2666.800753121451,26.66800753121451,2666.800753121451,26.66800753121451,2666.800753121451,26.66800753121451,2666.800753121451,26.66800753121451,2666.800753121451
437,26.66800753121451,2666.800753121451,26.66800753121451,2666.800753121451,26.66800753121451,2666.800753121451,26.66800753121451,2666.800753121451,26.66800753121451,2666.800753121451
438,26.66800753121451,2666.800753121451,26.66800753121451,2666.800753121451,26.66800753121451,2666.800753121451,26.66800753121451,2666.800753121451,26.66800753121451,2666.800753121451
439,26.66800753121451,2666.800753121451,26.66800753121451,2666.800753121451,26.66800753121451,2666.800753121451,26.66800753121451,2666.800753121451,26.66800753121451,2666.800753121451
440,27.127820197384683,2712.782019738468,27.127820197384683,2712.782019738468,27.127820197384683,2712.782019738468,27.127820197384683,2712.782019738468,27.127820197384683,2712.782019738468
441,27.143952347652753,2714.3952347652753,27.143952347652753,2714.3952347652753,27.143952347652753,2714.3952347652753,27.143952347652753,2714.3952347652753,27.143952347652753,2714.3952347652753
442,27.127820197384683,2712.782019738468,27.127820197384683,2712.782019738468,27.127820197384683,2712.782019738468,27.127820197384683,2712.782019738468,27.127820197384683,2712.782019738468
443,27.127820197384683,2712.782019738468,27.127820197384683,2712.782019738468,27.127820197384683,2712.782019738468,27.127820197384683,2712.782019738468,27.127820197384683,2712.782019738468
444,27.127820197384683,2712.782019738468,27.127820197384683,2712.782019738468,27.127820197384683,2712.782019738468,27.127820197384683,2712.782019738468,27.127820197384683,2712.782019738468
445,27.021792322850008,2702.1792322850006,27.021792322850008,2702.1792322850006,27.021792322850008,2702.1792322850006,27.021792322850008,2702.1792322850006,27.021792322850008,2702.1792322850006
446,27.021792322850008,2702.1792322850006,27.021792322850008,2702.1792322850006,27.021792322850008,2702.1792322850006,27.021792322850008,2702.1792322850006,27.021792322850008,2702.1792322850006
447,28.7771465557656,2877.7146555765603,28.7771465557656,2877.7146555765603,28.7771465557656,2877.7146555765603,28.7771465557656,2877.7146555765603,28.7771465557656,2877.7146555765603
448,28.7771465557656,2877.7146555765603,28.7771465557656,2877.7146555765603,28.7771465557656,2877.7146555765603,28.7771465557656,2877.7146555765603,28.7771465557656,2877.7146555765603
449,26.738881742998824,2673.8881742998824,26.738881742998824,2673.8881742998824,26.738881742998824,2673.8881742998824,26.738881742998824,2673.8881742998824,26.738881742998824,2673.8881742998824
450,26.738881742998824,2673.8881742998824,26.738881742998824,2673.8881742998824,26.738881742998824,2673.8881742998824,26.738881742998824,2673.8881742998824,26.738881742998824,2673.8881742998824
451,26.738881742998824,2673.8881742998824,26.738881742998824,2673.8881742998824,26.738881742998824,2673.8881742998824,26.738881742998824,2673.8881742998824,26.738881742998824,2673.8881742998824
452,16.99741608833356,1699.741608833356,16.99741608833356,1699.741608833356,16.99741608833356,1699.741608833356,16.99741608833356,1699.741608833356,16.99741608833356,1699.741608833356
453,27.373133999999975,2737.3133999999977,27.373133999999975,2737.3133999999977,27.373133999999975,2737.3133999999977,27.373133999999975,2737.3133999999977,27.373133999999975,2737.3133999999977
454,27.369294904824855,2736.9294904824856,27.369294904824855,2736.9294904824856,27.369294904824855,2736.9294904824856,27.369294904824855,2736.9294904824856,27.369294904824855,2736.9294904824856
455,27.373133999999975,2737.3133999999977,27.373133999999975,2737.3133999999977,27.373133999999975,2737.3133999999977,27.373133999999975,2737.3133999999977,27.373133999999975,2737.3133999999977
456,27.373133999999975,2737.3133999999977,27.373133999999975,2737.3133999999977,27.373133999999975,2737.3133999999977,27.373133999999975,2737.3133999999977,27.373133999999975,2737.3133999999977
457,27.372258065351268,2737.2258065351266,27.372258065351268,2737.2258065351266,27.372258065351268,2737.2258065351266,27.372258065351268,2737.2258065351266,27.372258065351268,2737.2258065351266
458,27.372258065351268,2737.2258065351266,27.372258065351268,2737.2258065351266,27.372258065351268,2737.2258065351266,27.372258065351268,2737.2258065351266,27.372258065351268,2737.2258065351266
459,8.143000000000026,814.3000000000026,8.143000000000026,814.3000000000026,8.143000000000026,814.3000000000026,8.143000000000026,814.3000000000026,8.143000000000026,814.3000000000026
460,26.7892650799463,2678.92650799463,26.7892650799463,2678.92650799463,26.7892650799463,2678.92650799463,26.7892650799463,2678.92650799463,26.7892650799463,2678.92650799463
461,27.01884634140414,2701.8846341404137,27.01884634140414,2701.8846341404137,27.01884634140414,2701.8846341404137,27.01884634140414,2701.8846341404137,27.01884634140414,2701.8846341404137
462,27.348356154989652,2734.835615498965,27.348356154989652,2734.835615498965,27.348356154989652,2734.835615498965,27.348356154989652,2734.835615498965,27.348356154989652,2734.835615498965
463,27.348356154989652,2734.835615498965,27.348356154989652,2734.835615498965,27.348356154989652,2734.835615498965,27.348356154989652,2734.835615498965,27.348356154989652,2734.835615498965
464,26.793056794657772,2679.3056794657773,26.793056794657772,2679.3056794657773,26.793056794657772,2679.3056794657773,26.793056794657772,2679.3056794657773,26.793056794657772,2679.3056794657773
465,27.00104751692149,2700.104751692149,27.00104751692149,2700.104751692149,27.00104751692149,2700.104751692149,27.00104751692149,2700.104751692149,27.00104751692149,2700.104751692149
466,26.70140499317982,2670.140499317982,26.70140499317982,2670.140499317982,26.70140499317982,2670.140499317982,26.70140499317982,2670.140499317982,26.70140499317982,2670.140499317982
467,27.026120417724247,2702.6120417724246,27.026120417724247,2702.6120417724246,27.026120417724247,2702.6120417724246,27.026120417724247,2702.6120417724246,27.026120417724247,2702.6120417724246
468,26.966513410061793,2696.6513410061793,26.966513410061793,2696.6513410061793,26.966513410061793,2696.6513410061793,26.966513410061793,2696.6513410061793,26.966513410061793,2696.6513410061793
469,26.85578158864369,2685.578158864369,26.85578158864369,2685.578158864369,26.85578158864369,2685.578158864369,26.85578158864369,2685.578158864369,26.85578158864369,2685.578158864369
470,27.026752007181994,2702.6752007181994,27.026752007181994,2702.6752007181994,27.026752007181994,2702.6752007181994,27.026752007181994,2702.6752007181994,27.026752007181994,2702.6752007181994
471,26.756872111439627,2675.6872111439625,26.756872111439627,2675.6872111439625,26.756872111439627,2675.6872111439625,26.756872111439627,2675.6872111439625,26.756872111439627,2675.6872111439625
472,26.8039088620127,2680.39088620127,26.8039088620127,2680.39088620127,26.8039088620127,2680.39088620127,26.8039088620127,2680.39088620127,26.8039088620127,2680.39088620127
473,27.0240075671552,2702.40075671552,27.0240075671552,2702.40075671552,27.0240075671552,2702.40075671552,27.0240075671552,2702.40075671552,27.0240075671552,2702.40075671552
474,26.96541332401882,2696.541332401882,26.96541332401882,2696.541332401882,26.96541332401882,2696.541332401882,26.96541332401882,2696.541332401882,26.96541332401882,2696.541332401882
475,28.13890089872952,2813.890089872952,28.13890089872952,2813.890089872952,28.13890089872952,2813.890089872952,28.13890089872952,2813.890089872952,28.13890089872952,2813.890089872952
476,27.37151360305642,2737.151360305642,27.37151360305642,2737.151360305642,27.37151360305642,2737.151360305642,27.37151360305642,2737.151360305642,27.37151360305642,2737.151360305642
477,27.88059608448731,2788.0596084487306,27.88059608448731,2788.0596084487306,27.88059608448731,2788.0596084487306,27.88059608448731,2788.0596084487306,27.88059608448731,2788.0596084487306
478,32.35583968877747,3235.5839688777473,32.35583968877747,3235.5839688777473,32.35583968877747,3235.5839688777473,32.35583968877747,3235.5839688777473,32.35583968877747,3235.5839688777473
479,27.372843086294747,2737.2843086294747,27.372843086294747,2737.2843086294747,27.372843086294747,2737.2843086294747,27.372843086294747,2737.2843086294747,27.372843086294747,2737.2843086294747
480,27.372843086294747,2737.2843086294747,27.372843086294747,2737.2843086294747,27.372843086294747,2737.2843086294747,27.372843086294747,2737.2843086294747,27.372843086294747,2737.2843086294747
481,27.372843086294747,2737.2843086294747,27.372843086294747,2737.2843086294747,27.372843086294747,2737.2843086294747,27.372843086294747,2737.2843086294747,27.372843086294747,2737.2843086294747
482,27.372843086294747,2737.2843086294747,27.372843086294747,2737.2843086294747,27.372843086294747,2737.2843086294747,27.372843086294747,2737.2843086294747,27.372843086294747,2737.2843086294747
483,27.372843086294747,2737.2843086294747,27.372843086294747,2737.2843086294747,27.372843086294747,2737.2843086294747,27.372843086294747,2737.2843086294747,27.372843086294747,2737.2843086294747
484,27.372843086294747,2737.2843086294747,27.372843086294747,2737.2843086294747,27.372843086294747,2737.2843086294747,27.372843086294747,2737.2843086294747,27.372843086294747,2737.2843086294747
485,27.365857504086406,2736.5857504086407,27.365857504086406,2736.5857504086407,27.365857504086406,2736.5857504086407,27.365857504086406,2736.5857504086407,27.365857504086406,2736.5857504086407
486,27.37184697787594,2737.184697787594,27.37184697787594,2737.184697787594,27.37184697787594,2737.184697787594,27.37184697787594,2737.184697787594,27.37184697787594,2737.184697787594
487,27.084651184546964,2708.4651184546965,27.084651184546964,2708.4651184546965,27.084651184546964,2708.4651184546965,27.084651184546964,2708.4651184546965,27.084651184546964,2708.4651184546965
488,26.75981224428094,2675.9812244280943,26.75981224428094,2675.9812244280943,26.75981224428094,2675.9812244280943,26.75981224428094,2675.9812244280943,26.75981224428094,2675.9812244280943
489,27.23934842897135,2723.9348428971352,27.23934842897135,2723.9348428971352,27.23934842897135,2723.9348428971352,27.23934842897135,2723.9348428971352,27.23934842897135,2723.9348428971352
490,27.290055922490435,2729.0055922490433,27.290055922490435,2729.0055922490433,27.290055922490435,2729.0055922490433,27.290055922490435,2729.0055922490433,27.290055922490435,2729.0055922490433
491,27.370826615022036,2737.082661502204,27.370826615022036,2737.082661502204,27.370826615022036,2737.082661502204,27.370826615022036,2737.082661502204,27.370826615022036,2737.082661502204
492,34.27376309791977,3427.376309791977,34.27376309791977,3427.376309791977,34.27376309791977,3427.376309791977,34.27376309791977,3427.376309791977,34.27376309791977,3427.376309791977
493,29.11576135817361,2911.576135817361,29.11576135817361,2911.576135817361,29.11576135817361,2911.576135817361,29.11576135817361,2911.576135817361,29.11576135817361,2911.576135817361
494,29.11576135817361,2911.576135817361,29.11576135817361,2911.576135817361,29.11576135817361,2911.576135817361,29.11576135817361,2911.576135817361,29.11576135817361,2911.576135817361
495,26.75508735978239,2675.508735978239,26.75508735978239,2675.508735978239,26.75508735978239,2675.508735978239,26.75508735978239,2675.508735978239,26.75508735978239,2675.508735978239
496,8.143000000000033,814.3000000000033,8.143000000000033,814.3000000000033,8.143000000000033,814.3000000000033,8.143000000000033,814.3000000000033,8.143000000000033,814.3000000000033
497,8.143000000000033,814.3000000000033,8.143000000000033,814.3000000000033,8.143000000000033,814.3000000000033,8.143000000000033,814.3000000000033,8.143000000000033,814.3000000000033
498,8.143000000000033,814.3000000000033,8.143000000000033,814.3000000000033,8.143000000000033,814.3000000000033,8.143000000000033,814.3000000000033,8.143000000000033,814.3000000000033
499,27.353407913185798,2735.3407913185797,27.353407913185798,2735.3407913185797,27.353407913185798,2735.3407913185797,27.353407913185798,2735.3407913185797,27.353407913185798,2735.3407913185797
500,27.224659264118724,2722.4659264118723,27.224659264118724,2722.4659264118723,27.224659264118724,2722.4659264118723,27.224659264118724,2722.4659264118723,27.224659264118724,2722.4659264118723
