source_id,source_row,bus,source_status,pmin_mw,pmin_pu,pmax_mw,pmax_pu,gap_uncertified_secure_commitment,gap_uncertified_secure_dispatch_mw,gap_uncertified_secure_dispatch_pu,mip_gap,requested_mip_gap,independent_security_verification,price_status,price_per_mwh,price_per_pu_hour
gen-row-0001,1,1004,1,158.25,1.5825,158.25,1.5825,1,158.25,1.5825,0.0021295552806028916,0.001,passed,withheld_mip_gap_not_certified,,
gen-row-0002,2,1006,1,25.73,0.25730000000000003,25.73,0.25730000000000003,1,25.730000000000004,0.25730000000000003,0.0021295552806028916,0.001,passed,withheld_mip_gap_not_certified,,
gen-row-0003,3,1009,1,61.87,0.6187,61.87,0.6187,0,0.0,0.0,0.0021295552806028916,0.001,passed,withheld_mip_gap_not_certified,,
gen-row-0004,4,1011,1,3.0,0.03,10.0,0.1,1,10.0,0.1,0.0021295552806028916,0.001,passed,withheld_mip_gap_not_certified,,
gen-row-0005,5,1021,1,149.63,1.4963,149.63,1.4963,1,149.63,1.4963,0.0021295552806028916,0.001,passed,withheld_mip_gap_not_certified,,
gen-row-0006,6,1023,1,135.0,1.35,135.0,1.35,1,135.0,1.35,0.0021295552806028916,0.001,passed,withheld_mip_gap_not_certified,,
gen-row-0007,7,1026,1,93.15,0.9315000000000001,93.15,0.9315000000000001,1,93.15,0.9315000000000001,0.0021295552806028916,0.001,passed,withheld_mip_gap_not_certified,,
gen-row-0008,8,1033,1,208.5,2.085,208.5,2.085,1,208.5,2.085,0.0021295552806028916,0.001,passed,withheld_mip_gap_not_certified,,
gen-row-0009,9,1035,1,67.5,0.675,67.5,0.675,1,67.5,0.675,0.0021295552806028916,0.001,passed,withheld_mip_gap_not_certified,,
gen-row-0010,10,1039,1,110.63,1.1063,110.63,1.1063,1,110.63000000000001,1.1063,0.0021295552806028916,0.001,passed,withheld_mip_gap_not_certified,,
gen-row-0011,11,1042,0,36.57,0.3657,121.9,1.219,0,0.0,0.0,0.0021295552806028916,0.001,passed,withheld_mip_gap_not_certified,,
gen-row-0012,12,1043,1,44.1,0.441,44.1,0.441,1,44.1,0.441,0.0021295552806028916,0.001,passed,withheld_mip_gap_not_certified,,
gen-row-0013,13,1048,0,97.56,0.9756,325.2,3.252,0,0.0,0.0,0.0021295552806028916,0.001,passed,withheld_mip_gap_not_certified,,
gen-row-0014,14,1049,0,97.56,0.9756,325.2,3.252,0,0.0,0.0,0.0021295552806028916,0.001,passed,withheld_mip_gap_not_certified,,
gen-row-0015,15,1050,1,26.82,0.2682,89.4,0.894,0,0.0,0.0,0.0021295552806028916,0.001,passed,withheld_mip_gap_not_certified,,
gen-row-0016,16,1051,1,26.82,0.2682,89.4,0.894,0,0.0,0.0,0.0021295552806028916,0.001,passed,withheld_mip_gap_not_certified,,
gen-row-0017,17,1052,1,26.82,0.2682,89.4,0.894,0,0.0,0.0,0.0021295552806028916,0.001,passed,withheld_mip_gap_not_certified,,
gen-row-0018,18,1053,0,53.64,0.5364,178.8,1.788,0,0.0,0.0,0.0021295552806028916,0.001,passed,withheld_mip_gap_not_certified,,
gen-row-0019,19,1057,0,36.0,0.36,120.0,1.2,0,0.0,0.0,0.0021295552806028916,0.001,passed,withheld_mip_gap_not_certified,,
gen-row-0020,20,1059,0,1.68,0.0168,5.6,0.055999999999999994,0,0.0,0.0,0.0021295552806028916,0.001,passed,withheld_mip_gap_not_certified,,
gen-row-0021,21,1060,0,0.6,0.006,2.0,0.02,0,0.0,0.0,0.0021295552806028916,0.001,passed,withheld_mip_gap_not_certified,,
gen-row-0022,22,1062,0,0.45,0.0045000000000000005,1.5,0.015,0,0.0,0.0,0.0021295552806028916,0.001,passed,withheld_mip_gap_not_certified,,
gen-row-0023,23,1063,0,69.0,0.69,230.0,2.3,0,0.0,0.0,0.0021295552806028916,0.001,passed,withheld_mip_gap_not_certified,,
gen-row-0024,24,1066,1,106.88,1.0688,106.88,1.0688,1,106.88,1.0688,0.0021295552806028916,0.001,passed,withheld_mip_gap_not_certified,,
gen-row-0025,25,1070,1,120.38,1.2038,120.38,1.2038,1,120.38,1.2038,0.0021295552806028916,0.001,passed,withheld_mip_gap_not_certified,,
gen-row-0026,26,1072,1,57.64,0.5764,192.13,1.9213,1,192.12999999999997,1.9212999999999996,0.0021295552806028916,0.001,passed,withheld_mip_gap_not_certified,,
gen-row-0027,27,1073,1,57.64,0.5764,192.13,1.9213,1,192.12999999999997,1.9212999999999996,0.0021295552806028916,0.001,passed,withheld_mip_gap_not_certified,,
gen-row-0028,28,1074,1,57.64,0.5764,192.13,1.9213,1,192.12999999999997,1.9212999999999996,0.0021295552806028916,0.001,passed,withheld_mip_gap_not_certified,,
gen-row-0029,29,1075,1,57.64,0.5764,192.13,1.9213,1,189.97895304586777,1.8997895304586776,0.0021295552806028916,0.001,passed,withheld_mip_gap_not_certified,,
gen-row-0030,30,1076,0,57.64,0.5764,192.13,1.9213,0,0.0,0.0,0.0021295552806028916,0.001,passed,withheld_mip_gap_not_certified,,
gen-row-0031,31,1077,0,57.64,0.5764,192.13,1.9213,0,0.0,0.0,0.0021295552806028916,0.001,passed,withheld_mip_gap_not_certified,,
gen-row-0032,32,1078,1,28.65,0.2865,95.5,0.955,1,95.50000000000003,0.9550000000000003,0.0021295552806028916,0.001,passed,withheld_mip_gap_not_certified,,
gen-row-0033,33,1079,1,28.65,0.2865,95.5,0.955,0,0.0,0.0,0.0021295552806028916,0.001,passed,withheld_mip_gap_not_certified,,
gen-row-0034,34,1080,1,28.65,0.2865,95.5,0.955,1,95.50000000000003,0.9550000000000003,0.0021295552806028916,0.001,passed,withheld_mip_gap_not_certified,,
gen-row-0035,35,1081,0,85.95,0.8595,286.5,2.865,0,0.0,0.0,0.0021295552806028916,0.001,passed,withheld_mip_gap_not_certified,,
gen-row-0036,36,1082,1,112.5,1.125,112.5,1.125,1,112.5,1.125,0.0021295552806028916,0.001,passed,withheld_mip_gap_not_certified,,
gen-row-0037,37,1084,1,86.62,0.8662000000000001,86.62,0.8662000000000001,1,86.62,0.8662000000000001,0.0021295552806028916,0.001,passed,withheld_mip_gap_not_certified,,
gen-row-0038,38,1088,1,56.25,0.5625,56.25,0.5625,1,56.25,0.5625,0.0021295552806028916,0.001,passed,withheld_mip_gap_not_certified,,
gen-row-0039,39,1090,1,114.37,1.1437,114.37,1.1437,1,114.37000000000002,1.1437000000000002,0.0021295552806028916,0.001,passed,withheld_mip_gap_not_certified,,
gen-row-0040,40,1090,1,27.0,0.27,27.0,0.27,1,27.0,0.27,0.0021295552806028916,0.001,passed,withheld_mip_gap_not_certified,,
gen-row-0041,41,2004,0,117.54,1.1754,391.8,3.918,0,0.0,0.0,0.0021295552806028916,0.001,passed,withheld_mip_gap_not_certified,,
gen-row-0042,42,2005,0,117.54,1.1754,391.8,3.918,0,0.0,0.0,0.0021295552806028916,0.001,passed,withheld_mip_gap_not_certified,,
gen-row-0043,43,2006,0,117.54,1.1754,391.8,3.918,0,0.0,0.0,0.0021295552806028916,0.001,passed,withheld_mip_gap_not_certified,,
gen-row-0044,44,2013,1,150.45,1.5045,150.45,1.5045,1,150.45,1.5045,0.0021295552806028916,0.001,passed,withheld_mip_gap_not_certified,,
gen-row-0045,45,2019,0,65.4,0.654,218.0,2.18,0,0.0,0.0,0.0021295552806028916,0.001,passed,withheld_mip_gap_not_certified,,
gen-row-0046,46,2023,1,25.0,0.25,83.33,0.8332999999999999,0,0.0,0.0,0.0021295552806028916,0.001,passed,withheld_mip_gap_not_certified,,
gen-row-0047,47,2024,1,50.0,0.5,166.67,1.6666999999999998,0,0.0,0.0,0.0021295552806028916,0.001,passed,withheld_mip_gap_not_certified,,
gen-row-0048,48,2042,1,59.7,0.597,59.7,0.597,1,59.70000000000001,0.5970000000000001,0.0021295552806028916,0.001,passed,withheld_mip_gap_not_certified,,
gen-row-0049,49,2056,0,1.8,0.018000000000000002,6.0,0.06,0,0.0,0.0,0.0021295552806028916,0.001,passed,withheld_mip_gap_not_certified,,
gen-row-0050,50,2057,1,216.0,2.16,720.0,7.2,1,581.8935500787605,5.818935500787606,0.0021295552806028916,0.001,passed,withheld_mip_gap_not_certified,,
gen-row-0051,51,2059,1,60.0,0.6,60.0,0.6,1,60.0,0.6,0.0021295552806028916,0.001,passed,withheld_mip_gap_not_certified,,
gen-row-0052,52,2062,1,101.55,1.0155,101.55,1.0155,1,101.55000000000001,1.0155,0.0021295552806028916,0.001,passed,withheld_mip_gap_not_certified,,
gen-row-0053,53,2071,1,112.5,1.125,112.5,1.125,1,112.5,1.125,0.0021295552806028916,0.001,passed,withheld_mip_gap_not_certified,,
gen-row-0054,54,2076,1,22.5,0.225,22.5,0.225,1,22.5,0.225,0.0021295552806028916,0.001,passed,withheld_mip_gap_not_certified,,
gen-row-0055,55,2078,1,84.38,0.8438,84.38,0.8438,1,84.38,0.8438,0.0021295552806028916,0.001,passed,withheld_mip_gap_not_certified,,
gen-row-0056,56,2083,1,6.0,0.06,20.0,0.2,0,0.0,0.0,0.0021295552806028916,0.001,passed,withheld_mip_gap_not_certified,,
gen-row-0057,57,2084,0,6.0,0.06,20.0,0.2,0,0.0,0.0,0.0021295552806028916,0.001,passed,withheld_mip_gap_not_certified,,
gen-row-0058,58,2085,0,12.0,0.12,40.0,0.4,0,0.0,0.0,0.0021295552806028916,0.001,passed,withheld_mip_gap_not_certified,,
gen-row-0059,59,2089,1,50.7,0.507,50.7,0.507,1,50.7,0.507,0.0021295552806028916,0.001,passed,withheld_mip_gap_not_certified,,
gen-row-0060,60,2094,0,3.0,0.03,10.0,0.1,0,0.0,0.0,0.0021295552806028916,0.001,passed,withheld_mip_gap_not_certified,,
gen-row-0061,61,2095,0,23.85,0.23850000000000002,79.5,0.795,0,0.0,0.0,0.0021295552806028916,0.001,passed,withheld_mip_gap_not_certified,,
gen-row-0062,62,2099,1,7.5,0.075,7.5,0.075,1,7.5,0.075,0.0021295552806028916,0.001,passed,withheld_mip_gap_not_certified,,
gen-row-0063,63,2100,1,112.5,1.125,112.5,1.125,1,112.5,1.125,0.0021295552806028916,0.001,passed,withheld_mip_gap_not_certified,,
gen-row-0064,64,2103,0,80.32,0.8031999999999999,267.73,2.6773000000000002,0,0.0,0.0,0.0021295552806028916,0.001,passed,withheld_mip_gap_not_certified,,
gen-row-0065,65,2104,0,80.32,0.8031999999999999,267.73,2.6773000000000002,0,0.0,0.0,0.0021295552806028916,0.001,passed,withheld_mip_gap_not_certified,,
gen-row-0066,66,2105,0,80.32,0.8031999999999999,267.73,2.6773000000000002,0,0.0,0.0,0.0021295552806028916,0.001,passed,withheld_mip_gap_not_certified,,
gen-row-0067,67,2115,1,55.41,0.5540999999999999,184.72,1.8472,0,0.0,0.0,0.0021295552806028916,0.001,passed,withheld_mip_gap_not_certified,,
gen-row-0068,68,2116,1,55.41,0.5540999999999999,184.72,1.8472,1,184.72,1.8472,0.0021295552806028916,0.001,passed,withheld_mip_gap_not_certified,,
gen-row-0069,69,2117,1,55.41,0.5540999999999999,184.72,1.8472,1,184.72,1.8472,0.0021295552806028916,0.001,passed,withheld_mip_gap_not_certified,,
gen-row-0070,70,2118,1,55.41,0.5540999999999999,184.72,1.8472,1,184.72,1.8472,0.0021295552806028916,0.001,passed,withheld_mip_gap_not_certified,,
gen-row-0071,71,2119,1,55.41,0.5540999999999999,184.72,1.8472,1,184.72,1.8472,0.0021295552806028916,0.001,passed,withheld_mip_gap_not_certified,,
gen-row-0072,72,2120,1,55.41,0.5540999999999999,184.72,1.8472,1,184.72,1.8472,0.0021295552806028916,0.001,passed,withheld_mip_gap_not_certified,,
gen-row-0073,73,2123,1,136.28,1.3628,136.28,1.3628,1,136.28,1.3628,0.0021295552806028916,0.001,passed,withheld_mip_gap_not_certified,,
gen-row-0074,74,2127,1,216.45,2.1645,216.45,2.1645,1,216.45,2.1645,0.0021295552806028916,0.001,passed,withheld_mip_gap_not_certified,,
gen-row-0075,75,3004,1,28.13,0.2813,28.13,0.2813,1,28.13,0.2813,0.0021295552806028916,0.001,passed,withheld_mip_gap_not_certified,,
gen-row-0076,76,3017,1,127.13,1.2712999999999999,127.13,1.2712999999999999,1,127.12999999999998,1.2712999999999999,0.0021295552806028916,0.001,passed,withheld_mip_gap_not_certified,,
gen-row-0077,77,3020,1,112.5,1.125,112.5,1.125,1,112.5,1.125,0.0021295552806028916,0.001,passed,withheld_mip_gap_not_certified,,
gen-row-0078,78,3028,1,150.0,1.5,150.0,1.5,1,150.0,1.5,0.0021295552806028916,0.001,passed,withheld_mip_gap_not_certified,,
gen-row-0079,79,3034,1,97.87,0.9787,97.87,0.9787,1,97.87,0.9787,0.0021295552806028916,0.001,passed,withheld_mip_gap_not_certified,,
gen-row-0080,80,3039,1,156.75,1.5675,156.75,1.5675,1,156.75,1.5675,0.0021295552806028916,0.001,passed,withheld_mip_gap_not_certified,,
gen-row-0081,81,3043,0,0.39,0.0039000000000000003,1.3,0.013000000000000001,0,0.0,0.0,0.0021295552806028916,0.001,passed,withheld_mip_gap_not_certified,,
gen-row-0082,82,3044,0,26.82,0.2682,89.4,0.894,0,0.0,0.0,0.0021295552806028916,0.001,passed,withheld_mip_gap_not_certified,,
gen-row-0083,83,3045,0,134.1,1.341,447.0,4.47,0,0.0,0.0,0.0021295552806028916,0.001,passed,withheld_mip_gap_not_certified,,
gen-row-0084,84,3048,1,180.75,1.8075,180.75,1.8075,1,180.75,1.8075,0.0021295552806028916,0.001,passed,withheld_mip_gap_not_certified,,
gen-row-0085,85,3055,1,183.88,1.8388,183.88,1.8388,1,183.88,1.8388,0.0021295552806028916,0.001,passed,withheld_mip_gap_not_certified,,
gen-row-0086,86,3056,1,183.88,1.8388,183.88,1.8388,1,183.88,1.8388,0.0021295552806028916,0.001,passed,withheld_mip_gap_not_certified,,
gen-row-0087,87,3057,1,183.88,1.8388,183.88,1.8388,1,183.88,1.8388,0.0021295552806028916,0.001,passed,withheld_mip_gap_not_certified,,
gen-row-0088,88,3060,1,124.22,1.2422,124.22,1.2422,1,124.22,1.2422,0.0021295552806028916,0.001,passed,withheld_mip_gap_not_certified,,
gen-row-0089,89,3061,1,124.22,1.2422,124.22,1.2422,1,124.22,1.2422,0.0021295552806028916,0.001,passed,withheld_mip_gap_not_certified,,
gen-row-0090,90,3062,1,124.22,1.2422,124.22,1.2422,1,124.22,1.2422,0.0021295552806028916,0.001,passed,withheld_mip_gap_not_certified,,
gen-row-0091,91,3063,1,124.22,1.2422,124.22,1.2422,1,124.22,1.2422,0.0021295552806028916,0.001,passed,withheld_mip_gap_not_certified,,
gen-row-0092,92,3065,1,60.37,0.6037,60.37,0.6037,1,60.370000000000005,0.6037,0.0021295552806028916,0.001,passed,withheld_mip_gap_not_certified,,
gen-row-0093,93,3068,1,112.5,1.125,112.5,1.125,1,112.5,1.125,0.0021295552806028916,0.001,passed,withheld_mip_gap_not_certified,,
gen-row-0094,94,3071,1,127.65,1.2765,127.65,1.2765,1,127.65000000000002,1.2765000000000002,0.0021295552806028916,0.001,passed,withheld_mip_gap_not_certified,,
gen-row-0095,95,3074,1,74.85,0.7484999999999999,74.85,0.7484999999999999,1,74.85,0.7484999999999999,0.0021295552806028916,0.001,passed,withheld_mip_gap_not_certified,,
gen-row-0096,96,3081,1,186.75,1.8675,186.75,1.8675,1,186.75,1.8675,0.0021295552806028916,0.001,passed,withheld_mip_gap_not_certified,,
gen-row-0097,97,3084,1,174.37,1.7437,174.37,1.7437,1,174.37,1.7437,0.0021295552806028916,0.001,passed,withheld_mip_gap_not_certified,,
gen-row-0098,98,3086,1,56.25,0.5625,56.25,0.5625,1,56.25,0.5625,0.0021295552806028916,0.001,passed,withheld_mip_gap_not_certified,,
gen-row-0099,99,3087,0,22.5,0.225,75.0,0.75,0,0.0,0.0,0.0021295552806028916,0.001,passed,withheld_mip_gap_not_certified,,
gen-row-0100,100,3092,1,150.0,1.5,150.0,1.5,1,150.0,1.5,0.0021295552806028916,0.001,passed,withheld_mip_gap_not_certified,,
gen-row-0101,101,3095,1,90.45,0.9045000000000001,90.45,0.9045000000000001,1,90.45,0.9045000000000001,0.0021295552806028916,0.001,passed,withheld_mip_gap_not_certified,,
gen-row-0102,102,3098,1,120.0,1.2,120.0,1.2,1,120.0,1.2,0.0021295552806028916,0.001,passed,withheld_mip_gap_not_certified,,
gen-row-0103,103,3105,1,44.5,0.445,44.5,0.445,1,44.5,0.445,0.0021295552806028916,0.001,passed,withheld_mip_gap_not_certified,,
gen-row-0104,104,3106,1,53.02,0.5302,53.02,0.5302,1,53.02,0.5302,0.0021295552806028916,0.001,passed,withheld_mip_gap_not_certified,,
gen-row-0105,105,3110,1,63.0,0.63,63.0,0.63,1,63.0,0.63,0.0021295552806028916,0.001,passed,withheld_mip_gap_not_certified,,
gen-row-0106,106,3112,1,56.1,0.561,56.1,0.561,1,56.10000000000001,0.561,0.0021295552806028916,0.001,passed,withheld_mip_gap_not_certified,,
gen-row-0107,107,3113,1,56.1,0.561,56.1,0.561,1,56.10000000000001,0.561,0.0021295552806028916,0.001,passed,withheld_mip_gap_not_certified,,
gen-row-0108,108,3117,1,47.25,0.4725,47.25,0.4725,1,47.25,0.4725,0.0021295552806028916,0.001,passed,withheld_mip_gap_not_certified,,
gen-row-0109,109,3118,1,90.0,0.9,90.0,0.9,1,90.0,0.9,0.0021295552806028916,0.001,passed,withheld_mip_gap_not_certified,,
gen-row-0110,110,3120,1,29.7,0.297,29.7,0.297,1,29.7,0.297,0.0021295552806028916,0.001,passed,withheld_mip_gap_not_certified,,
gen-row-0111,111,3122,1,147.75,1.4775,147.75,1.4775,1,147.75,1.4775,0.0021295552806028916,0.001,passed,withheld_mip_gap_not_certified,,
gen-row-0112,112,3127,1,101.25,1.0125,101.25,1.0125,1,101.25,1.0125,0.0021295552806028916,0.001,passed,withheld_mip_gap_not_certified,,
gen-row-0113,113,3129,1,94.88,0.9488,94.88,0.9488,1,94.88,0.9488,0.0021295552806028916,0.001,passed,withheld_mip_gap_not_certified,,
gen-row-0114,114,3131,1,85.5,0.855,85.5,0.855,1,85.5,0.855,0.0021295552806028916,0.001,passed,withheld_mip_gap_not_certified,,
gen-row-0115,115,3133,0,15.39,0.1539,51.3,0.513,0,0.0,0.0,0.0021295552806028916,0.001,passed,withheld_mip_gap_not_certified,,
gen-row-0116,116,3133,0,15.39,0.1539,51.3,0.513,0,0.0,0.0,0.0021295552806028916,0.001,passed,withheld_mip_gap_not_certified,,
gen-row-0117,117,3133,0,15.39,0.1539,51.3,0.513,0,0.0,0.0,0.0021295552806028916,0.001,passed,withheld_mip_gap_not_certified,,
gen-row-0118,118,3137,1,75.9,0.759,75.9,0.759,1,75.9,0.759,0.0021295552806028916,0.001,passed,withheld_mip_gap_not_certified,,
gen-row-0119,119,3141,1,68.62,0.6862,68.62,0.6862,1,68.62,0.6862,0.0021295552806028916,0.001,passed,withheld_mip_gap_not_certified,,
gen-row-0120,120,4010,1,151.2,1.5119999999999998,151.2,1.5119999999999998,1,151.2,1.5119999999999998,0.0021295552806028916,0.001,passed,withheld_mip_gap_not_certified,,
gen-row-0121,121,4026,1,123.0,1.23,410.0,4.1,1,409.99999999999994,4.1,0.0021295552806028916,0.001,passed,withheld_mip_gap_not_certified,,
gen-row-0122,122,4030,1,186.72,1.8672,622.4,6.224,1,483.0000000000001,4.830000000000001,0.0021295552806028916,0.001,passed,withheld_mip_gap_not_certified,,
gen-row-0123,123,4045,1,93.4,0.934,93.4,0.934,1,93.4,0.934,0.0021295552806028916,0.001,passed,withheld_mip_gap_not_certified,,
gen-row-0124,124,4046,1,28.5,0.285,28.5,0.285,1,28.500000000000004,0.28500000000000003,0.0021295552806028916,0.001,passed,withheld_mip_gap_not_certified,,
gen-row-0125,125,4047,1,27.48,0.2748,27.48,0.2748,0,0.0,0.0,0.0021295552806028916,0.001,passed,withheld_mip_gap_not_certified,,
gen-row-0126,126,4050,1,150.0,1.5,150.0,1.5,1,150.0,1.5,0.0021295552806028916,0.001,passed,withheld_mip_gap_not_certified,,
gen-row-0127,127,4052,1,13.26,0.1326,44.2,0.442,1,44.2,0.442,0.0021295552806028916,0.001,passed,withheld_mip_gap_not_certified,,
gen-row-0128,128,4058,1,43.2,0.43200000000000005,144.0,1.44,0,0.0,0.0,0.0021295552806028916,0.001,passed,withheld_mip_gap_not_certified,,
gen-row-0129,129,4059,1,43.2,0.43200000000000005,144.0,1.44,1,144.00000000000003,1.4400000000000004,0.0021295552806028916,0.001,passed,withheld_mip_gap_not_certified,,
gen-row-0130,130,4060,1,43.2,0.43200000000000005,144.0,1.44,0,0.0,0.0,0.0021295552806028916,0.001,passed,withheld_mip_gap_not_certified,,
gen-row-0131,131,4061,1,51.7,0.517,172.33,1.7233,1,172.33,1.7233,0.0021295552806028916,0.001,passed,withheld_mip_gap_not_certified,,
gen-row-0132,132,4062,1,51.7,0.517,172.33,1.7233,1,172.33,1.7233,0.0021295552806028916,0.001,passed,withheld_mip_gap_not_certified,,
gen-row-0133,133,4063,1,51.7,0.517,172.33,1.7233,1,172.33,1.7233,0.0021295552806028916,0.001,passed,withheld_mip_gap_not_certified,,
gen-row-0134,134,4065,1,14.1,0.141,47.0,0.47,1,47.0,0.47,0.0021295552806028916,0.001,passed,withheld_mip_gap_not_certified,,
gen-row-0135,135,4075,0,52.9,0.529,176.33,1.7633,0,0.0,0.0,0.0021295552806028916,0.001,passed,withheld_mip_gap_not_certified,,
gen-row-0136,136,4076,1,52.9,0.529,176.33,1.7633,1,176.0910937113348,1.760910937113348,0.0021295552806028916,0.001,passed,withheld_mip_gap_not_certified,,
gen-row-0137,137,4077,1,52.9,0.529,176.33,1.7633,0,0.0,0.0,0.0021295552806028916,0.001,passed,withheld_mip_gap_not_certified,,
gen-row-0138,138,4082,1,73.02,0.7302,243.4,2.434,1,243.4000000000001,2.434000000000001,0.0021295552806028916,0.001,passed,withheld_mip_gap_not_certified,,
gen-row-0139,139,4083,1,73.02,0.7302,243.4,2.434,1,243.4,2.434,0.0021295552806028916,0.001,passed,withheld_mip_gap_not_certified,,
gen-row-0140,140,4084,1,73.02,0.7302,243.4,2.434,1,243.4,2.434,0.0021295552806028916,0.001,passed,withheld_mip_gap_not_certified,,
gen-row-0141,141,4085,1,105.6,1.056,352.0,3.52,1,298.52413301059835,2.9852413301059837,0.0021295552806028916,0.001,passed,withheld_mip_gap_not_certified,,
gen-row-0142,142,4090,0,0.42,0.0042,1.4,0.013999999999999999,0,0.0,0.0,0.0021295552806028916,0.001,passed,withheld_mip_gap_not_certified,,
gen-row-0143,143,4091,1,7.05,0.0705,23.5,0.235,1,23.499999999999996,0.23499999999999996,0.0021295552806028916,0.001,passed,withheld_mip_gap_not_certified,,
gen-row-0144,144,4092,0,2.28,0.022799999999999997,7.6,0.076,0,0.0,0.0,0.0021295552806028916,0.001,passed,withheld_mip_gap_not_certified,,
gen-row-0145,145,4093,1,8.4,0.084,28.0,0.28,1,27.999999999999996,0.27999999999999997,0.0021295552806028916,0.001,passed,withheld_mip_gap_not_certified,,
gen-row-0146,146,4094,1,8.4,0.084,28.0,0.28,1,27.999999999999996,0.27999999999999997,0.0021295552806028916,0.001,passed,withheld_mip_gap_not_certified,,
gen-row-0147,147,4095,1,8.4,0.084,28.0,0.28,1,27.999999999999996,0.27999999999999997,0.0021295552806028916,0.001,passed,withheld_mip_gap_not_certified,,
gen-row-0148,148,4096,0,8.4,0.084,28.0,0.28,0,0.0,0.0,0.0021295552806028916,0.001,passed,withheld_mip_gap_not_certified,,
gen-row-0149,149,4097,1,8.4,0.084,28.0,0.28,1,27.999999999999996,0.27999999999999997,0.0021295552806028916,0.001,passed,withheld_mip_gap_not_certified,,
gen-row-0150,150,4098,0,8.4,0.084,28.0,0.28,0,0.0,0.0,0.0021295552806028916,0.001,passed,withheld_mip_gap_not_certified,,
gen-row-0151,151,4105,1,135.0,1.35,135.0,1.35,1,135.0,1.35,0.0021295552806028916,0.001,passed,withheld_mip_gap_not_certified,,
gen-row-0152,152,4115,1,39.54,0.3954,131.8,1.318,0,0.0,0.0,0.0021295552806028916,0.001,passed,withheld_mip_gap_not_certified,,
gen-row-0153,153,4116,1,39.54,0.3954,131.8,1.318,1,128.80345066583754,1.2880345066583754,0.0021295552806028916,0.001,passed,withheld_mip_gap_not_certified,,
gen-row-0154,154,4133,0,10.08,0.1008,33.6,0.336,0,0.0,0.0,0.0021295552806028916,0.001,passed,withheld_mip_gap_not_certified,,
gen-row-0155,155,4134,1,10.08,0.1008,33.6,0.336,0,0.0,0.0,0.0021295552806028916,0.001,passed,withheld_mip_gap_not_certified,,
gen-row-0156,156,4135,1,10.08,0.1008,33.6,0.336,0,0.0,0.0,0.0021295552806028916,0.001,passed,withheld_mip_gap_not_certified,,
gen-row-0157,157,4136,1,10.08,0.1008,33.6,0.336,0,0.0,0.0,0.0021295552806028916,0.001,passed,withheld_mip_gap_not_certified,,
gen-row-0158,158,4137,0,20.16,0.2016,67.2,0.672,0,0.0,0.0,0.0021295552806028916,0.001,passed,withheld_mip_gap_not_certified,,
gen-row-0159,159,4138,0,19.8,0.198,66.0,0.66,0,0.0,0.0,0.0021295552806028916,0.001,passed,withheld_mip_gap_not_certified,,
gen-row-0160,160,4142,1,141.0,1.41,141.0,1.41,1,141.0,1.41,0.0021295552806028916,0.001,passed,withheld_mip_gap_not_certified,,
gen-row-0161,161,4153,1,212.4,2.124,212.4,2.124,1,212.4,2.124,0.0021295552806028916,0.001,passed,withheld_mip_gap_not_certified,,
gen-row-0162,162,4160,1,59.33,0.5932999999999999,197.77,1.9777,1,183.926,1.83926,0.0021295552806028916,0.001,passed,withheld_mip_gap_not_certified,,
gen-row-0163,163,4161,1,59.33,0.5932999999999999,197.77,1.9777,1,195.85619573024212,1.958561957302421,0.0021295552806028916,0.001,passed,withheld_mip_gap_not_certified,,
gen-row-0164,164,4162,1,59.33,0.5932999999999999,197.77,1.9777,1,183.926,1.83926,0.0021295552806028916,0.001,passed,withheld_mip_gap_not_certified,,
gen-row-0165,165,4163,0,2.7,0.027000000000000003,9.0,0.09,0,0.0,0.0,0.0021295552806028916,0.001,passed,withheld_mip_gap_not_certified,,
gen-row-0166,166,4166,1,150.75,1.5075,150.75,1.5075,1,150.75,1.5075,0.0021295552806028916,0.001,passed,withheld_mip_gap_not_certified,,
gen-row-0167,167,4177,1,112.5,1.125,112.5,1.125,1,112.5,1.125,0.0021295552806028916,0.001,passed,withheld_mip_gap_not_certified,,
gen-row-0168,168,4181,1,150.07,1.5007,150.07,1.5007,1,150.07,1.5007,0.0021295552806028916,0.001,passed,withheld_mip_gap_not_certified,,
gen-row-0169,169,4183,1,152.25,1.5225,152.25,1.5225,1,152.25,1.5225,0.0021295552806028916,0.001,passed,withheld_mip_gap_not_certified,,
gen-row-0170,170,4192,1,22.5,0.225,75.0,0.75,0,0.0,0.0,0.0021295552806028916,0.001,passed,withheld_mip_gap_not_certified,,
gen-row-0171,171,4192,1,55.13,0.5513,183.77,1.8377000000000001,1,183.77,1.8377000000000001,0.0021295552806028916,0.001,passed,withheld_mip_gap_not_certified,,
gen-row-0172,172,4192,0,7.2,0.07200000000000001,24.0,0.24,0,0.0,0.0,0.0021295552806028916,0.001,passed,withheld_mip_gap_not_certified,,
gen-row-0173,173,4192,1,18.3,0.183,61.0,0.61,0,0.0,0.0,0.0021295552806028916,0.001,passed,withheld_mip_gap_not_certified,,
gen-row-0174,174,4192,1,3.12,0.031200000000000002,10.4,0.10400000000000001,0,0.0,0.0,0.0021295552806028916,0.001,passed,withheld_mip_gap_not_certified,,
gen-row-0175,175,4192,1,80.1,0.8009999999999999,267.0,2.67,1,267.0,2.67,0.0021295552806028916,0.001,passed,withheld_mip_gap_not_certified,,
gen-row-0176,176,4192,1,80.1,0.8009999999999999,267.0,2.67,1,267.0,2.67,0.0021295552806028916,0.001,passed,withheld_mip_gap_not_certified,,
gen-row-0177,177,4192,1,80.1,0.8009999999999999,267.0,2.67,1,267.0,2.67,0.0021295552806028916,0.001,passed,withheld_mip_gap_not_certified,,
gen-row-0178,178,4192,1,55.13,0.5513,183.77,1.8377000000000001,1,183.77,1.8377000000000001,0.0021295552806028916,0.001,passed,withheld_mip_gap_not_certified,,
gen-row-0179,179,4192,1,55.13,0.5513,183.77,1.8377000000000001,0,0.0,0.0,0.0021295552806028916,0.001,passed,withheld_mip_gap_not_certified,,
gen-row-0180,180,4194,1,151.2,1.5119999999999998,151.2,1.5119999999999998,1,151.2,1.5119999999999998,0.0021295552806028916,0.001,passed,withheld_mip_gap_not_certified,,
gen-row-0181,181,4195,1,69.0,0.69,69.0,0.69,1,69.0,0.69,0.0021295552806028916,0.001,passed,withheld_mip_gap_not_certified,,
gen-row-0182,182,5020,1,90.0,0.9,90.0,0.9,1,90.0,0.9,0.0021295552806028916,0.001,passed,withheld_mip_gap_not_certified,,
gen-row-0183,183,5023,0,1.44,0.0144,4.8,0.048,0,0.0,0.0,0.0021295552806028916,0.001,passed,withheld_mip_gap_not_certified,,
gen-row-0184,184,5035,0,1.26,0.0126,4.2,0.042,0,0.0,0.0,0.0021295552806028916,0.001,passed,withheld_mip_gap_not_certified,,
gen-row-0185,185,5036,0,1.92,0.0192,6.4,0.064,0,0.0,0.0,0.0021295552806028916,0.001,passed,withheld_mip_gap_not_certified,,
gen-row-0186,186,5037,1,92.54,0.9254000000000001,308.47,3.0847,1,308.47,3.0847,0.0021295552806028916,0.001,passed,withheld_mip_gap_not_certified,,
gen-row-0187,187,5038,1,92.54,0.9254000000000001,308.47,3.0847,1,308.47,3.0847,0.0021295552806028916,0.001,passed,withheld_mip_gap_not_certified,,
gen-row-0188,188,5039,1,92.54,0.9254000000000001,308.47,3.0847,1,308.47,3.0847,0.0021295552806028916,0.001,passed,withheld_mip_gap_not_certified,,
gen-row-0189,189,5040,1,92.54,0.9254000000000001,308.47,3.0847,1,308.47,3.0847,0.0021295552806028916,0.001,passed,withheld_mip_gap_not_certified,,
gen-row-0190,190,5041,1,92.54,0.9254000000000001,308.47,3.0847,1,308.47,3.0847,0.0021295552806028916,0.001,passed,withheld_mip_gap_not_certified,,
gen-row-0191,191,5042,1,92.54,0.9254000000000001,308.47,3.0847,1,308.47,3.0847,0.0021295552806028916,0.001,passed,withheld_mip_gap_not_certified,,
gen-row-0192,192,5051,1,25.41,0.2541,84.7,0.847,0,0.0,0.0,0.0021295552806028916,0.001,passed,withheld_mip_gap_not_certified,,
gen-row-0193,193,5057,0,95.2,0.9520000000000001,317.35,3.1735,0,0.0,0.0,0.0021295552806028916,0.001,passed,withheld_mip_gap_not_certified,,
gen-row-0194,194,5058,1,95.2,0.9520000000000001,317.35,3.1735,1,317.3500000000001,3.1735000000000007,0.0021295552806028916,0.001,passed,withheld_mip_gap_not_certified,,
gen-row-0195,195,5065,1,3.18,0.0318,10.6,0.106,0,0.0,0.0,0.0021295552806028916,0.001,passed,withheld_mip_gap_not_certified,,
gen-row-0196,196,5066,0,0.54,0.0054,1.8,0.018000000000000002,0,0.0,0.0,0.0021295552806028916,0.001,passed,withheld_mip_gap_not_certified,,
gen-row-0197,197,5067,1,131.48,1.3148,438.27,4.3827,1,438.27,4.3827,0.0021295552806028916,0.001,passed,withheld_mip_gap_not_certified,,
gen-row-0198,198,5068,1,131.48,1.3148,438.27,4.3827,1,438.27,4.3827,0.0021295552806028916,0.001,passed,withheld_mip_gap_not_certified,,
gen-row-0199,199,5069,1,131.48,1.3148,438.27,4.3827,1,438.27,4.3827,0.0021295552806028916,0.001,passed,withheld_mip_gap_not_certified,,
gen-row-0200,200,5089,0,0.0,0.0,123.9,1.239,0,0.0,0.0,0.0021295552806028916,0.001,passed,withheld_mip_gap_not_certified,,
gen-row-0201,201,5106,0,3.24,0.032400000000000005,10.8,0.10800000000000001,0,0.0,0.0,0.0021295552806028916,0.001,passed,withheld_mip_gap_not_certified,,
gen-row-0202,202,5107,0,1.71,0.0171,5.7,0.057,0,0.0,0.0,0.0021295552806028916,0.001,passed,withheld_mip_gap_not_certified,,
gen-row-0203,203,5166,1,37.95,0.3795,126.5,1.265,1,126.49999999999999,1.265,0.0021295552806028916,0.001,passed,withheld_mip_gap_not_certified,,
gen-row-0204,204,5167,1,0.48,0.0048,1.6,0.016,0,0.0,0.0,0.0021295552806028916,0.001,passed,withheld_mip_gap_not_certified,,
gen-row-0205,205,5170,1,45.0,0.45,45.0,0.45,1,45.0,0.45,0.0021295552806028916,0.001,passed,withheld_mip_gap_not_certified,,
gen-row-0206,206,5198,1,112.5,1.125,112.5,1.125,1,112.5,1.125,0.0021295552806028916,0.001,passed,withheld_mip_gap_not_certified,,
gen-row-0207,207,5206,1,74.6,0.746,248.67,2.4867,1,248.67,2.4867,0.0021295552806028916,0.001,passed,withheld_mip_gap_not_certified,,
gen-row-0208,208,5207,1,74.6,0.746,248.67,2.4867,1,248.67,2.4867,0.0021295552806028916,0.001,passed,withheld_mip_gap_not_certified,,
gen-row-0209,209,5208,1,74.6,0.746,248.67,2.4867,1,248.67,2.4867,0.0021295552806028916,0.001,passed,withheld_mip_gap_not_certified,,
gen-row-0210,210,5238,1,168.75,1.6875,168.75,1.6875,1,168.75,1.6875,0.0021295552806028916,0.001,passed,withheld_mip_gap_not_certified,,
gen-row-0211,211,5243,1,112.5,1.125,112.5,1.125,1,112.5,1.125,0.0021295552806028916,0.001,passed,withheld_mip_gap_not_certified,,
gen-row-0212,212,5262,1,364.5,3.645,1215.0,12.15,1,1214.9999999999998,12.149999999999999,0.0021295552806028916,0.001,passed,withheld_mip_gap_not_certified,,
gen-row-0213,213,5263,1,364.5,3.645,1215.0,12.15,1,1214.9999999999998,12.149999999999999,0.0021295552806028916,0.001,passed,withheld_mip_gap_not_certified,,
gen-row-0214,214,5281,1,80.32,0.8031999999999999,267.73,2.6773000000000002,0,0.0,0.0,0.0021295552806028916,0.001,passed,withheld_mip_gap_not_certified,,
gen-row-0215,215,5282,1,80.32,0.8031999999999999,267.73,2.6773000000000002,0,0.0,0.0,0.0021295552806028916,0.001,passed,withheld_mip_gap_not_certified,,
gen-row-0216,216,5283,0,80.32,0.8031999999999999,267.73,2.6773000000000002,0,0.0,0.0,0.0021295552806028916,0.001,passed,withheld_mip_gap_not_certified,,
gen-row-0217,217,5297,0,0.96,0.0096,3.2,0.032,0,0.0,0.0,0.0021295552806028916,0.001,passed,withheld_mip_gap_not_certified,,
gen-row-0218,218,5298,1,34.5,0.345,115.0,1.15,0,0.0,0.0,0.0021295552806028916,0.001,passed,withheld_mip_gap_not_certified,,
gen-row-0219,219,5299,1,34.5,0.345,115.0,1.15,1,115.00000000000003,1.1500000000000004,0.0021295552806028916,0.001,passed,withheld_mip_gap_not_certified,,
gen-row-0220,220,5300,1,34.5,0.345,115.0,1.15,1,115.00000000000003,1.1500000000000004,0.0021295552806028916,0.001,passed,withheld_mip_gap_not_certified,,
gen-row-0221,221,5301,1,24.81,0.2481,82.7,0.8270000000000001,0,0.0,0.0,0.0021295552806028916,0.001,passed,withheld_mip_gap_not_certified,,
gen-row-0222,222,5302,1,139.13,1.3913,463.75,4.6375,1,463.7500000000001,4.637500000000001,0.0021295552806028916,0.001,passed,withheld_mip_gap_not_certified,,
gen-row-0223,223,5303,1,139.13,1.3913,463.75,4.6375,1,463.7500000000001,4.637500000000001,0.0021295552806028916,0.001,passed,withheld_mip_gap_not_certified,,
gen-row-0224,224,5319,1,78.84,0.7884,262.8,2.628,1,262.8,2.628,0.0021295552806028916,0.001,passed,withheld_mip_gap_not_certified,,
gen-row-0225,225,5320,0,78.84,0.7884,262.8,2.628,0,0.0,0.0,0.0021295552806028916,0.001,passed,withheld_mip_gap_not_certified,,
gen-row-0226,226,5321,1,78.84,0.7884,262.8,2.628,0,0.0,0.0,0.0021295552806028916,0.001,passed,withheld_mip_gap_not_certified,,
gen-row-0227,227,5324,1,85.22,0.8522,284.07,2.8407,1,284.07,2.8407,0.0021295552806028916,0.001,passed,withheld_mip_gap_not_certified,,
gen-row-0228,228,5325,1,85.22,0.8522,284.07,2.8407,1,284.07000000000005,2.8407000000000004,0.0021295552806028916,0.001,passed,withheld_mip_gap_not_certified,,
gen-row-0229,229,5326,1,85.22,0.8522,284.07,2.8407,1,284.07,2.8407,0.0021295552806028916,0.001,passed,withheld_mip_gap_not_certified,,
gen-row-0230,230,5342,1,8.4,0.084,8.4,0.084,1,8.4,0.084,0.0021295552806028916,0.001,passed,withheld_mip_gap_not_certified,,
gen-row-0231,231,5343,1,207.5,2.075,207.5,2.075,1,207.50000000000003,2.075,0.0021295552806028916,0.001,passed,withheld_mip_gap_not_certified,,
gen-row-0232,232,5360,1,302.4,3.0239999999999996,1008.0,10.08,1,976.0357075338186,9.760357075338186,0.0021295552806028916,0.001,passed,withheld_mip_gap_not_certified,,
gen-row-0233,233,5363,1,3.12,0.031200000000000002,10.4,0.10400000000000001,0,0.0,0.0,0.0021295552806028916,0.001,passed,withheld_mip_gap_not_certified,,
gen-row-0234,234,5364,1,64.0,0.64,213.33,2.1333,1,213.33,2.1333,0.0021295552806028916,0.001,passed,withheld_mip_gap_not_certified,,
gen-row-0235,235,5365,1,64.0,0.64,213.33,2.1333,1,213.33,2.1333,0.0021295552806028916,0.001,passed,withheld_mip_gap_not_certified,,
gen-row-0236,236,5366,1,64.0,0.64,213.33,2.1333,1,213.33,2.1333,0.0021295552806028916,0.001,passed,withheld_mip_gap_not_certified,,
gen-row-0237,237,5367,1,64.0,0.64,213.33,2.1333,1,213.33,2.1333,0.0021295552806028916,0.001,passed,withheld_mip_gap_not_certified,,
gen-row-0238,238,5368,1,64.0,0.64,213.33,2.1333,1,213.33,2.1333,0.0021295552806028916,0.001,passed,withheld_mip_gap_not_certified,,
gen-row-0239,239,5369,1,64.0,0.64,213.33,2.1333,1,213.33,2.1333,0.0021295552806028916,0.001,passed,withheld_mip_gap_not_certified,,
gen-row-0240,240,5382,1,62.7,0.627,209.0,2.09,1,209.0,2.09,0.0021295552806028916,0.001,passed,withheld_mip_gap_not_certified,,
gen-row-0241,241,5383,1,62.7,0.627,209.0,2.09,1,209.0,2.09,0.0021295552806028916,0.001,passed,withheld_mip_gap_not_certified,,
gen-row-0242,242,5399,1,124.2,1.242,124.2,1.242,1,124.2,1.242,0.0021295552806028916,0.001,passed,withheld_mip_gap_not_certified,,
gen-row-0243,243,5403,1,26.82,0.2682,89.4,0.894,0,0.0,0.0,0.0021295552806028916,0.001,passed,withheld_mip_gap_not_certified,,
gen-row-0244,244,5404,1,26.82,0.2682,89.4,0.894,0,0.0,0.0,0.0021295552806028916,0.001,passed,withheld_mip_gap_not_certified,,
gen-row-0245,245,5405,1,26.82,0.2682,89.4,0.894,0,0.0,0.0,0.0021295552806028916,0.001,passed,withheld_mip_gap_not_certified,,
gen-row-0246,246,5406,1,26.82,0.2682,89.4,0.894,0,0.0,0.0,0.0021295552806028916,0.001,passed,withheld_mip_gap_not_certified,,
gen-row-0247,247,5415,1,36.6,0.366,122.0,1.22,0,0.0,0.0,0.0021295552806028916,0.001,passed,withheld_mip_gap_not_certified,,
gen-row-0248,248,5416,1,36.6,0.366,122.0,1.22,0,0.0,0.0,0.0021295552806028916,0.001,passed,withheld_mip_gap_not_certified,,
gen-row-0249,249,5417,1,36.6,0.366,122.0,1.22,0,0.0,0.0,0.0021295552806028916,0.001,passed,withheld_mip_gap_not_certified,,
gen-row-0250,250,5418,1,35.64,0.3564,118.8,1.188,0,0.0,0.0,0.0021295552806028916,0.001,passed,withheld_mip_gap_not_certified,,
gen-row-0251,251,5419,1,35.64,0.3564,118.8,1.188,0,0.0,0.0,0.0021295552806028916,0.001,passed,withheld_mip_gap_not_certified,,
gen-row-0252,252,5423,1,3.72,0.037200000000000004,12.4,0.124,0,0.0,0.0,0.0021295552806028916,0.001,passed,withheld_mip_gap_not_certified,,
gen-row-0253,253,5424,0,0.96,0.0096,3.2,0.032,0,0.0,0.0,0.0021295552806028916,0.001,passed,withheld_mip_gap_not_certified,,
gen-row-0254,254,5444,0,86.7,0.867,289.0,2.89,0,0.0,0.0,0.0021295552806028916,0.001,passed,withheld_mip_gap_not_certified,,
gen-row-0255,255,5444,0,86.7,0.867,289.0,2.89,0,0.0,0.0,0.0021295552806028916,0.001,passed,withheld_mip_gap_not_certified,,
gen-row-0256,256,5444,0,86.7,0.867,289.0,2.89,0,0.0,0.0,0.0021295552806028916,0.001,passed,withheld_mip_gap_not_certified,,
gen-row-0257,257,5444,1,86.7,0.867,289.0,2.89,1,288.99999999999994,2.8899999999999992,0.0021295552806028916,0.001,passed,withheld_mip_gap_not_certified,,
gen-row-0258,258,5444,1,86.7,0.867,289.0,2.89,1,288.99999999999994,2.8899999999999992,0.0021295552806028916,0.001,passed,withheld_mip_gap_not_certified,,
gen-row-0259,259,5444,0,86.7,0.867,289.0,2.89,0,0.0,0.0,0.0021295552806028916,0.001,passed,withheld_mip_gap_not_certified,,
gen-row-0260,260,5444,1,42.39,0.4239,141.3,1.413,0,0.0,0.0,0.0021295552806028916,0.001,passed,withheld_mip_gap_not_certified,,
gen-row-0261,261,5444,1,42.39,0.4239,141.3,1.413,0,0.0,0.0,0.0021295552806028916,0.001,passed,withheld_mip_gap_not_certified,,
gen-row-0262,262,6006,1,63.9,0.639,213.0,2.13,1,213.00000000000003,2.1300000000000003,0.0021295552806028916,0.001,passed,withheld_mip_gap_not_certified,,
gen-row-0263,263,6007,0,127.8,1.278,426.0,4.26,0,0.0,0.0,0.0021295552806028916,0.001,passed,withheld_mip_gap_not_certified,,
gen-row-0264,264,6008,1,59.5,0.595,198.33,1.9833,0,0.0,0.0,0.0021295552806028916,0.001,passed,withheld_mip_gap_not_certified,,
gen-row-0265,265,6009,1,59.5,0.595,198.33,1.9833,0,0.0,0.0,0.0021295552806028916,0.001,passed,withheld_mip_gap_not_certified,,
gen-row-0266,266,6010,1,59.5,0.595,198.33,1.9833,0,0.0,0.0,0.0021295552806028916,0.001,passed,withheld_mip_gap_not_certified,,
gen-row-0267,267,6041,1,0.0,0.0,0.0,0.0,1,0.0,0.0,0.0021295552806028916,0.001,passed,withheld_mip_gap_not_certified,,
gen-row-0268,268,6042,1,0.0,0.0,0.0,0.0,1,0.0,0.0,0.0021295552806028916,0.001,passed,withheld_mip_gap_not_certified,,
gen-row-0269,269,6048,0,1.02,0.0102,3.4,0.034,0,0.0,0.0,0.0021295552806028916,0.001,passed,withheld_mip_gap_not_certified,,
gen-row-0270,270,6049,0,2.88,0.0288,9.6,0.096,0,0.0,0.0,0.0021295552806028916,0.001,passed,withheld_mip_gap_not_certified,,
gen-row-0271,271,6050,0,1.32,0.0132,4.4,0.044000000000000004,0,0.0,0.0,0.0021295552806028916,0.001,passed,withheld_mip_gap_not_certified,,
gen-row-0272,272,6051,1,17.22,0.1722,57.4,0.574,0,0.0,0.0,0.0021295552806028916,0.001,passed,withheld_mip_gap_not_certified,,
gen-row-0273,273,6052,0,17.22,0.1722,57.4,0.574,0,0.0,0.0,0.0021295552806028916,0.001,passed,withheld_mip_gap_not_certified,,
gen-row-0274,274,6053,1,17.22,0.1722,57.4,0.574,0,0.0,0.0,0.0021295552806028916,0.001,passed,withheld_mip_gap_not_certified,,
gen-row-0275,275,6054,1,17.22,0.1722,57.4,0.574,0,0.0,0.0,0.0021295552806028916,0.001,passed,withheld_mip_gap_not_certified,,
gen-row-0276,276,6069,1,54.41,0.5440999999999999,181.37,1.8137,1,181.37,1.8137,0.0021295552806028916,0.001,passed,withheld_mip_gap_not_certified,,
gen-row-0277,277,6070,1,54.41,0.5440999999999999,181.37,1.8137,0,0.0,0.0,0.0021295552806028916,0.001,passed,withheld_mip_gap_not_certified,,
gen-row-0278,278,6071,1,54.41,0.5440999999999999,181.37,1.8137,1,181.37,1.8137,0.0021295552806028916,0.001,passed,withheld_mip_gap_not_certified,,
gen-row-0279,279,6072,0,54.41,0.5440999999999999,181.37,1.8137,0,0.0,0.0,0.0021295552806028916,0.001,passed,withheld_mip_gap_not_certified,,
gen-row-0280,280,6073,1,54.41,0.5440999999999999,181.37,1.8137,1,181.37,1.8137,0.0021295552806028916,0.001,passed,withheld_mip_gap_not_certified,,
gen-row-0281,281,6074,1,54.41,0.5440999999999999,181.37,1.8137,1,181.37,1.8137,0.0021295552806028916,0.001,passed,withheld_mip_gap_not_certified,,
gen-row-0282,282,6078,1,169.0,1.69,563.33,5.6333,1,525.6999307033252,5.256999307033252,0.0021295552806028916,0.001,passed,withheld_mip_gap_not_certified,,
gen-row-0283,283,6079,1,169.0,1.69,563.33,5.6333,1,563.3300000000002,5.633300000000002,0.0021295552806028916,0.001,passed,withheld_mip_gap_not_certified,,
gen-row-0284,284,6080,1,169.0,1.69,563.33,5.6333,1,523.897,5.23897,0.0021295552806028916,0.001,passed,withheld_mip_gap_not_certified,,
gen-row-0285,285,6082,1,41.37,0.41369999999999996,41.37,0.41369999999999996,1,41.37,0.41369999999999996,0.0021295552806028916,0.001,passed,withheld_mip_gap_not_certified,,
gen-row-0286,286,6083,1,65.3,0.653,65.3,0.653,1,65.3,0.653,0.0021295552806028916,0.001,passed,withheld_mip_gap_not_certified,,
gen-row-0287,287,6085,1,1.05,0.0105,1.05,0.0105,1,1.05,0.0105,0.0021295552806028916,0.001,passed,withheld_mip_gap_not_certified,,
gen-row-0288,288,6086,1,22.5,0.225,22.5,0.225,1,22.5,0.225,0.0021295552806028916,0.001,passed,withheld_mip_gap_not_certified,,
gen-row-0289,289,6087,0,1.65,0.0165,5.5,0.055,0,0.0,0.0,0.0021295552806028916,0.001,passed,withheld_mip_gap_not_certified,,
gen-row-0290,290,6088,1,7.95,0.0795,7.95,0.0795,1,7.95,0.0795,0.0021295552806028916,0.001,passed,withheld_mip_gap_not_certified,,
gen-row-0291,291,6089,1,10.42,0.1042,10.42,0.1042,1,10.42,0.1042,0.0021295552806028916,0.001,passed,withheld_mip_gap_not_certified,,
gen-row-0292,292,6090,1,30.52,0.30519999999999997,30.52,0.30519999999999997,1,30.520000000000003,0.3052,0.0021295552806028916,0.001,passed,withheld_mip_gap_not_certified,,
gen-row-0293,293,6104,1,18.15,0.1815,60.5,0.605,0,0.0,0.0,0.0021295552806028916,0.001,passed,withheld_mip_gap_not_certified,,
gen-row-0294,294,6105,1,18.15,0.1815,60.5,0.605,0,0.0,0.0,0.0021295552806028916,0.001,passed,withheld_mip_gap_not_certified,,
gen-row-0295,295,6106,1,36.3,0.363,121.0,1.21,0,0.0,0.0,0.0021295552806028916,0.001,passed,withheld_mip_gap_not_certified,,
gen-row-0296,296,6110,1,177.18,1.7718,590.6,5.906000000000001,1,590.5999999999999,5.905999999999999,0.0021295552806028916,0.001,passed,withheld_mip_gap_not_certified,,
gen-row-0297,297,6111,1,198.45,1.9845,661.5,6.615,1,661.4999999999999,6.614999999999998,0.0021295552806028916,0.001,passed,withheld_mip_gap_not_certified,,
gen-row-0298,298,6144,0,2.52,0.0252,8.4,0.084,0,0.0,0.0,0.0021295552806028916,0.001,passed,withheld_mip_gap_not_certified,,
gen-row-0299,299,6145,1,133.8,1.338,446.0,4.46,1,446.0,4.46,0.0021295552806028916,0.001,passed,withheld_mip_gap_not_certified,,
gen-row-0300,300,6146,1,133.8,1.338,446.0,4.46,1,446.0,4.46,0.0021295552806028916,0.001,passed,withheld_mip_gap_not_certified,,
gen-row-0301,301,6147,1,279.6,2.7960000000000003,932.0,9.32,0,0.0,0.0,0.0021295552806028916,0.001,passed,withheld_mip_gap_not_certified,,
gen-row-0302,302,6148,0,216.6,2.166,722.0,7.22,0,0.0,0.0,0.0021295552806028916,0.001,passed,withheld_mip_gap_not_certified,,
gen-row-0303,303,6149,1,216.6,2.166,722.0,7.22,0,0.0,0.0,0.0021295552806028916,0.001,passed,withheld_mip_gap_not_certified,,
gen-row-0304,304,6164,1,70.52,0.7051999999999999,235.05,2.3505000000000003,1,235.05,2.3505000000000003,0.0021295552806028916,0.001,passed,withheld_mip_gap_not_certified,,
gen-row-0305,305,6165,1,70.52,0.7051999999999999,235.05,2.3505000000000003,1,235.05,2.3505000000000003,0.0021295552806028916,0.001,passed,withheld_mip_gap_not_certified,,
gen-row-0306,306,6166,1,70.52,0.7051999999999999,235.05,2.3505000000000003,1,235.05,2.3505000000000003,0.0021295552806028916,0.001,passed,withheld_mip_gap_not_certified,,
gen-row-0307,307,6167,1,70.52,0.7051999999999999,235.05,2.3505000000000003,1,235.05,2.3505000000000003,0.0021295552806028916,0.001,passed,withheld_mip_gap_not_certified,,
gen-row-0308,308,6213,1,177.9,1.7790000000000001,177.9,1.7790000000000001,1,177.9,1.7790000000000001,0.0021295552806028916,0.001,passed,withheld_mip_gap_not_certified,,
gen-row-0309,309,6214,1,552.3,5.523,552.3,5.523,1,552.3,5.523,0.0021295552806028916,0.001,passed,withheld_mip_gap_not_certified,,
gen-row-0310,310,6215,1,552.3,5.523,552.3,5.523,1,552.3,5.523,0.0021295552806028916,0.001,passed,withheld_mip_gap_not_certified,,
gen-row-0311,311,6216,1,552.3,5.523,552.3,5.523,1,552.3,5.523,0.0021295552806028916,0.001,passed,withheld_mip_gap_not_certified,,
gen-row-0312,312,6242,1,18.3,0.183,61.0,0.61,0,0.0,0.0,0.0021295552806028916,0.001,passed,withheld_mip_gap_not_certified,,
gen-row-0313,313,6243,1,54.9,0.5489999999999999,183.0,1.83,1,183.00000000000006,1.8300000000000005,0.0021295552806028916,0.001,passed,withheld_mip_gap_not_certified,,
gen-row-0314,314,6244,1,89.4,0.894,298.0,2.98,1,298.0,2.98,0.0021295552806028916,0.001,passed,withheld_mip_gap_not_certified,,
gen-row-0315,315,6245,1,89.4,0.894,298.0,2.98,1,298.0,2.98,0.0021295552806028916,0.001,passed,withheld_mip_gap_not_certified,,
gen-row-0316,316,6246,1,89.4,0.894,298.0,2.98,1,298.0,2.98,0.0021295552806028916,0.001,passed,withheld_mip_gap_not_certified,,
gen-row-0317,317,6247,1,55.0,0.55,183.33,1.8333000000000002,1,183.33000000000004,1.8333000000000004,0.0021295552806028916,0.001,passed,withheld_mip_gap_not_certified,,
gen-row-0318,318,6248,1,55.0,0.55,183.33,1.8333000000000002,1,183.33000000000004,1.8333000000000004,0.0021295552806028916,0.001,passed,withheld_mip_gap_not_certified,,
gen-row-0319,319,6249,1,55.0,0.55,183.33,1.8333000000000002,1,183.33000000000004,1.8333000000000004,0.0021295552806028916,0.001,passed,withheld_mip_gap_not_certified,,
gen-row-0320,320,6257,1,58.2,0.5820000000000001,194.0,1.94,0,0.0,0.0,0.0021295552806028916,0.001,passed,withheld_mip_gap_not_certified,,
gen-row-0321,321,6258,1,58.2,0.5820000000000001,194.0,1.94,0,0.0,0.0,0.0021295552806028916,0.001,passed,withheld_mip_gap_not_certified,,
gen-row-0322,322,6259,0,15.42,0.1542,51.4,0.514,0,0.0,0.0,0.0021295552806028916,0.001,passed,withheld_mip_gap_not_certified,,
gen-row-0323,323,6260,1,77.1,0.7709999999999999,257.0,2.57,1,257.0,2.57,0.0021295552806028916,0.001,passed,withheld_mip_gap_not_certified,,
gen-row-0324,324,6266,1,4.5,0.045,4.5,0.045,1,4.5,0.045,0.0021295552806028916,0.001,passed,withheld_mip_gap_not_certified,,
gen-row-0325,325,6267,1,7.2,0.07200000000000001,7.2,0.07200000000000001,1,7.200000000000001,0.07200000000000001,0.0021295552806028916,0.001,passed,withheld_mip_gap_not_certified,,
gen-row-0326,326,6268,1,4.5,0.045,4.5,0.045,1,4.5,0.045,0.0021295552806028916,0.001,passed,withheld_mip_gap_not_certified,,
gen-row-0327,327,6269,1,7.2,0.07200000000000001,7.2,0.07200000000000001,1,7.200000000000001,0.07200000000000001,0.0021295552806028916,0.001,passed,withheld_mip_gap_not_certified,,
gen-row-0328,328,6270,0,0.0,0.0,18.0,0.18,0,0.0,0.0,0.0021295552806028916,0.001,passed,withheld_mip_gap_not_certified,,
gen-row-0329,329,6271,0,0.0,0.0,11.0,0.11,0,0.0,0.0,0.0021295552806028916,0.001,passed,withheld_mip_gap_not_certified,,
gen-row-0330,330,6272,0,0.0,0.0,7.2,0.07200000000000001,0,0.0,0.0,0.0021295552806028916,0.001,passed,withheld_mip_gap_not_certified,,
gen-row-0331,331,6273,0,0.0,0.0,7.2,0.07200000000000001,0,0.0,0.0,0.0021295552806028916,0.001,passed,withheld_mip_gap_not_certified,,
gen-row-0332,332,6274,1,8.4,0.084,8.4,0.084,1,8.4,0.084,0.0021295552806028916,0.001,passed,withheld_mip_gap_not_certified,,
gen-row-0333,333,6295,1,61.87,0.6187,206.23,2.0623,1,206.22999999999996,2.0622999999999996,0.0021295552806028916,0.001,passed,withheld_mip_gap_not_certified,,
gen-row-0334,334,6296,1,61.87,0.6187,206.23,2.0623,1,206.22999999999996,2.0622999999999996,0.0021295552806028916,0.001,passed,withheld_mip_gap_not_certified,,
gen-row-0335,335,6297,1,61.9,0.619,206.23,2.0623,1,206.22999999999996,2.0622999999999996,0.0021295552806028916,0.001,passed,withheld_mip_gap_not_certified,,
gen-row-0336,336,6301,0,0.96,0.0096,3.2,0.032,0,0.0,0.0,0.0021295552806028916,0.001,passed,withheld_mip_gap_not_certified,,
gen-row-0337,337,6302,1,74.18,0.7418,247.25,2.4725,1,247.25,2.4725,0.0021295552806028916,0.001,passed,withheld_mip_gap_not_certified,,
gen-row-0338,338,6303,1,74.18,0.7418,247.25,2.4725,1,247.25,2.4725,0.0021295552806028916,0.001,passed,withheld_mip_gap_not_certified,,
gen-row-0339,339,6304,1,74.18,0.7418,247.25,2.4725,1,247.25,2.4725,0.0021295552806028916,0.001,passed,withheld_mip_gap_not_certified,,
gen-row-0340,340,6305,1,74.18,0.7418,247.25,2.4725,1,247.25,2.4725,0.0021295552806028916,0.001,passed,withheld_mip_gap_not_certified,,
gen-row-0341,341,6349,0,3.6,0.036000000000000004,12.0,0.12,0,0.0,0.0,0.0021295552806028916,0.001,passed,withheld_mip_gap_not_certified,,
gen-row-0342,342,6349,0,15.45,0.1545,51.5,0.515,0,0.0,0.0,0.0021295552806028916,0.001,passed,withheld_mip_gap_not_certified,,
gen-row-0343,343,6349,1,30.9,0.309,103.0,1.03,0,0.0,0.0,0.0021295552806028916,0.001,passed,withheld_mip_gap_not_certified,,
gen-row-0344,344,6349,0,0.69,0.0069,2.3,0.023,0,0.0,0.0,0.0021295552806028916,0.001,passed,withheld_mip_gap_not_certified,,
gen-row-0345,345,6349,0,1.38,0.0138,4.6,0.046,0,0.0,0.0,0.0021295552806028916,0.001,passed,withheld_mip_gap_not_certified,,
gen-row-0346,346,6349,0,0.45,0.0045000000000000005,1.5,0.015,0,0.0,0.0,0.0021295552806028916,0.001,passed,withheld_mip_gap_not_certified,,
gen-row-0347,347,6349,0,1.2,0.012,4.0,0.04,0,0.0,0.0,0.0021295552806028916,0.001,passed,withheld_mip_gap_not_certified,,
gen-row-0348,348,6349,0,1.92,0.0192,6.4,0.064,0,0.0,0.0,0.0021295552806028916,0.001,passed,withheld_mip_gap_not_certified,,
gen-row-0349,349,6349,1,108.9,1.089,363.0,3.63,1,363.00000000000006,3.630000000000001,0.0021295552806028916,0.001,passed,withheld_mip_gap_not_certified,,
gen-row-0350,350,6349,1,108.9,1.089,363.0,3.63,1,363.00000000000006,3.630000000000001,0.0021295552806028916,0.001,passed,withheld_mip_gap_not_certified,,
gen-row-0351,351,6349,0,15.45,0.1545,51.5,0.515,0,0.0,0.0,0.0021295552806028916,0.001,passed,withheld_mip_gap_not_certified,,
gen-row-0352,352,7005,1,48.9,0.489,163.0,1.63,1,162.99999999999997,1.6299999999999997,0.0021295552806028916,0.001,passed,withheld_mip_gap_not_certified,,
gen-row-0353,353,7006,1,48.9,0.489,163.0,1.63,1,163.0,1.63,0.0021295552806028916,0.001,passed,withheld_mip_gap_not_certified,,
gen-row-0354,354,7007,1,48.9,0.489,163.0,1.63,1,163.0,1.63,0.0021295552806028916,0.001,passed,withheld_mip_gap_not_certified,,
gen-row-0355,355,7008,1,48.9,0.489,163.0,1.63,1,163.0,1.63,0.0021295552806028916,0.001,passed,withheld_mip_gap_not_certified,,
gen-row-0356,356,7009,1,48.9,0.489,163.0,1.63,1,163.0,1.63,0.0021295552806028916,0.001,passed,withheld_mip_gap_not_certified,,
gen-row-0357,357,7015,0,1.2,0.012,4.0,0.04,0,0.0,0.0,0.0021295552806028916,0.001,passed,withheld_mip_gap_not_certified,,
gen-row-0358,358,7021,1,6.72,0.0672,22.4,0.22399999999999998,0,0.0,0.0,0.0021295552806028916,0.001,passed,withheld_mip_gap_not_certified,,
gen-row-0359,359,7022,1,14.22,0.1422,47.4,0.474,0,0.0,0.0,0.0021295552806028916,0.001,passed,withheld_mip_gap_not_certified,,
gen-row-0360,360,7023,1,14.22,0.1422,47.4,0.474,0,0.0,0.0,0.0021295552806028916,0.001,passed,withheld_mip_gap_not_certified,,
gen-row-0361,361,7024,1,28.44,0.2844,94.8,0.948,0,0.0,0.0,0.0021295552806028916,0.001,passed,withheld_mip_gap_not_certified,,
gen-row-0362,362,7025,0,0.96,0.0096,3.2,0.032,0,0.0,0.0,0.0021295552806028916,0.001,passed,withheld_mip_gap_not_certified,,
gen-row-0363,363,7031,1,29.1,0.29100000000000004,29.1,0.29100000000000004,1,29.100000000000005,0.29100000000000004,0.0021295552806028916,0.001,passed,withheld_mip_gap_not_certified,,
gen-row-0364,364,7032,1,7.5,0.075,7.5,0.075,1,7.5,0.075,0.0021295552806028916,0.001,passed,withheld_mip_gap_not_certified,,
gen-row-0365,365,7033,1,7.5,0.075,7.5,0.075,1,7.5,0.075,0.0021295552806028916,0.001,passed,withheld_mip_gap_not_certified,,
gen-row-0366,366,7034,0,1.32,0.0132,4.4,0.044000000000000004,0,0.0,0.0,0.0021295552806028916,0.001,passed,withheld_mip_gap_not_certified,,
gen-row-0367,367,7045,1,56.53,0.5653,188.45,1.8844999999999998,0,0.0,0.0,0.0021295552806028916,0.001,passed,withheld_mip_gap_not_certified,,
gen-row-0368,368,7046,1,56.53,0.5653,188.45,1.8844999999999998,0,0.0,0.0,0.0021295552806028916,0.001,passed,withheld_mip_gap_not_certified,,
gen-row-0369,369,7061,1,34.47,0.3447,114.9,1.149,0,0.0,0.0,0.0021295552806028916,0.001,passed,withheld_mip_gap_not_certified,,
gen-row-0370,370,7062,1,34.47,0.3447,114.9,1.149,0,0.0,0.0,0.0021295552806028916,0.001,passed,withheld_mip_gap_not_certified,,
gen-row-0371,371,7063,1,34.47,0.3447,114.9,1.149,0,0.0,0.0,0.0021295552806028916,0.001,passed,withheld_mip_gap_not_certified,,
gen-row-0372,372,7064,1,34.47,0.3447,114.9,1.149,0,0.0,0.0,0.0021295552806028916,0.001,passed,withheld_mip_gap_not_certified,,
gen-row-0373,373,7065,1,34.47,0.3447,114.9,1.149,0,0.0,0.0,0.0021295552806028916,0.001,passed,withheld_mip_gap_not_certified,,
gen-row-0374,374,7066,1,34.47,0.3447,114.9,1.149,0,0.0,0.0,0.0021295552806028916,0.001,passed,withheld_mip_gap_not_certified,,
gen-row-0375,375,7079,1,68.59,0.6859000000000001,228.65,2.2865,1,228.65000000000006,2.2865000000000006,0.0021295552806028916,0.001,passed,withheld_mip_gap_not_certified,,
gen-row-0376,376,7080,1,68.59,0.6859000000000001,228.65,2.2865,1,228.65000000000006,2.2865000000000006,0.0021295552806028916,0.001,passed,withheld_mip_gap_not_certified,,
gen-row-0377,377,7081,1,68.59,0.6859000000000001,228.65,2.2865,1,228.65000000000006,2.2865000000000006,0.0021295552806028916,0.001,passed,withheld_mip_gap_not_certified,,
gen-row-0378,378,7082,1,68.59,0.6859000000000001,228.65,2.2865,1,228.65000000000006,2.2865000000000006,0.0021295552806028916,0.001,passed,withheld_mip_gap_not_certified,,
gen-row-0379,379,7098,1,406.29,4.0629,1354.3,13.543,1,1354.3,13.543,0.0021295552806028916,0.001,passed,withheld_mip_gap_not_certified,,
gen-row-0380,380,7099,1,406.29,4.0629,1354.3,13.543,1,1346.8349672079673,13.468349672079674,0.0021295552806028916,0.001,passed,withheld_mip_gap_not_certified,,
gen-row-0381,381,7107,1,45.0,0.45,150.0,1.5,1,150.0,1.5,0.0021295552806028916,0.001,passed,withheld_mip_gap_not_certified,,
gen-row-0382,382,7108,1,15.3,0.153,51.0,0.51,0,0.0,0.0,0.0021295552806028916,0.001,passed,withheld_mip_gap_not_certified,,
gen-row-0383,383,7109,1,15.3,0.153,51.0,0.51,0,0.0,0.0,0.0021295552806028916,0.001,passed,withheld_mip_gap_not_certified,,
gen-row-0384,384,7110,1,58.8,0.588,196.0,1.96,1,196.00000000000003,1.9600000000000002,0.0021295552806028916,0.001,passed,withheld_mip_gap_not_certified,,
gen-row-0385,385,7111,1,58.8,0.588,196.0,1.96,1,196.00000000000003,1.9600000000000002,0.0021295552806028916,0.001,passed,withheld_mip_gap_not_certified,,
gen-row-0386,386,7112,1,58.8,0.588,196.0,1.96,1,196.00000000000003,1.9600000000000002,0.0021295552806028916,0.001,passed,withheld_mip_gap_not_certified,,
gen-row-0387,387,7113,1,58.8,0.588,196.0,1.96,1,196.00000000000003,1.9600000000000002,0.0021295552806028916,0.001,passed,withheld_mip_gap_not_certified,,
gen-row-0388,388,7114,1,58.8,0.588,196.0,1.96,1,196.00000000000003,1.9600000000000002,0.0021295552806028916,0.001,passed,withheld_mip_gap_not_certified,,
gen-row-0389,389,7115,1,58.8,0.588,196.0,1.96,1,196.00000000000003,1.9600000000000002,0.0021295552806028916,0.001,passed,withheld_mip_gap_not_certified,,
gen-row-0390,390,7121,0,1.11,0.0111,3.7,0.037000000000000005,0,0.0,0.0,0.0021295552806028916,0.001,passed,withheld_mip_gap_not_certified,,
gen-row-0391,391,7122,0,1.29,0.0129,4.3,0.043,0,0.0,0.0,0.0021295552806028916,0.001,passed,withheld_mip_gap_not_certified,,
gen-row-0392,392,7133,1,4.89,0.0489,16.3,0.163,0,0.0,0.0,0.0021295552806028916,0.001,passed,withheld_mip_gap_not_certified,,
gen-row-0393,393,7134,1,61.97,0.6197,206.55,2.0655,1,206.55,2.0655,0.0021295552806028916,0.001,passed,withheld_mip_gap_not_certified,,
gen-row-0394,394,7135,1,61.97,0.6197,206.55,2.0655,1,206.55,2.0655,0.0021295552806028916,0.001,passed,withheld_mip_gap_not_certified,,
gen-row-0395,395,7136,1,61.97,0.6197,206.55,2.0655,1,206.55,2.0655,0.0021295552806028916,0.001,passed,withheld_mip_gap_not_certified,,
gen-row-0396,396,7137,1,61.97,0.6197,206.55,2.0655,1,206.55,2.0655,0.0021295552806028916,0.001,passed,withheld_mip_gap_not_certified,,
gen-row-0397,397,7138,1,114.21,1.1421,380.7,3.807,1,380.70000000000005,3.8070000000000004,0.0021295552806028916,0.001,passed,withheld_mip_gap_not_certified,,
gen-row-0398,398,7139,1,17.7,0.177,59.0,0.59,0,0.0,0.0,0.0021295552806028916,0.001,passed,withheld_mip_gap_not_certified,,
gen-row-0399,399,7140,1,17.7,0.177,59.0,0.59,0,0.0,0.0,0.0021295552806028916,0.001,passed,withheld_mip_gap_not_certified,,
gen-row-0400,400,7141,1,17.7,0.177,59.0,0.59,0,0.0,0.0,0.0021295552806028916,0.001,passed,withheld_mip_gap_not_certified,,
gen-row-0401,401,7142,1,17.7,0.177,59.0,0.59,0,0.0,0.0,0.0021295552806028916,0.001,passed,withheld_mip_gap_not_certified,,
gen-row-0402,402,7146,1,3.06,0.030600000000000002,10.2,0.102,0,0.0,0.0,0.0021295552806028916,0.001,passed,withheld_mip_gap_not_certified,,
gen-row-0403,403,7162,1,33.18,0.3318,110.6,1.1059999999999999,1,110.6,1.1059999999999999,0.0021295552806028916,0.001,passed,withheld_mip_gap_not_certified,,
gen-row-0404,404,7163,1,33.18,0.3318,110.6,1.1059999999999999,1,110.6,1.1059999999999999,0.0021295552806028916,0.001,passed,withheld_mip_gap_not_certified,,
gen-row-0405,405,7164,1,33.18,0.3318,110.6,1.1059999999999999,1,110.6,1.1059999999999999,0.0021295552806028916,0.001,passed,withheld_mip_gap_not_certified,,
gen-row-0406,406,7165,1,33.18,0.3318,110.6,1.1059999999999999,1,110.6,1.1059999999999999,0.0021295552806028916,0.001,passed,withheld_mip_gap_not_certified,,
gen-row-0407,407,7166,1,33.18,0.3318,110.6,1.1059999999999999,1,110.6,1.1059999999999999,0.0021295552806028916,0.001,passed,withheld_mip_gap_not_certified,,
gen-row-0408,408,7167,1,33.2,0.332,110.6,1.1059999999999999,1,110.6,1.1059999999999999,0.0021295552806028916,0.001,passed,withheld_mip_gap_not_certified,,
gen-row-0409,409,7168,1,26.32,0.2632,87.72,0.8772,0,0.0,0.0,0.0021295552806028916,0.001,passed,withheld_mip_gap_not_certified,,
gen-row-0410,410,7169,1,26.3,0.263,87.72,0.8772,0,0.0,0.0,0.0021295552806028916,0.001,passed,withheld_mip_gap_not_certified,,
gen-row-0411,411,7170,1,105.26,1.0526,350.87,3.5087,1,350.87,3.5087,0.0021295552806028916,0.001,passed,withheld_mip_gap_not_certified,,
gen-row-0412,412,7189,1,2.07,0.0207,6.9,0.069,0,0.0,0.0,0.0021295552806028916,0.001,passed,withheld_mip_gap_not_certified,,
gen-row-0413,413,7190,1,14.4,0.14400000000000002,48.0,0.48,0,0.0,0.0,0.0021295552806028916,0.001,passed,withheld_mip_gap_not_certified,,
gen-row-0414,414,7191,0,1.5,0.015,5.0,0.05,0,0.0,0.0,0.0021295552806028916,0.001,passed,withheld_mip_gap_not_certified,,
gen-row-0415,415,7192,1,10.5,0.105,35.0,0.35,0,0.0,0.0,0.0021295552806028916,0.001,passed,withheld_mip_gap_not_certified,,
gen-row-0416,416,7193,1,2.25,0.0225,7.5,0.075,0,0.0,0.0,0.0021295552806028916,0.001,passed,withheld_mip_gap_not_certified,,
gen-row-0417,417,7194,1,69.28,0.6928,230.95,2.3095,1,230.95,2.3095,0.0021295552806028916,0.001,passed,withheld_mip_gap_not_certified,,
gen-row-0418,418,7195,1,69.28,0.6928,230.95,2.3095,1,230.95,2.3095,0.0021295552806028916,0.001,passed,withheld_mip_gap_not_certified,,
gen-row-0419,419,7196,1,69.28,0.6928,230.95,2.3095,1,230.95,2.3095,0.0021295552806028916,0.001,passed,withheld_mip_gap_not_certified,,
gen-row-0420,420,7197,1,69.28,0.6928,230.95,2.3095,1,230.95,2.3095,0.0021295552806028916,0.001,passed,withheld_mip_gap_not_certified,,
gen-row-0421,421,7207,0,1.2,0.012,4.0,0.04,0,0.0,0.0,0.0021295552806028916,0.001,passed,withheld_mip_gap_not_certified,,
gen-row-0422,422,7208,1,229.5,2.295,765.0,7.65,0,0.0,0.0,0.0021295552806028916,0.001,passed,withheld_mip_gap_not_certified,,
gen-row-0423,423,7209,1,229.5,2.295,765.0,7.65,0,0.0,0.0,0.0021295552806028916,0.001,passed,withheld_mip_gap_not_certified,,
gen-row-0424,424,7210,1,53.55,0.5355,178.5,1.785,1,178.50000000000003,1.7850000000000004,0.0021295552806028916,0.001,passed,withheld_mip_gap_not_certified,,
gen-row-0425,425,7211,1,53.55,0.5355,178.5,1.785,1,178.50000000000003,1.7850000000000004,0.0021295552806028916,0.001,passed,withheld_mip_gap_not_certified,,
gen-row-0426,426,7212,1,53.55,0.5355,178.5,1.785,1,178.50000000000003,1.7850000000000004,0.0021295552806028916,0.001,passed,withheld_mip_gap_not_certified,,
gen-row-0427,427,7266,1,91.38,0.9138,304.6,3.0460000000000003,1,304.6000000000001,3.0460000000000007,0.0021295552806028916,0.001,passed,withheld_mip_gap_not_certified,,
gen-row-0428,428,7267,1,27.19,0.27190000000000003,90.64,0.9064,1,90.64000000000001,0.9064000000000001,0.0021295552806028916,0.001,passed,withheld_mip_gap_not_certified,,
gen-row-0429,429,7268,1,27.19,0.27190000000000003,90.64,0.9064,1,90.64000000000001,0.9064000000000001,0.0021295552806028916,0.001,passed,withheld_mip_gap_not_certified,,
gen-row-0430,430,7269,1,27.19,0.27190000000000003,90.64,0.9064,1,90.64000000000001,0.9064000000000001,0.0021295552806028916,0.001,passed,withheld_mip_gap_not_certified,,
gen-row-0431,431,7270,1,54.38,0.5438000000000001,181.28,1.8128,1,181.28000000000003,1.8128000000000002,0.0021295552806028916,0.001,passed,withheld_mip_gap_not_certified,,
gen-row-0432,432,7280,0,7.71,0.0771,25.7,0.257,0,0.0,0.0,0.0021295552806028916,0.001,passed,withheld_mip_gap_not_certified,,
gen-row-0433,433,7281,0,4.5,0.045,15.0,0.15,0,0.0,0.0,0.0021295552806028916,0.001,passed,withheld_mip_gap_not_certified,,
gen-row-0434,434,7284,0,2.25,0.0225,7.5,0.075,0,0.0,0.0,0.0021295552806028916,0.001,passed,withheld_mip_gap_not_certified,,
gen-row-0435,435,7285,1,21.22,0.2122,21.22,0.2122,1,21.22,0.2122,0.0021295552806028916,0.001,passed,withheld_mip_gap_not_certified,,
gen-row-0436,436,7286,1,21.22,0.2122,21.22,0.2122,1,21.22,0.2122,0.0021295552806028916,0.001,passed,withheld_mip_gap_not_certified,,
gen-row-0437,437,7287,1,21.22,0.2122,21.22,0.2122,1,21.22,0.2122,0.0021295552806028916,0.001,passed,withheld_mip_gap_not_certified,,
gen-row-0438,438,7288,1,21.22,0.2122,21.22,0.2122,1,21.22,0.2122,0.0021295552806028916,0.001,passed,withheld_mip_gap_not_certified,,
gen-row-0439,439,7289,1,42.45,0.42450000000000004,42.45,0.42450000000000004,1,42.45,0.42450000000000004,0.0021295552806028916,0.001,passed,withheld_mip_gap_not_certified,,
gen-row-0440,440,7307,1,29.0,0.29,96.68,0.9668000000000001,1,96.67999999999998,0.9667999999999998,0.0021295552806028916,0.001,passed,withheld_mip_gap_not_certified,,
gen-row-0441,441,7308,1,29.0,0.29,96.68,0.9668000000000001,1,96.67999999999998,0.9667999999999998,0.0021295552806028916,0.001,passed,withheld_mip_gap_not_certified,,
gen-row-0442,442,7309,0,29.0,0.29,96.68,0.9668000000000001,0,0.0,0.0,0.0021295552806028916,0.001,passed,withheld_mip_gap_not_certified,,
gen-row-0443,443,7310,1,29.0,0.29,96.68,0.9668000000000001,1,96.67999999999998,0.9667999999999998,0.0021295552806028916,0.001,passed,withheld_mip_gap_not_certified,,
gen-row-0444,444,7311,1,58.01,0.5801,193.37,1.9337,1,193.36999999999995,1.9336999999999995,0.0021295552806028916,0.001,passed,withheld_mip_gap_not_certified,,
gen-row-0445,445,7323,1,37.34,0.3734,124.48,1.2448000000000001,1,124.48000000000002,1.2448000000000001,0.0021295552806028916,0.001,passed,withheld_mip_gap_not_certified,,
gen-row-0446,446,7324,1,37.34,0.3734,124.48,1.2448000000000001,1,124.48000000000002,1.2448000000000001,0.0021295552806028916,0.001,passed,withheld_mip_gap_not_certified,,
gen-row-0447,447,7325,1,37.34,0.3734,124.48,1.2448000000000001,1,124.48000000000002,1.2448000000000001,0.0021295552806028916,0.001,passed,withheld_mip_gap_not_certified,,
gen-row-0448,448,7326,1,37.34,0.3734,124.48,1.2448000000000001,1,124.48000000000002,1.2448000000000001,0.0021295552806028916,0.001,passed,withheld_mip_gap_not_certified,,
gen-row-0449,449,7329,1,30.57,0.3057,101.9,1.0190000000000001,1,101.9,1.0190000000000001,0.0021295552806028916,0.001,passed,withheld_mip_gap_not_certified,,
gen-row-0450,450,7334,0,1.41,0.0141,4.7,0.047,0,0.0,0.0,0.0021295552806028916,0.001,passed,withheld_mip_gap_not_certified,,
gen-row-0451,451,7335,1,136.05,1.3605,453.5,4.535,1,453.5,4.535,0.0021295552806028916,0.001,passed,withheld_mip_gap_not_certified,,
gen-row-0452,452,7349,1,94.15,0.9415,313.83,3.1382999999999996,1,313.83,3.1382999999999996,0.0021295552806028916,0.001,passed,withheld_mip_gap_not_certified,,
gen-row-0453,453,7350,1,94.15,0.9415,313.83,3.1382999999999996,1,313.83,3.1382999999999996,0.0021295552806028916,0.001,passed,withheld_mip_gap_not_certified,,
gen-row-0454,454,7351,1,94.15,0.9415,313.83,3.1382999999999996,1,313.83,3.1382999999999996,0.0021295552806028916,0.001,passed,withheld_mip_gap_not_certified,,
gen-row-0455,455,7352,1,94.15,0.9415,313.83,3.1382999999999996,1,313.83,3.1382999999999996,0.0021295552806028916,0.001,passed,withheld_mip_gap_not_certified,,
gen-row-0456,456,7353,1,205.26,2.0526,684.2,6.8420000000000005,0,0.0,0.0,0.0021295552806028916,0.001,passed,withheld_mip_gap_not_certified,,
gen-row-0457,457,7354,1,205.26,2.0526,684.2,6.8420000000000005,1,684.1999999999998,6.841999999999998,0.0021295552806028916,0.001,passed,withheld_mip_gap_not_certified,,
gen-row-0458,458,7355,1,205.26,2.0526,684.2,6.8420000000000005,1,684.1999999999998,6.841999999999998,0.0021295552806028916,0.001,passed,withheld_mip_gap_not_certified,,
gen-row-0459,459,7356,1,205.0,2.05,684.2,6.8420000000000005,1,684.2000000000002,6.842000000000001,0.0021295552806028916,0.001,passed,withheld_mip_gap_not_certified,,
gen-row-0460,460,7357,1,4.89,0.0489,16.3,0.163,0,0.0,0.0,0.0021295552806028916,0.001,passed,withheld_mip_gap_not_certified,,
gen-row-0461,461,7358,1,67.56,0.6756,225.2,2.252,1,225.20000000000002,2.2520000000000002,0.0021295552806028916,0.001,passed,withheld_mip_gap_not_certified,,
gen-row-0462,462,7359,1,67.56,0.6756,225.2,2.252,1,225.20000000000002,2.2520000000000002,0.0021295552806028916,0.001,passed,withheld_mip_gap_not_certified,,
gen-row-0463,463,7360,1,67.56,0.6756,225.2,2.252,1,225.20000000000002,2.2520000000000002,0.0021295552806028916,0.001,passed,withheld_mip_gap_not_certified,,
gen-row-0464,464,7361,1,30.81,0.3081,102.7,1.0270000000000001,1,102.70000000000002,1.0270000000000001,0.0021295552806028916,0.001,passed,withheld_mip_gap_not_certified,,
gen-row-0465,465,7369,1,32.18,0.3218,107.27,1.0727,1,107.27,1.0727,0.0021295552806028916,0.001,passed,withheld_mip_gap_not_certified,,
gen-row-0466,466,7370,1,32.18,0.3218,107.27,1.0727,1,107.27,1.0727,0.0021295552806028916,0.001,passed,withheld_mip_gap_not_certified,,
gen-row-0467,467,7371,1,32.18,0.3218,107.27,1.0727,1,107.27,1.0727,0.0021295552806028916,0.001,passed,withheld_mip_gap_not_certified,,
gen-row-0468,468,7372,1,32.18,0.3218,107.27,1.0727,1,107.27,1.0727,0.0021295552806028916,0.001,passed,withheld_mip_gap_not_certified,,
gen-row-0469,469,7373,1,32.18,0.3218,107.27,1.0727,1,107.27,1.0727,0.0021295552806028916,0.001,passed,withheld_mip_gap_not_certified,,
gen-row-0470,470,7374,1,32.18,0.3218,107.27,1.0727,1,107.27,1.0727,0.0021295552806028916,0.001,passed,withheld_mip_gap_not_certified,,
gen-row-0471,471,7375,1,55.1,0.551,183.66,1.8366,1,183.66,1.8366,0.0021295552806028916,0.001,passed,withheld_mip_gap_not_certified,,
gen-row-0472,472,7376,1,55.1,0.551,183.66,1.8366,1,183.66,1.8366,0.0021295552806028916,0.001,passed,withheld_mip_gap_not_certified,,
gen-row-0473,473,7377,1,55.1,0.551,183.66,1.8366,1,183.66,1.8366,0.0021295552806028916,0.001,passed,withheld_mip_gap_not_certified,,
gen-row-0474,474,7378,1,55.1,0.551,183.66,1.8366,1,183.66,1.8366,0.0021295552806028916,0.001,passed,withheld_mip_gap_not_certified,,
gen-row-0475,475,7379,1,55.1,0.551,183.66,1.8366,1,183.66,1.8366,0.0021295552806028916,0.001,passed,withheld_mip_gap_not_certified,,
gen-row-0476,476,7389,1,162.84,1.6284,542.8,5.428,1,542.8,5.428,0.0021295552806028916,0.001,passed,withheld_mip_gap_not_certified,,
gen-row-0477,477,7400,1,21.6,0.21600000000000003,72.0,0.72,0,0.0,0.0,0.0021295552806028916,0.001,passed,withheld_mip_gap_not_certified,,
gen-row-0478,478,7400,1,21.6,0.21600000000000003,72.0,0.72,0,0.0,0.0,0.0021295552806028916,0.001,passed,withheld_mip_gap_not_certified,,
gen-row-0479,479,7400,1,21.6,0.21600000000000003,72.0,0.72,0,0.0,0.0,0.0021295552806028916,0.001,passed,withheld_mip_gap_not_certified,,
gen-row-0480,480,7400,1,21.6,0.21600000000000003,72.0,0.72,0,0.0,0.0,0.0021295552806028916,0.001,passed,withheld_mip_gap_not_certified,,
gen-row-0481,481,7400,1,43.2,0.43200000000000005,144.0,1.44,1,144.00000000000003,1.4400000000000004,0.0021295552806028916,0.001,passed,withheld_mip_gap_not_certified,,
gen-row-0482,482,7400,1,133.92,1.3392,446.4,4.4639999999999995,1,446.4,4.4639999999999995,0.0021295552806028916,0.001,passed,withheld_mip_gap_not_certified,,
gen-row-0483,483,7406,1,18.93,0.1893,63.1,0.631,0,0.0,0.0,0.0021295552806028916,0.001,passed,withheld_mip_gap_not_certified,,
gen-row-0484,484,7406,1,93.0,0.93,310.0,3.1,1,310.00000000000006,3.1000000000000005,0.0021295552806028916,0.001,passed,withheld_mip_gap_not_certified,,
gen-row-0485,485,7414,1,30.72,0.3072,102.4,1.024,0,0.0,0.0,0.0021295552806028916,0.001,passed,withheld_mip_gap_not_certified,,
gen-row-0486,486,7419,1,26.46,0.2646,88.2,0.882,1,88.19999999999999,0.8819999999999999,0.0021295552806028916,0.001,passed,withheld_mip_gap_not_certified,,
gen-row-0487,487,7419,1,26.46,0.2646,88.2,0.882,1,88.19999999999999,0.8819999999999999,0.0021295552806028916,0.001,passed,withheld_mip_gap_not_certified,,
gen-row-0488,488,7422,1,2.04,0.0204,6.8,0.068,0,0.0,0.0,0.0021295552806028916,0.001,passed,withheld_mip_gap_not_certified,,
gen-row-0489,489,7422,1,51.66,0.5166,172.2,1.722,1,172.2,1.722,0.0021295552806028916,0.001,passed,withheld_mip_gap_not_certified,,
gen-row-0490,490,7422,1,51.66,0.5166,172.2,1.722,1,172.2,1.722,0.0021295552806028916,0.001,passed,withheld_mip_gap_not_certified,,
gen-row-0491,491,7422,1,33.75,0.3375,112.5,1.125,0,0.0,0.0,0.0021295552806028916,0.001,passed,withheld_mip_gap_not_certified,,
gen-row-0492,492,7422,1,33.75,0.3375,112.5,1.125,1,112.5,1.125,0.0021295552806028916,0.001,passed,withheld_mip_gap_not_certified,,
gen-row-0493,493,7422,1,33.75,0.3375,112.5,1.125,1,112.5,1.125,0.0021295552806028916,0.001,passed,withheld_mip_gap_not_certified,,
gen-row-0494,494,7422,1,33.75,0.3375,112.5,1.125,1,112.5,1.125,0.0021295552806028916,0.001,passed,withheld_mip_gap_not_certified,,
gen-row-0495,495,7422,1,57.33,0.5733,191.1,1.911,1,183.98110985968802,1.83981109859688,0.0021295552806028916,0.001,passed,withheld_mip_gap_not_certified,,
gen-row-0496,496,7422,1,51.66,0.5166,172.2,1.722,1,172.2,1.722,0.0021295552806028916,0.001,passed,withheld_mip_gap_not_certified,,
gen-row-0497,497,7422,1,51.66,0.5166,172.2,1.722,1,172.2,1.722,0.0021295552806028916,0.001,passed,withheld_mip_gap_not_certified,,
gen-row-0498,498,7422,1,51.66,0.5166,172.2,1.722,1,172.2,1.722,0.0021295552806028916,0.001,passed,withheld_mip_gap_not_certified,,
gen-row-0499,499,7428,1,30.16,0.3016,100.52,1.0051999999999999,1,100.51999999999998,1.0051999999999999,0.0021295552806028916,0.001,passed,withheld_mip_gap_not_certified,,
gen-row-0500,500,7428,1,39.0,0.39,130.0,1.3,1,129.99999999999997,1.2999999999999998,0.0021295552806028916,0.001,passed,withheld_mip_gap_not_certified,,
gen-row-0501,501,7428,1,39.0,0.39,130.0,1.3,1,129.99999999999997,1.2999999999999998,0.0021295552806028916,0.001,passed,withheld_mip_gap_not_certified,,
gen-row-0502,502,7428,1,30.16,0.3016,100.52,1.0051999999999999,0,0.0,0.0,0.0021295552806028916,0.001,passed,withheld_mip_gap_not_certified,,
gen-row-0503,503,7428,1,30.16,0.3016,100.52,1.0051999999999999,1,100.51999999999998,1.0051999999999999,0.0021295552806028916,0.001,passed,withheld_mip_gap_not_certified,,
gen-row-0504,504,7428,1,30.16,0.3016,100.52,1.0051999999999999,0,0.0,0.0,0.0021295552806028916,0.001,passed,withheld_mip_gap_not_certified,,
gen-row-0505,505,7428,1,30.16,0.3016,100.52,1.0051999999999999,1,100.51999999999998,1.0051999999999999,0.0021295552806028916,0.001,passed,withheld_mip_gap_not_certified,,
gen-row-0506,506,7428,1,30.16,0.3016,100.52,1.0051999999999999,1,100.51999999999998,1.0051999999999999,0.0021295552806028916,0.001,passed,withheld_mip_gap_not_certified,,
gen-row-0507,507,7428,1,22.5,0.225,75.0,0.75,0,0.0,0.0,0.0021295552806028916,0.001,passed,withheld_mip_gap_not_certified,,
gen-row-0508,508,7428,0,24.3,0.243,81.0,0.81,0,0.0,0.0,0.0021295552806028916,0.001,passed,withheld_mip_gap_not_certified,,
gen-row-0509,509,7428,1,3.51,0.0351,11.7,0.11699999999999999,0,0.0,0.0,0.0021295552806028916,0.001,passed,withheld_mip_gap_not_certified,,
gen-row-0510,510,8024,1,33.0,0.33,33.0,0.33,1,33.0,0.33,0.0021295552806028916,0.001,passed,withheld_mip_gap_not_certified,,
gen-row-0511,511,8033,0,70.48,0.7048000000000001,234.93,2.3493,0,0.0,0.0,0.0021295552806028916,0.001,passed,withheld_mip_gap_not_certified,,
gen-row-0512,512,8034,0,70.48,0.7048000000000001,234.93,2.3493,0,0.0,0.0,0.0021295552806028916,0.001,passed,withheld_mip_gap_not_certified,,
gen-row-0513,513,8035,0,70.48,0.7048000000000001,234.93,2.3493,0,0.0,0.0,0.0021295552806028916,0.001,passed,withheld_mip_gap_not_certified,,
gen-row-0514,514,8036,0,70.48,0.7048000000000001,234.93,2.3493,0,0.0,0.0,0.0021295552806028916,0.001,passed,withheld_mip_gap_not_certified,,
gen-row-0515,515,8046,1,51.8,0.518,172.67,1.7267,1,172.66999999999996,1.7266999999999997,0.0021295552806028916,0.001,passed,withheld_mip_gap_not_certified,,
gen-row-0516,516,8047,0,51.8,0.518,172.67,1.7267,0,0.0,0.0,0.0021295552806028916,0.001,passed,withheld_mip_gap_not_certified,,
gen-row-0517,517,8048,1,51.8,0.518,172.67,1.7267,0,0.0,0.0,0.0021295552806028916,0.001,passed,withheld_mip_gap_not_certified,,
gen-row-0518,518,8049,1,51.8,0.518,172.67,1.7267,0,0.0,0.0,0.0021295552806028916,0.001,passed,withheld_mip_gap_not_certified,,
gen-row-0519,519,8050,0,51.8,0.518,172.67,1.7267,0,0.0,0.0,0.0021295552806028916,0.001,passed,withheld_mip_gap_not_certified,,
gen-row-0520,520,8051,0,51.8,0.518,172.67,1.7267,0,0.0,0.0,0.0021295552806028916,0.001,passed,withheld_mip_gap_not_certified,,
gen-row-0521,521,8060,0,178.02,1.7802,593.4,5.934,0,0.0,0.0,0.0021295552806028916,0.001,passed,withheld_mip_gap_not_certified,,
gen-row-0522,522,8061,0,178.02,1.7802,593.4,5.934,0,0.0,0.0,0.0021295552806028916,0.001,passed,withheld_mip_gap_not_certified,,
gen-row-0523,523,8070,0,277.47,2.7747,924.9,9.249,0,0.0,0.0,0.0021295552806028916,0.001,passed,withheld_mip_gap_not_certified,,
gen-row-0524,524,8071,1,277.47,2.7747,924.9,9.249,1,924.8999999999999,9.248999999999999,0.0021295552806028916,0.001,passed,withheld_mip_gap_not_certified,,
gen-row-0525,525,8077,1,70.47,0.7047,234.9,2.349,1,234.90000000000003,2.349,0.0021295552806028916,0.001,passed,withheld_mip_gap_not_certified,,
gen-row-0526,526,8078,1,70.47,0.7047,234.9,2.349,1,234.90000000000003,2.349,0.0021295552806028916,0.001,passed,withheld_mip_gap_not_certified,,
gen-row-0527,527,8079,1,70.47,0.7047,234.9,2.349,1,234.90000000000003,2.349,0.0021295552806028916,0.001,passed,withheld_mip_gap_not_certified,,
gen-row-0528,528,8080,1,70.47,0.7047,234.9,2.349,1,234.90000000000003,2.349,0.0021295552806028916,0.001,passed,withheld_mip_gap_not_certified,,
gen-row-0529,529,8087,0,269.31,2.6931,897.7,8.977,0,0.0,0.0,0.0021295552806028916,0.001,passed,withheld_mip_gap_not_certified,,
gen-row-0530,530,8088,1,269.31,2.6931,897.7,8.977,1,897.7000000000002,8.977000000000002,0.0021295552806028916,0.001,passed,withheld_mip_gap_not_certified,,
gen-row-0531,531,8099,1,85.5,0.855,85.5,0.855,1,85.5,0.855,0.0021295552806028916,0.001,passed,withheld_mip_gap_not_certified,,
gen-row-0532,532,8115,0,3.0,0.03,10.0,0.1,0,0.0,0.0,0.0021295552806028916,0.001,passed,withheld_mip_gap_not_certified,,
gen-row-0533,533,8116,0,105.51,1.0551000000000001,351.7,3.517,0,0.0,0.0,0.0021295552806028916,0.001,passed,withheld_mip_gap_not_certified,,
gen-row-0534,534,8117,1,105.51,1.0551000000000001,351.7,3.517,0,0.0,0.0,0.0021295552806028916,0.001,passed,withheld_mip_gap_not_certified,,
gen-row-0535,535,8129,1,198.0,1.98,660.0,6.6,1,660.0,6.6,0.0021295552806028916,0.001,passed,withheld_mip_gap_not_certified,,
gen-row-0536,536,8130,1,198.0,1.98,660.0,6.6,1,660.0,6.6,0.0021295552806028916,0.001,passed,withheld_mip_gap_not_certified,,
gen-row-0537,537,8131,1,198.0,1.98,660.0,6.6,1,626.1119084525593,6.261119084525593,0.0021295552806028916,0.001,passed,withheld_mip_gap_not_certified,,
gen-row-0538,538,8147,0,1.2,0.012,4.0,0.04,0,0.0,0.0,0.0021295552806028916,0.001,passed,withheld_mip_gap_not_certified,,
gen-row-0539,539,8147,0,71.79,0.7179000000000001,239.3,2.3930000000000002,0,0.0,0.0,0.0021295552806028916,0.001,passed,withheld_mip_gap_not_certified,,
gen-row-0540,540,8152,0,6.6,0.066,22.0,0.22,0,0.0,0.0,0.0021295552806028916,0.001,passed,withheld_mip_gap_not_certified,,
gen-row-0541,541,8155,0,52.38,0.5238,174.6,1.746,0,0.0,0.0,0.0021295552806028916,0.001,passed,withheld_mip_gap_not_certified,,
gen-row-0542,542,8155,1,52.38,0.5238,174.6,1.746,0,0.0,0.0,0.0021295552806028916,0.001,passed,withheld_mip_gap_not_certified,,
gen-row-0543,543,8158,0,31.5,0.315,105.0,1.05,0,0.0,0.0,0.0021295552806028916,0.001,passed,withheld_mip_gap_not_certified,,
gen-row-0544,544,8158,0,29.46,0.29460000000000003,98.2,0.982,0,0.0,0.0,0.0021295552806028916,0.001,passed,withheld_mip_gap_not_certified,,
