source_row,source_id,bus,source_status,pmin_mw,pmax_mw,round_1_commitment,round_2_commitment,round_3_commitment,round_2_vs_1_changed,round_3_vs_2_changed,v9_final_commitment,v11_vs_v9_changed,cpu_1e_3_commitment,v11_vs_cpu_changed,final_dispatch_mw,final_dispatch_pu,pricing_status,fixed_commitment_nodal_price_per_mwh
1,gen-row-0001,1004,1,158.25,158.25,1,1,1,0,0,1,0,1,0,158.25,1.5825,withheld_gap_not_certified,
2,gen-row-0002,1006,1,25.73,25.73,1,1,1,0,0,1,0,1,0,25.730000000000004,0.25730000000000003,withheld_gap_not_certified,
3,gen-row-0003,1009,1,61.87,61.87,1,0,0,1,0,0,0,0,0,0.0,0.0,withheld_gap_not_certified,
4,gen-row-0004,1011,1,3.0,10.0,1,1,1,0,0,1,0,1,0,10.000000000000005,0.10000000000000005,withheld_gap_not_certified,
5,gen-row-0005,1021,1,149.63,149.63,1,1,1,0,0,1,0,1,0,149.63,1.4963,withheld_gap_not_certified,
6,gen-row-0006,1023,1,135.0,135.0,1,1,1,0,0,1,0,1,0,135.0,1.35,withheld_gap_not_certified,
7,gen-row-0007,1026,1,93.15,93.15,1,1,1,0,0,1,0,1,0,93.15,0.9315000000000001,withheld_gap_not_certified,
8,gen-row-0008,1033,1,208.5,208.5,1,1,1,0,0,1,0,1,0,208.5,2.085,withheld_gap_not_certified,
9,gen-row-0009,1035,1,67.5,67.5,1,1,1,0,0,1,0,1,0,67.5,0.675,withheld_gap_not_certified,
10,gen-row-0010,1039,1,110.63,110.63,1,1,1,0,0,1,0,1,0,110.63000000000001,1.1063,withheld_gap_not_certified,
11,gen-row-0011,1042,0,36.57,121.9,0,0,0,0,0,0,0,0,0,0.0,0.0,withheld_gap_not_certified,
12,gen-row-0012,1043,1,44.1,44.1,1,1,1,0,0,1,0,1,0,44.1,0.441,withheld_gap_not_certified,
13,gen-row-0013,1048,0,97.56,325.2,0,0,0,0,0,0,0,0,0,0.0,0.0,withheld_gap_not_certified,
14,gen-row-0014,1049,0,97.56,325.2,0,0,0,0,0,0,0,0,0,0.0,0.0,withheld_gap_not_certified,
15,gen-row-0015,1050,1,26.82,89.4,0,1,0,1,1,0,0,1,1,0.0,0.0,withheld_gap_not_certified,
16,gen-row-0016,1051,1,26.82,89.4,0,1,0,1,1,0,0,0,0,0.0,0.0,withheld_gap_not_certified,
17,gen-row-0017,1052,1,26.82,89.4,0,0,0,0,0,0,0,1,1,0.0,0.0,withheld_gap_not_certified,
18,gen-row-0018,1053,0,53.64,178.8,0,0,0,0,0,0,0,0,0,0.0,0.0,withheld_gap_not_certified,
19,gen-row-0019,1057,0,36.0,120.0,0,0,0,0,0,0,0,0,0,0.0,0.0,withheld_gap_not_certified,
20,gen-row-0020,1059,0,1.68,5.6,0,0,0,0,0,0,0,0,0,0.0,0.0,withheld_gap_not_certified,
21,gen-row-0021,1060,0,0.6,2.0,0,0,0,0,0,0,0,0,0,0.0,0.0,withheld_gap_not_certified,
22,gen-row-0022,1062,0,0.45,1.5,0,0,0,0,0,0,0,0,0,0.0,0.0,withheld_gap_not_certified,
23,gen-row-0023,1063,0,69.0,230.0,0,0,0,0,0,0,0,0,0,0.0,0.0,withheld_gap_not_certified,
24,gen-row-0024,1066,1,106.88,106.88,1,1,1,0,0,1,0,1,0,106.88,1.0688,withheld_gap_not_certified,
25,gen-row-0025,1070,1,120.38,120.38,1,1,1,0,0,1,0,1,0,120.38,1.2038,withheld_gap_not_certified,
26,gen-row-0026,1072,1,57.64,192.13,1,1,1,0,0,1,0,1,0,192.13,1.9213,withheld_gap_not_certified,
27,gen-row-0027,1073,1,57.64,192.13,1,1,1,0,0,1,0,1,0,192.13,1.9213,withheld_gap_not_certified,
28,gen-row-0028,1074,1,57.64,192.13,1,1,1,0,0,1,0,1,0,192.13,1.9213,withheld_gap_not_certified,
29,gen-row-0029,1075,1,57.64,192.13,1,1,1,0,0,1,0,1,0,192.13,1.9213,withheld_gap_not_certified,
30,gen-row-0030,1076,0,57.64,192.13,0,0,0,0,0,0,0,0,0,0.0,0.0,withheld_gap_not_certified,
31,gen-row-0031,1077,0,57.64,192.13,0,0,0,0,0,0,0,0,0,0.0,0.0,withheld_gap_not_certified,
32,gen-row-0032,1078,1,28.65,95.5,0,0,1,0,1,1,0,0,1,95.5,0.955,withheld_gap_not_certified,
33,gen-row-0033,1079,1,28.65,95.5,0,0,0,0,0,0,0,0,0,0.0,0.0,withheld_gap_not_certified,
34,gen-row-0034,1080,1,28.65,95.5,0,0,1,0,1,1,0,0,1,95.5,0.955,withheld_gap_not_certified,
35,gen-row-0035,1081,0,85.95,286.5,0,0,0,0,0,0,0,0,0,0.0,0.0,withheld_gap_not_certified,
36,gen-row-0036,1082,1,112.5,112.5,1,1,1,0,0,1,0,1,0,112.5,1.125,withheld_gap_not_certified,
37,gen-row-0037,1084,1,86.62,86.62,1,1,1,0,0,1,0,1,0,86.62,0.8662000000000001,withheld_gap_not_certified,
38,gen-row-0038,1088,1,56.25,56.25,1,1,1,0,0,1,0,1,0,56.25,0.5625,withheld_gap_not_certified,
39,gen-row-0039,1090,1,114.37,114.37,1,1,1,0,0,1,0,1,0,114.37000000000002,1.1437000000000002,withheld_gap_not_certified,
40,gen-row-0040,1090,1,27.0,27.0,1,1,1,0,0,1,0,1,0,27.0,0.27,withheld_gap_not_certified,
41,gen-row-0041,2004,0,117.54,391.8,0,0,0,0,0,0,0,0,0,0.0,0.0,withheld_gap_not_certified,
42,gen-row-0042,2005,0,117.54,391.8,0,0,0,0,0,0,0,0,0,0.0,0.0,withheld_gap_not_certified,
43,gen-row-0043,2006,0,117.54,391.8,0,0,0,0,0,0,0,0,0,0.0,0.0,withheld_gap_not_certified,
44,gen-row-0044,2013,1,150.45,150.45,1,1,1,0,0,1,0,1,0,150.45,1.5045,withheld_gap_not_certified,
45,gen-row-0045,2019,0,65.4,218.0,0,0,0,0,0,0,0,0,0,0.0,0.0,withheld_gap_not_certified,
46,gen-row-0046,2023,1,25.0,83.33,0,0,0,0,0,0,0,0,0,0.0,0.0,withheld_gap_not_certified,
47,gen-row-0047,2024,1,50.0,166.67,1,1,0,0,1,0,0,0,0,0.0,0.0,withheld_gap_not_certified,
48,gen-row-0048,2042,1,59.7,59.7,1,1,1,0,0,1,0,1,0,59.70000000000001,0.5970000000000001,withheld_gap_not_certified,
49,gen-row-0049,2056,0,1.8,6.0,0,0,0,0,0,0,0,0,0,0.0,0.0,withheld_gap_not_certified,
50,gen-row-0050,2057,1,216.0,720.0,1,1,1,0,0,1,0,1,0,583.2496720389197,5.832496720389197,withheld_gap_not_certified,
51,gen-row-0051,2059,1,60.0,60.0,1,1,1,0,0,1,0,1,0,60.0,0.6,withheld_gap_not_certified,
52,gen-row-0052,2062,1,101.55,101.55,1,1,1,0,0,1,0,1,0,101.55000000000001,1.0155,withheld_gap_not_certified,
53,gen-row-0053,2071,1,112.5,112.5,1,1,1,0,0,1,0,1,0,112.5,1.125,withheld_gap_not_certified,
54,gen-row-0054,2076,1,22.5,22.5,1,1,1,0,0,1,0,0,1,22.5,0.225,withheld_gap_not_certified,
55,gen-row-0055,2078,1,84.38,84.38,1,1,1,0,0,1,0,1,0,84.38,0.8438,withheld_gap_not_certified,
56,gen-row-0056,2083,1,6.0,20.0,0,0,0,0,0,0,0,0,0,0.0,0.0,withheld_gap_not_certified,
57,gen-row-0057,2084,0,6.0,20.0,0,0,0,0,0,0,0,0,0,0.0,0.0,withheld_gap_not_certified,
58,gen-row-0058,2085,0,12.0,40.0,0,0,0,0,0,0,0,0,0,0.0,0.0,withheld_gap_not_certified,
59,gen-row-0059,2089,1,50.7,50.7,1,1,1,0,0,1,0,1,0,50.7,0.507,withheld_gap_not_certified,
60,gen-row-0060,2094,0,3.0,10.0,0,0,0,0,0,0,0,0,0,0.0,0.0,withheld_gap_not_certified,
61,gen-row-0061,2095,0,23.85,79.5,0,0,0,0,0,0,0,0,0,0.0,0.0,withheld_gap_not_certified,
62,gen-row-0062,2099,1,7.5,7.5,1,1,1,0,0,1,0,1,0,7.5,0.075,withheld_gap_not_certified,
63,gen-row-0063,2100,1,112.5,112.5,1,1,1,0,0,1,0,1,0,112.5,1.125,withheld_gap_not_certified,
64,gen-row-0064,2103,0,80.32,267.73,0,0,0,0,0,0,0,0,0,0.0,0.0,withheld_gap_not_certified,
65,gen-row-0065,2104,0,80.32,267.73,0,0,0,0,0,0,0,0,0,0.0,0.0,withheld_gap_not_certified,
66,gen-row-0066,2105,0,80.32,267.73,0,0,0,0,0,0,0,0,0,0.0,0.0,withheld_gap_not_certified,
67,gen-row-0067,2115,1,55.41,184.72,1,0,1,1,1,1,0,1,0,184.72,1.8472,withheld_gap_not_certified,
68,gen-row-0068,2116,1,55.41,184.72,1,1,1,0,0,1,0,1,0,184.72,1.8472,withheld_gap_not_certified,
69,gen-row-0069,2117,1,55.41,184.72,1,1,1,0,0,1,0,1,0,184.72,1.8472,withheld_gap_not_certified,
70,gen-row-0070,2118,1,55.41,184.72,1,1,1,0,0,1,0,1,0,184.72,1.8472,withheld_gap_not_certified,
71,gen-row-0071,2119,1,55.41,184.72,1,1,1,0,0,0,1,1,0,184.72,1.8472,withheld_gap_not_certified,
72,gen-row-0072,2120,1,55.41,184.72,1,1,0,0,1,1,1,1,1,0.0,0.0,withheld_gap_not_certified,
73,gen-row-0073,2123,1,136.28,136.28,1,1,1,0,0,1,0,1,0,136.28,1.3628,withheld_gap_not_certified,
74,gen-row-0074,2127,1,216.45,216.45,1,1,1,0,0,1,0,1,0,216.45,2.1645,withheld_gap_not_certified,
75,gen-row-0075,3004,1,28.13,28.13,1,1,1,0,0,1,0,1,0,28.13,0.2813,withheld_gap_not_certified,
76,gen-row-0076,3017,1,127.13,127.13,1,1,1,0,0,1,0,1,0,127.12999999999998,1.2712999999999999,withheld_gap_not_certified,
77,gen-row-0077,3020,1,112.5,112.5,1,1,1,0,0,1,0,1,0,112.5,1.125,withheld_gap_not_certified,
78,gen-row-0078,3028,1,150.0,150.0,1,1,1,0,0,1,0,1,0,150.0,1.5,withheld_gap_not_certified,
79,gen-row-0079,3034,1,97.87,97.87,1,1,1,0,0,1,0,1,0,97.87,0.9787,withheld_gap_not_certified,
80,gen-row-0080,3039,1,156.75,156.75,1,1,1,0,0,1,0,1,0,156.75,1.5675,withheld_gap_not_certified,
81,gen-row-0081,3043,0,0.39,1.3,0,0,0,0,0,0,0,0,0,0.0,0.0,withheld_gap_not_certified,
82,gen-row-0082,3044,0,26.82,89.4,0,0,0,0,0,0,0,0,0,0.0,0.0,withheld_gap_not_certified,
83,gen-row-0083,3045,0,134.1,447.0,0,0,0,0,0,0,0,0,0,0.0,0.0,withheld_gap_not_certified,
84,gen-row-0084,3048,1,180.75,180.75,1,1,1,0,0,1,0,1,0,180.75,1.8075,withheld_gap_not_certified,
85,gen-row-0085,3055,1,183.88,183.88,1,1,1,0,0,1,0,1,0,183.88,1.8388,withheld_gap_not_certified,
86,gen-row-0086,3056,1,183.88,183.88,1,1,1,0,0,1,0,1,0,183.88,1.8388,withheld_gap_not_certified,
87,gen-row-0087,3057,1,183.88,183.88,1,1,1,0,0,1,0,1,0,183.88,1.8388,withheld_gap_not_certified,
88,gen-row-0088,3060,1,124.22,124.22,1,1,1,0,0,1,0,1,0,124.22,1.2422,withheld_gap_not_certified,
89,gen-row-0089,3061,1,124.22,124.22,1,1,1,0,0,1,0,1,0,124.22,1.2422,withheld_gap_not_certified,
90,gen-row-0090,3062,1,124.22,124.22,1,1,1,0,0,1,0,1,0,124.22,1.2422,withheld_gap_not_certified,
91,gen-row-0091,3063,1,124.22,124.22,1,1,1,0,0,1,0,1,0,124.22,1.2422,withheld_gap_not_certified,
92,gen-row-0092,3065,1,60.37,60.37,1,1,1,0,0,1,0,1,0,60.370000000000005,0.6037,withheld_gap_not_certified,
93,gen-row-0093,3068,1,112.5,112.5,1,1,1,0,0,1,0,1,0,112.5,1.125,withheld_gap_not_certified,
94,gen-row-0094,3071,1,127.65,127.65,1,1,1,0,0,1,0,1,0,127.65000000000002,1.2765000000000002,withheld_gap_not_certified,
95,gen-row-0095,3074,1,74.85,74.85,1,1,1,0,0,1,0,1,0,74.85,0.7484999999999999,withheld_gap_not_certified,
96,gen-row-0096,3081,1,186.75,186.75,1,1,1,0,0,1,0,1,0,186.75,1.8675,withheld_gap_not_certified,
97,gen-row-0097,3084,1,174.37,174.37,1,1,1,0,0,1,0,1,0,174.37,1.7437,withheld_gap_not_certified,
98,gen-row-0098,3086,1,56.25,56.25,1,1,1,0,0,1,0,1,0,56.25,0.5625,withheld_gap_not_certified,
99,gen-row-0099,3087,0,22.5,75.0,0,0,0,0,0,0,0,0,0,0.0,0.0,withheld_gap_not_certified,
100,gen-row-0100,3092,1,150.0,150.0,1,1,1,0,0,1,0,1,0,150.0,1.5,withheld_gap_not_certified,
101,gen-row-0101,3095,1,90.45,90.45,1,1,1,0,0,1,0,1,0,90.45,0.9045000000000001,withheld_gap_not_certified,
102,gen-row-0102,3098,1,120.0,120.0,1,1,1,0,0,1,0,1,0,120.0,1.2,withheld_gap_not_certified,
103,gen-row-0103,3105,1,44.5,44.5,1,1,1,0,0,1,0,1,0,44.5,0.445,withheld_gap_not_certified,
104,gen-row-0104,3106,1,53.02,53.02,1,1,1,0,0,1,0,1,0,53.02,0.5302,withheld_gap_not_certified,
105,gen-row-0105,3110,1,63.0,63.0,1,1,1,0,0,1,0,1,0,63.0,0.63,withheld_gap_not_certified,
106,gen-row-0106,3112,1,56.1,56.1,1,1,1,0,0,1,0,1,0,56.10000000000001,0.561,withheld_gap_not_certified,
107,gen-row-0107,3113,1,56.1,56.1,1,1,1,0,0,1,0,1,0,56.10000000000001,0.561,withheld_gap_not_certified,
108,gen-row-0108,3117,1,47.25,47.25,1,1,1,0,0,1,0,1,0,47.25,0.4725,withheld_gap_not_certified,
109,gen-row-0109,3118,1,90.0,90.0,1,1,1,0,0,1,0,1,0,90.0,0.9,withheld_gap_not_certified,
110,gen-row-0110,3120,1,29.7,29.7,1,1,1,0,0,1,0,1,0,29.7,0.297,withheld_gap_not_certified,
111,gen-row-0111,3122,1,147.75,147.75,1,1,1,0,0,1,0,1,0,147.75,1.4775,withheld_gap_not_certified,
112,gen-row-0112,3127,1,101.25,101.25,1,1,1,0,0,1,0,1,0,101.25,1.0125,withheld_gap_not_certified,
113,gen-row-0113,3129,1,94.88,94.88,1,1,1,0,0,1,0,1,0,94.88,0.9488,withheld_gap_not_certified,
114,gen-row-0114,3131,1,85.5,85.5,1,1,1,0,0,1,0,1,0,85.5,0.855,withheld_gap_not_certified,
115,gen-row-0115,3133,0,15.39,51.3,0,0,0,0,0,0,0,0,0,0.0,0.0,withheld_gap_not_certified,
116,gen-row-0116,3133,0,15.39,51.3,0,0,0,0,0,0,0,0,0,0.0,0.0,withheld_gap_not_certified,
117,gen-row-0117,3133,0,15.39,51.3,0,0,0,0,0,0,0,0,0,0.0,0.0,withheld_gap_not_certified,
118,gen-row-0118,3137,1,75.9,75.9,1,1,1,0,0,1,0,1,0,75.9,0.759,withheld_gap_not_certified,
119,gen-row-0119,3141,1,68.62,68.62,1,1,1,0,0,1,0,1,0,68.62,0.6862,withheld_gap_not_certified,
120,gen-row-0120,4010,1,151.2,151.2,1,1,1,0,0,1,0,1,0,151.2,1.5119999999999998,withheld_gap_not_certified,
121,gen-row-0121,4026,1,123.0,410.0,1,1,1,0,0,1,0,1,0,409.99999999999994,4.1,withheld_gap_not_certified,
122,gen-row-0122,4030,1,186.72,622.4,1,1,1,0,0,1,0,1,0,483.0000000000001,4.830000000000001,withheld_gap_not_certified,
123,gen-row-0123,4045,1,93.4,93.4,1,1,1,0,0,1,0,1,0,93.4,0.934,withheld_gap_not_certified,
124,gen-row-0124,4046,1,28.5,28.5,1,1,1,0,0,1,0,1,0,28.500000000000004,0.28500000000000003,withheld_gap_not_certified,
125,gen-row-0125,4047,1,27.48,27.48,1,0,0,1,0,0,0,0,0,0.0,0.0,withheld_gap_not_certified,
126,gen-row-0126,4050,1,150.0,150.0,1,1,1,0,0,1,0,1,0,150.0,1.5,withheld_gap_not_certified,
127,gen-row-0127,4052,1,13.26,44.2,0,0,1,0,1,1,0,1,0,44.19999999999998,0.44199999999999984,withheld_gap_not_certified,
128,gen-row-0128,4058,1,43.2,144.0,1,0,1,1,1,0,1,0,1,144.0,1.44,withheld_gap_not_certified,
129,gen-row-0129,4059,1,43.2,144.0,1,0,0,1,0,0,0,1,1,0.0,0.0,withheld_gap_not_certified,
130,gen-row-0130,4060,1,43.2,144.0,1,0,0,1,0,0,0,0,0,0.0,0.0,withheld_gap_not_certified,
131,gen-row-0131,4061,1,51.7,172.33,1,0,1,1,1,1,0,1,0,172.33,1.7233,withheld_gap_not_certified,
132,gen-row-0132,4062,1,51.7,172.33,1,1,1,0,0,1,0,1,0,172.33,1.7233,withheld_gap_not_certified,
133,gen-row-0133,4063,1,51.7,172.33,1,1,1,0,0,1,0,1,0,172.33,1.7233,withheld_gap_not_certified,
134,gen-row-0134,4065,1,14.1,47.0,0,1,1,1,0,1,0,1,0,46.99999999999988,0.4699999999999988,withheld_gap_not_certified,
135,gen-row-0135,4075,0,52.9,176.33,0,0,0,0,0,0,0,0,0,0.0,0.0,withheld_gap_not_certified,
136,gen-row-0136,4076,1,52.9,176.33,0,0,0,0,0,0,0,0,0,0.0,0.0,withheld_gap_not_certified,
137,gen-row-0137,4077,1,52.9,176.33,0,0,1,0,1,1,0,1,0,174.38221961901394,1.7438221961901395,withheld_gap_not_certified,
138,gen-row-0138,4082,1,73.02,243.4,1,1,1,0,0,1,0,1,0,243.39999999999975,2.4339999999999975,withheld_gap_not_certified,
139,gen-row-0139,4083,1,73.02,243.4,1,1,1,0,0,1,0,1,0,243.4,2.434,withheld_gap_not_certified,
140,gen-row-0140,4084,1,73.02,243.4,1,1,1,0,0,1,0,1,0,243.4,2.434,withheld_gap_not_certified,
141,gen-row-0141,4085,1,105.6,352.0,1,1,1,0,0,1,0,1,0,288.687396628856,2.88687396628856,withheld_gap_not_certified,
142,gen-row-0142,4090,0,0.42,1.4,0,0,0,0,0,0,0,0,0,0.0,0.0,withheld_gap_not_certified,
143,gen-row-0143,4091,1,7.05,23.5,0,1,1,1,0,1,0,1,0,23.5,0.235,withheld_gap_not_certified,
144,gen-row-0144,4092,0,2.28,7.6,0,0,0,0,0,0,0,0,0,0.0,0.0,withheld_gap_not_certified,
145,gen-row-0145,4093,1,8.4,28.0,0,1,1,1,0,1,0,1,0,28.000000000000004,0.28,withheld_gap_not_certified,
146,gen-row-0146,4094,1,8.4,28.0,0,1,1,1,0,1,0,1,0,28.000000000000004,0.28,withheld_gap_not_certified,
147,gen-row-0147,4095,1,8.4,28.0,0,1,1,1,0,1,0,1,0,28.000000000000046,0.28000000000000047,withheld_gap_not_certified,
148,gen-row-0148,4096,0,8.4,28.0,0,0,0,0,0,0,0,0,0,0.0,0.0,withheld_gap_not_certified,
149,gen-row-0149,4097,1,8.4,28.0,0,1,1,1,0,1,0,1,0,28.000000000000004,0.28,withheld_gap_not_certified,
150,gen-row-0150,4098,0,8.4,28.0,0,0,0,0,0,0,0,0,0,0.0,0.0,withheld_gap_not_certified,
151,gen-row-0151,4105,1,135.0,135.0,1,1,1,0,0,1,0,1,0,135.0,1.35,withheld_gap_not_certified,
152,gen-row-0152,4115,1,39.54,131.8,0,1,0,1,1,0,0,0,0,0.0,0.0,withheld_gap_not_certified,
153,gen-row-0153,4116,1,39.54,131.8,0,1,1,1,0,1,0,1,0,130.2436943409179,1.302436943409179,withheld_gap_not_certified,
154,gen-row-0154,4133,0,10.08,33.6,0,0,0,0,0,0,0,0,0,0.0,0.0,withheld_gap_not_certified,
155,gen-row-0155,4134,1,10.08,33.6,0,0,0,0,0,0,0,0,0,0.0,0.0,withheld_gap_not_certified,
156,gen-row-0156,4135,1,10.08,33.6,0,0,0,0,0,0,0,0,0,0.0,0.0,withheld_gap_not_certified,
157,gen-row-0157,4136,1,10.08,33.6,0,0,0,0,0,0,0,0,0,0.0,0.0,withheld_gap_not_certified,
158,gen-row-0158,4137,0,20.16,67.2,0,0,0,0,0,0,0,0,0,0.0,0.0,withheld_gap_not_certified,
159,gen-row-0159,4138,0,19.8,66.0,0,0,0,0,0,0,0,0,0,0.0,0.0,withheld_gap_not_certified,
160,gen-row-0160,4142,1,141.0,141.0,1,1,1,0,0,1,0,1,0,141.0,1.41,withheld_gap_not_certified,
161,gen-row-0161,4153,1,212.4,212.4,1,1,1,0,0,1,0,1,0,212.4,2.124,withheld_gap_not_certified,
162,gen-row-0162,4160,1,59.33,197.77,1,1,1,0,0,1,0,1,0,183.92600000000002,1.8392600000000001,withheld_gap_not_certified,
163,gen-row-0163,4161,1,59.33,197.77,1,1,1,0,0,1,0,1,0,183.92600000000002,1.8392600000000001,withheld_gap_not_certified,
164,gen-row-0164,4162,1,59.33,197.77,1,1,1,0,0,1,0,1,0,190.42339910195903,1.9042339910195905,withheld_gap_not_certified,
165,gen-row-0165,4163,0,2.7,9.0,0,0,0,0,0,0,0,0,0,0.0,0.0,withheld_gap_not_certified,
166,gen-row-0166,4166,1,150.75,150.75,1,1,1,0,0,1,0,1,0,150.75,1.5075,withheld_gap_not_certified,
167,gen-row-0167,4177,1,112.5,112.5,1,1,1,0,0,1,0,1,0,112.5,1.125,withheld_gap_not_certified,
168,gen-row-0168,4181,1,150.07,150.07,1,1,1,0,0,1,0,1,0,150.07,1.5007,withheld_gap_not_certified,
169,gen-row-0169,4183,1,152.25,152.25,1,1,1,0,0,1,0,1,0,152.25,1.5225,withheld_gap_not_certified,
170,gen-row-0170,4192,1,22.5,75.0,0,0,0,0,0,0,0,0,0,0.0,0.0,withheld_gap_not_certified,
171,gen-row-0171,4192,1,55.13,183.77,1,1,1,0,0,1,0,0,1,183.76999999999998,1.8377,withheld_gap_not_certified,
172,gen-row-0172,4192,0,7.2,24.0,0,0,0,0,0,0,0,0,0,0.0,0.0,withheld_gap_not_certified,
173,gen-row-0173,4192,1,18.3,61.0,0,0,0,0,0,0,0,0,0,0.0,0.0,withheld_gap_not_certified,
174,gen-row-0174,4192,1,3.12,10.4,0,0,0,0,0,0,0,0,0,0.0,0.0,withheld_gap_not_certified,
175,gen-row-0175,4192,1,80.1,267.0,1,1,1,0,0,1,0,1,0,267.0,2.67,withheld_gap_not_certified,
176,gen-row-0176,4192,1,80.1,267.0,1,1,1,0,0,1,0,1,0,267.0,2.67,withheld_gap_not_certified,
177,gen-row-0177,4192,1,80.1,267.0,1,1,1,0,0,1,0,1,0,267.0,2.67,withheld_gap_not_certified,
178,gen-row-0178,4192,1,55.13,183.77,1,0,0,1,0,0,0,1,1,0.0,0.0,withheld_gap_not_certified,
179,gen-row-0179,4192,1,55.13,183.77,1,1,1,0,0,1,0,1,0,183.76999999999998,1.8377,withheld_gap_not_certified,
180,gen-row-0180,4194,1,151.2,151.2,1,1,1,0,0,1,0,1,0,151.2,1.5119999999999998,withheld_gap_not_certified,
181,gen-row-0181,4195,1,69.0,69.0,1,1,1,0,0,1,0,1,0,69.0,0.69,withheld_gap_not_certified,
182,gen-row-0182,5020,1,90.0,90.0,1,1,1,0,0,1,0,1,0,90.0,0.9,withheld_gap_not_certified,
183,gen-row-0183,5023,0,1.44,4.8,0,0,0,0,0,0,0,0,0,0.0,0.0,withheld_gap_not_certified,
184,gen-row-0184,5035,0,1.26,4.2,0,0,0,0,0,0,0,0,0,0.0,0.0,withheld_gap_not_certified,
185,gen-row-0185,5036,0,1.92,6.4,0,0,0,0,0,0,0,0,0,0.0,0.0,withheld_gap_not_certified,
186,gen-row-0186,5037,1,92.54,308.47,1,1,1,0,0,1,0,1,0,308.47,3.0847,withheld_gap_not_certified,
187,gen-row-0187,5038,1,92.54,308.47,1,1,1,0,0,1,0,1,0,308.47,3.0847,withheld_gap_not_certified,
188,gen-row-0188,5039,1,92.54,308.47,1,1,1,0,0,1,0,1,0,308.4700000000008,3.084700000000008,withheld_gap_not_certified,
189,gen-row-0189,5040,1,92.54,308.47,1,1,1,0,0,1,0,1,0,308.47,3.0847,withheld_gap_not_certified,
190,gen-row-0190,5041,1,92.54,308.47,1,1,1,0,0,1,0,1,0,308.47,3.0847,withheld_gap_not_certified,
191,gen-row-0191,5042,1,92.54,308.47,1,1,1,0,0,1,0,1,0,308.47,3.0847,withheld_gap_not_certified,
192,gen-row-0192,5051,1,25.41,84.7,0,0,0,0,0,0,0,0,0,0.0,0.0,withheld_gap_not_certified,
193,gen-row-0193,5057,0,95.2,317.35,0,0,0,0,0,0,0,0,0,0.0,0.0,withheld_gap_not_certified,
194,gen-row-0194,5058,1,95.2,317.35,1,1,1,0,0,1,0,1,0,317.35,3.1735,withheld_gap_not_certified,
195,gen-row-0195,5065,1,3.18,10.6,0,0,0,0,0,0,0,0,0,0.0,0.0,withheld_gap_not_certified,
196,gen-row-0196,5066,0,0.54,1.8,0,0,0,0,0,0,0,0,0,0.0,0.0,withheld_gap_not_certified,
197,gen-row-0197,5067,1,131.48,438.27,1,1,1,0,0,1,0,1,0,438.26999999999947,4.3826999999999945,withheld_gap_not_certified,
198,gen-row-0198,5068,1,131.48,438.27,1,1,1,0,0,1,0,1,0,438.27,4.3827,withheld_gap_not_certified,
199,gen-row-0199,5069,1,131.48,438.27,1,1,1,0,0,1,0,1,0,438.27,4.3827,withheld_gap_not_certified,
200,gen-row-0200,5089,0,0.0,123.9,0,0,0,0,0,0,0,0,0,0.0,0.0,withheld_gap_not_certified,
201,gen-row-0201,5106,0,3.24,10.8,0,0,0,0,0,0,0,0,0,0.0,0.0,withheld_gap_not_certified,
202,gen-row-0202,5107,0,1.71,5.7,0,0,0,0,0,0,0,0,0,0.0,0.0,withheld_gap_not_certified,
203,gen-row-0203,5166,1,37.95,126.5,1,1,1,0,0,1,0,1,0,126.50000000000033,1.2650000000000032,withheld_gap_not_certified,
204,gen-row-0204,5167,1,0.48,1.6,0,0,0,0,0,0,0,0,0,0.0,0.0,withheld_gap_not_certified,
205,gen-row-0205,5170,1,45.0,45.0,1,1,1,0,0,1,0,1,0,45.0,0.45,withheld_gap_not_certified,
206,gen-row-0206,5198,1,112.5,112.5,1,1,1,0,0,1,0,1,0,112.5,1.125,withheld_gap_not_certified,
207,gen-row-0207,5206,1,74.6,248.67,1,1,1,0,0,1,0,1,0,248.67,2.4867,withheld_gap_not_certified,
208,gen-row-0208,5207,1,74.6,248.67,1,1,1,0,0,1,0,1,0,248.67,2.4867,withheld_gap_not_certified,
209,gen-row-0209,5208,1,74.6,248.67,1,1,1,0,0,1,0,1,0,248.67,2.4867,withheld_gap_not_certified,
210,gen-row-0210,5238,1,168.75,168.75,1,1,1,0,0,1,0,1,0,168.75,1.6875,withheld_gap_not_certified,
211,gen-row-0211,5243,1,112.5,112.5,1,1,1,0,0,1,0,1,0,112.5,1.125,withheld_gap_not_certified,
212,gen-row-0212,5262,1,364.5,1215.0,1,1,1,0,0,1,0,1,0,1214.9999999999998,12.149999999999999,withheld_gap_not_certified,
213,gen-row-0213,5263,1,364.5,1215.0,1,1,1,0,0,1,0,1,0,1215.0,12.15,withheld_gap_not_certified,
214,gen-row-0214,5281,1,80.32,267.73,1,0,0,1,0,0,0,0,0,0.0,0.0,withheld_gap_not_certified,
215,gen-row-0215,5282,1,80.32,267.73,1,0,0,1,0,0,0,0,0,0.0,0.0,withheld_gap_not_certified,
216,gen-row-0216,5283,0,80.32,267.73,0,0,0,0,0,0,0,0,0,0.0,0.0,withheld_gap_not_certified,
217,gen-row-0217,5297,0,0.96,3.2,0,0,0,0,0,0,0,0,0,0.0,0.0,withheld_gap_not_certified,
218,gen-row-0218,5298,1,34.5,115.0,0,0,1,0,1,0,1,1,0,115.00000000000001,1.1500000000000001,withheld_gap_not_certified,
219,gen-row-0219,5299,1,34.5,115.0,0,0,1,0,1,1,0,1,0,115.00000000000001,1.1500000000000001,withheld_gap_not_certified,
220,gen-row-0220,5300,1,34.5,115.0,0,0,1,0,1,1,0,1,0,115.00000000000001,1.1500000000000001,withheld_gap_not_certified,
221,gen-row-0221,5301,1,24.81,82.7,0,0,0,0,0,0,0,0,0,0.0,0.0,withheld_gap_not_certified,
222,gen-row-0222,5302,1,139.13,463.75,1,1,1,0,0,1,0,1,0,463.75,4.6375,withheld_gap_not_certified,
223,gen-row-0223,5303,1,139.13,463.75,1,1,1,0,0,1,0,1,0,463.75000000000216,4.6375000000000215,withheld_gap_not_certified,
224,gen-row-0224,5319,1,78.84,262.8,0,0,0,0,0,1,1,0,0,0.0,0.0,withheld_gap_not_certified,
225,gen-row-0225,5320,0,78.84,262.8,0,0,0,0,0,0,0,0,0,0.0,0.0,withheld_gap_not_certified,
226,gen-row-0226,5321,1,78.84,262.8,0,0,0,0,0,0,0,0,0,0.0,0.0,withheld_gap_not_certified,
227,gen-row-0227,5324,1,85.22,284.07,1,1,1,0,0,1,0,1,0,284.0699999999997,2.840699999999997,withheld_gap_not_certified,
228,gen-row-0228,5325,1,85.22,284.07,1,1,1,0,0,1,0,1,0,284.07,2.8407,withheld_gap_not_certified,
229,gen-row-0229,5326,1,85.22,284.07,1,1,1,0,0,1,0,1,0,284.07,2.8407,withheld_gap_not_certified,
230,gen-row-0230,5342,1,8.4,8.4,1,1,1,0,0,1,0,1,0,8.4,0.084,withheld_gap_not_certified,
231,gen-row-0231,5343,1,207.5,207.5,1,1,1,0,0,1,0,1,0,207.50000000000003,2.075,withheld_gap_not_certified,
232,gen-row-0232,5360,1,302.4,1008.0,1,1,1,0,0,1,0,1,0,993.4988895449512,9.934988895449512,withheld_gap_not_certified,
233,gen-row-0233,5363,1,3.12,10.4,0,0,0,0,0,0,0,0,0,0.0,0.0,withheld_gap_not_certified,
234,gen-row-0234,5364,1,64.0,213.33,1,1,1,0,0,1,0,1,0,213.33,2.1333,withheld_gap_not_certified,
235,gen-row-0235,5365,1,64.0,213.33,1,1,1,0,0,1,0,1,0,213.33,2.1333,withheld_gap_not_certified,
236,gen-row-0236,5366,1,64.0,213.33,1,1,1,0,0,1,0,1,0,213.33,2.1333,withheld_gap_not_certified,
237,gen-row-0237,5367,1,64.0,213.33,1,1,1,0,0,1,0,1,0,213.33,2.1333,withheld_gap_not_certified,
238,gen-row-0238,5368,1,64.0,213.33,1,1,1,0,0,1,0,1,0,213.33,2.1333,withheld_gap_not_certified,
239,gen-row-0239,5369,1,64.0,213.33,1,1,1,0,0,1,0,1,0,213.33,2.1333,withheld_gap_not_certified,
240,gen-row-0240,5382,1,62.7,209.0,1,1,1,0,0,1,0,1,0,209.00000000000009,2.0900000000000007,withheld_gap_not_certified,
241,gen-row-0241,5383,1,62.7,209.0,1,1,1,0,0,1,0,1,0,209.0,2.09,withheld_gap_not_certified,
242,gen-row-0242,5399,1,124.2,124.2,1,1,1,0,0,1,0,1,0,124.2,1.242,withheld_gap_not_certified,
243,gen-row-0243,5403,1,26.82,89.4,0,0,0,0,0,0,0,0,0,0.0,0.0,withheld_gap_not_certified,
244,gen-row-0244,5404,1,26.82,89.4,0,0,0,0,0,0,0,0,0,0.0,0.0,withheld_gap_not_certified,
245,gen-row-0245,5405,1,26.82,89.4,0,0,0,0,0,0,0,0,0,0.0,0.0,withheld_gap_not_certified,
246,gen-row-0246,5406,1,26.82,89.4,0,0,0,0,0,0,0,0,0,0.0,0.0,withheld_gap_not_certified,
247,gen-row-0247,5415,1,36.6,122.0,1,0,0,1,0,0,0,0,0,0.0,0.0,withheld_gap_not_certified,
248,gen-row-0248,5416,1,36.6,122.0,1,0,0,1,0,0,0,0,0,0.0,0.0,withheld_gap_not_certified,
249,gen-row-0249,5417,1,36.6,122.0,1,0,0,1,0,0,0,0,0,0.0,0.0,withheld_gap_not_certified,
250,gen-row-0250,5418,1,35.64,118.8,1,0,1,1,1,0,1,0,1,118.8,1.188,withheld_gap_not_certified,
251,gen-row-0251,5419,1,35.64,118.8,1,0,0,1,0,0,0,0,0,0.0,0.0,withheld_gap_not_certified,
252,gen-row-0252,5423,1,3.72,12.4,0,0,0,0,0,0,0,0,0,0.0,0.0,withheld_gap_not_certified,
253,gen-row-0253,5424,0,0.96,3.2,0,0,0,0,0,0,0,0,0,0.0,0.0,withheld_gap_not_certified,
254,gen-row-0254,5444,0,86.7,289.0,0,0,0,0,0,0,0,0,0,0.0,0.0,withheld_gap_not_certified,
255,gen-row-0255,5444,0,86.7,289.0,0,0,0,0,0,0,0,0,0,0.0,0.0,withheld_gap_not_certified,
256,gen-row-0256,5444,0,86.7,289.0,0,0,0,0,0,0,0,0,0,0.0,0.0,withheld_gap_not_certified,
257,gen-row-0257,5444,1,86.7,289.0,1,1,1,0,0,1,0,1,0,289.0,2.89,withheld_gap_not_certified,
258,gen-row-0258,5444,1,86.7,289.0,0,1,1,1,0,1,0,1,0,289.0,2.89,withheld_gap_not_certified,
259,gen-row-0259,5444,0,86.7,289.0,0,0,0,0,0,0,0,0,0,0.0,0.0,withheld_gap_not_certified,
260,gen-row-0260,5444,1,42.39,141.3,0,1,0,1,1,0,0,0,0,0.0,0.0,withheld_gap_not_certified,
261,gen-row-0261,5444,1,42.39,141.3,0,0,1,0,1,0,1,0,1,141.3,1.413,withheld_gap_not_certified,
262,gen-row-0262,6006,1,63.9,213.0,1,1,1,0,0,1,0,1,0,213.00000000002427,2.130000000000243,withheld_gap_not_certified,
263,gen-row-0263,6007,0,127.8,426.0,0,0,0,0,0,0,0,0,0,0.0,0.0,withheld_gap_not_certified,
264,gen-row-0264,6008,1,59.5,198.33,1,1,0,0,1,1,1,1,1,0.0,0.0,withheld_gap_not_certified,
265,gen-row-0265,6009,1,59.5,198.33,1,1,0,0,1,1,1,1,1,0.0,0.0,withheld_gap_not_certified,
266,gen-row-0266,6010,1,59.5,198.33,1,1,0,0,1,1,1,0,0,0.0,0.0,withheld_gap_not_certified,
267,gen-row-0267,6041,1,0.0,0.0,0,0,0,0,0,0,0,0,0,0.0,0.0,withheld_gap_not_certified,
268,gen-row-0268,6042,1,0.0,0.0,0,0,0,0,0,0,0,0,0,0.0,0.0,withheld_gap_not_certified,
269,gen-row-0269,6048,0,1.02,3.4,0,0,0,0,0,0,0,0,0,0.0,0.0,withheld_gap_not_certified,
270,gen-row-0270,6049,0,2.88,9.6,0,0,0,0,0,0,0,0,0,0.0,0.0,withheld_gap_not_certified,
271,gen-row-0271,6050,0,1.32,4.4,0,0,0,0,0,0,0,0,0,0.0,0.0,withheld_gap_not_certified,
272,gen-row-0272,6051,1,17.22,57.4,0,0,0,0,0,0,0,0,0,0.0,0.0,withheld_gap_not_certified,
273,gen-row-0273,6052,0,17.22,57.4,0,0,0,0,0,0,0,0,0,0.0,0.0,withheld_gap_not_certified,
274,gen-row-0274,6053,1,17.22,57.4,0,0,0,0,0,0,0,0,0,0.0,0.0,withheld_gap_not_certified,
275,gen-row-0275,6054,1,17.22,57.4,0,0,0,0,0,0,0,0,0,0.0,0.0,withheld_gap_not_certified,
276,gen-row-0276,6069,1,54.41,181.37,1,1,0,0,1,0,0,1,1,0.0,0.0,withheld_gap_not_certified,
277,gen-row-0277,6070,1,54.41,181.37,1,0,1,1,1,0,1,1,0,181.37000000000003,1.8137000000000003,withheld_gap_not_certified,
278,gen-row-0278,6071,1,54.41,181.37,1,0,1,1,1,0,1,1,0,181.37000000000003,1.8137000000000003,withheld_gap_not_certified,
279,gen-row-0279,6072,0,54.41,181.37,0,0,0,0,0,0,0,0,0,0.0,0.0,withheld_gap_not_certified,
280,gen-row-0280,6073,1,54.41,181.37,1,0,0,1,0,0,0,1,1,0.0,0.0,withheld_gap_not_certified,
281,gen-row-0281,6074,1,54.41,181.37,1,0,1,1,1,1,0,0,1,181.37000000000003,1.8137000000000003,withheld_gap_not_certified,
282,gen-row-0282,6078,1,169.0,563.33,1,1,1,0,0,1,0,1,0,554.3583966736757,5.543583966736756,withheld_gap_not_certified,
283,gen-row-0283,6079,1,169.0,563.33,1,1,1,0,0,1,0,1,0,563.33,5.6333,withheld_gap_not_certified,
284,gen-row-0284,6080,1,169.0,563.33,1,1,1,0,0,1,0,1,0,523.897,5.23897,withheld_gap_not_certified,
285,gen-row-0285,6082,1,41.37,41.37,1,1,1,0,0,1,0,1,0,41.37,0.41369999999999996,withheld_gap_not_certified,
286,gen-row-0286,6083,1,65.3,65.3,1,1,1,0,0,1,0,1,0,65.3,0.653,withheld_gap_not_certified,
287,gen-row-0287,6085,1,1.05,1.05,1,1,1,0,0,1,0,1,0,1.05,0.0105,withheld_gap_not_certified,
288,gen-row-0288,6086,1,22.5,22.5,1,1,1,0,0,1,0,1,0,22.5,0.225,withheld_gap_not_certified,
289,gen-row-0289,6087,0,1.65,5.5,0,0,0,0,0,0,0,0,0,0.0,0.0,withheld_gap_not_certified,
290,gen-row-0290,6088,1,7.95,7.95,1,1,1,0,0,1,0,1,0,7.95,0.0795,withheld_gap_not_certified,
291,gen-row-0291,6089,1,10.42,10.42,1,1,1,0,0,1,0,1,0,10.42,0.1042,withheld_gap_not_certified,
292,gen-row-0292,6090,1,30.52,30.52,1,1,1,0,0,1,0,1,0,30.520000000000003,0.3052,withheld_gap_not_certified,
293,gen-row-0293,6104,1,18.15,60.5,0,0,0,0,0,0,0,0,0,0.0,0.0,withheld_gap_not_certified,
294,gen-row-0294,6105,1,18.15,60.5,0,0,0,0,0,0,0,0,0,0.0,0.0,withheld_gap_not_certified,
295,gen-row-0295,6106,1,36.3,121.0,0,0,0,0,0,0,0,0,0,0.0,0.0,withheld_gap_not_certified,
296,gen-row-0296,6110,1,177.18,590.6,1,1,1,0,0,1,0,1,0,590.6,5.906000000000001,withheld_gap_not_certified,
297,gen-row-0297,6111,1,198.45,661.5,1,1,1,0,0,1,0,1,0,661.5,6.615,withheld_gap_not_certified,
298,gen-row-0298,6144,0,2.52,8.4,0,0,0,0,0,0,0,0,0,0.0,0.0,withheld_gap_not_certified,
299,gen-row-0299,6145,1,133.8,446.0,1,1,1,0,0,1,0,1,0,446.0,4.46,withheld_gap_not_certified,
300,gen-row-0300,6146,1,133.8,446.0,1,1,1,0,0,1,0,1,0,445.9999999999999,4.459999999999999,withheld_gap_not_certified,
301,gen-row-0301,6147,1,279.6,932.0,0,0,0,0,0,0,0,0,0,0.0,0.0,withheld_gap_not_certified,
302,gen-row-0302,6148,0,216.6,722.0,0,0,0,0,0,0,0,0,0,0.0,0.0,withheld_gap_not_certified,
303,gen-row-0303,6149,1,216.6,722.0,0,0,0,0,0,0,0,0,0,0.0,0.0,withheld_gap_not_certified,
304,gen-row-0304,6164,1,70.52,235.05,1,1,1,0,0,1,0,1,0,235.05,2.3505000000000003,withheld_gap_not_certified,
305,gen-row-0305,6165,1,70.52,235.05,1,1,1,0,0,1,0,1,0,235.05,2.3505000000000003,withheld_gap_not_certified,
306,gen-row-0306,6166,1,70.52,235.05,1,1,1,0,0,1,0,1,0,235.05,2.3505000000000003,withheld_gap_not_certified,
307,gen-row-0307,6167,1,70.52,235.05,1,1,1,0,0,1,0,1,0,235.04999999999993,2.3504999999999994,withheld_gap_not_certified,
308,gen-row-0308,6213,1,177.9,177.9,1,1,1,0,0,1,0,1,0,177.9,1.7790000000000001,withheld_gap_not_certified,
309,gen-row-0309,6214,1,552.3,552.3,1,1,1,0,0,1,0,1,0,552.3,5.523,withheld_gap_not_certified,
310,gen-row-0310,6215,1,552.3,552.3,1,1,1,0,0,1,0,1,0,552.3,5.523,withheld_gap_not_certified,
311,gen-row-0311,6216,1,552.3,552.3,1,1,1,0,0,1,0,1,0,552.3,5.523,withheld_gap_not_certified,
312,gen-row-0312,6242,1,18.3,61.0,0,0,0,0,0,0,0,0,0,0.0,0.0,withheld_gap_not_certified,
313,gen-row-0313,6243,1,54.9,183.0,1,1,1,0,0,1,0,1,0,183.0,1.83,withheld_gap_not_certified,
314,gen-row-0314,6244,1,89.4,298.0,1,1,1,0,0,1,0,1,0,298.00000000000006,2.9800000000000004,withheld_gap_not_certified,
315,gen-row-0315,6245,1,89.4,298.0,1,1,1,0,0,1,0,1,0,298.00000000000006,2.9800000000000004,withheld_gap_not_certified,
316,gen-row-0316,6246,1,89.4,298.0,1,1,1,0,0,1,0,1,0,298.00000000000006,2.9800000000000004,withheld_gap_not_certified,
317,gen-row-0317,6247,1,55.0,183.33,1,1,1,0,0,1,0,1,0,183.33000000000004,1.8333000000000004,withheld_gap_not_certified,
318,gen-row-0318,6248,1,55.0,183.33,1,1,1,0,0,1,0,1,0,183.33000000000004,1.8333000000000004,withheld_gap_not_certified,
319,gen-row-0319,6249,1,55.0,183.33,1,1,1,0,0,1,0,1,0,183.33000000000004,1.8333000000000004,withheld_gap_not_certified,
320,gen-row-0320,6257,1,58.2,194.0,1,1,0,0,1,1,1,1,1,0.0,0.0,withheld_gap_not_certified,
321,gen-row-0321,6258,1,58.2,194.0,1,0,1,1,1,0,1,0,1,194.0,1.94,withheld_gap_not_certified,
322,gen-row-0322,6259,0,15.42,51.4,0,0,0,0,0,0,0,0,0,0.0,0.0,withheld_gap_not_certified,
323,gen-row-0323,6260,1,77.1,257.0,1,1,1,0,0,1,0,1,0,256.9999999999121,2.569999999999121,withheld_gap_not_certified,
324,gen-row-0324,6266,1,4.5,4.5,1,1,1,0,0,1,0,1,0,4.5,0.045,withheld_gap_not_certified,
325,gen-row-0325,6267,1,7.2,7.2,1,1,1,0,0,1,0,1,0,7.200000000000001,0.07200000000000001,withheld_gap_not_certified,
326,gen-row-0326,6268,1,4.5,4.5,1,1,1,0,0,1,0,1,0,4.5,0.045,withheld_gap_not_certified,
327,gen-row-0327,6269,1,7.2,7.2,1,1,1,0,0,1,0,1,0,7.200000000000001,0.07200000000000001,withheld_gap_not_certified,
328,gen-row-0328,6270,0,0.0,18.0,0,0,0,0,0,0,0,0,0,0.0,0.0,withheld_gap_not_certified,
329,gen-row-0329,6271,0,0.0,11.0,0,0,0,0,0,0,0,0,0,0.0,0.0,withheld_gap_not_certified,
330,gen-row-0330,6272,0,0.0,7.2,0,0,0,0,0,0,0,0,0,0.0,0.0,withheld_gap_not_certified,
331,gen-row-0331,6273,0,0.0,7.2,0,0,0,0,0,0,0,0,0,0.0,0.0,withheld_gap_not_certified,
332,gen-row-0332,6274,1,8.4,8.4,1,1,1,0,0,1,0,1,0,8.4,0.084,withheld_gap_not_certified,
333,gen-row-0333,6295,1,61.87,206.23,1,1,1,0,0,0,1,0,1,206.23,2.0623,withheld_gap_not_certified,
334,gen-row-0334,6296,1,61.87,206.23,1,0,1,1,1,0,1,1,0,206.23,2.0623,withheld_gap_not_certified,
335,gen-row-0335,6297,1,61.9,206.23,1,0,0,1,0,0,0,0,0,0.0,0.0,withheld_gap_not_certified,
336,gen-row-0336,6301,0,0.96,3.2,0,0,0,0,0,0,0,0,0,0.0,0.0,withheld_gap_not_certified,
337,gen-row-0337,6302,1,74.18,247.25,1,1,1,0,0,1,0,1,0,247.25,2.4725,withheld_gap_not_certified,
338,gen-row-0338,6303,1,74.18,247.25,1,1,1,0,0,1,0,1,0,247.25,2.4725,withheld_gap_not_certified,
339,gen-row-0339,6304,1,74.18,247.25,1,1,1,0,0,1,0,1,0,247.25,2.4725,withheld_gap_not_certified,
340,gen-row-0340,6305,1,74.18,247.25,1,1,1,0,0,1,0,1,0,247.24999999999983,2.4724999999999984,withheld_gap_not_certified,
341,gen-row-0341,6349,0,3.6,12.0,0,0,0,0,0,0,0,0,0,0.0,0.0,withheld_gap_not_certified,
342,gen-row-0342,6349,0,15.45,51.5,0,0,0,0,0,0,0,0,0,0.0,0.0,withheld_gap_not_certified,
343,gen-row-0343,6349,1,30.9,103.0,0,0,0,0,0,0,0,0,0,0.0,0.0,withheld_gap_not_certified,
344,gen-row-0344,6349,0,0.69,2.3,0,0,0,0,0,0,0,0,0,0.0,0.0,withheld_gap_not_certified,
345,gen-row-0345,6349,0,1.38,4.6,0,0,0,0,0,0,0,0,0,0.0,0.0,withheld_gap_not_certified,
346,gen-row-0346,6349,0,0.45,1.5,0,0,0,0,0,0,0,0,0,0.0,0.0,withheld_gap_not_certified,
347,gen-row-0347,6349,0,1.2,4.0,0,0,0,0,0,0,0,0,0,0.0,0.0,withheld_gap_not_certified,
348,gen-row-0348,6349,0,1.92,6.4,0,0,0,0,0,0,0,0,0,0.0,0.0,withheld_gap_not_certified,
349,gen-row-0349,6349,1,108.9,363.0,1,1,1,0,0,1,0,1,0,362.99999999997567,3.6299999999997565,withheld_gap_not_certified,
350,gen-row-0350,6349,1,108.9,363.0,1,1,1,0,0,1,0,1,0,363.000000000042,3.63000000000042,withheld_gap_not_certified,
351,gen-row-0351,6349,0,15.45,51.5,0,0,0,0,0,0,0,0,0,0.0,0.0,withheld_gap_not_certified,
352,gen-row-0352,7005,1,48.9,163.0,1,1,1,0,0,1,0,1,0,163.0,1.63,withheld_gap_not_certified,
353,gen-row-0353,7006,1,48.9,163.0,1,1,1,0,0,1,0,1,0,163.0,1.63,withheld_gap_not_certified,
354,gen-row-0354,7007,1,48.9,163.0,1,1,1,0,0,1,0,1,0,163.0,1.63,withheld_gap_not_certified,
355,gen-row-0355,7008,1,48.9,163.0,1,1,1,0,0,1,0,1,0,163.0,1.63,withheld_gap_not_certified,
356,gen-row-0356,7009,1,48.9,163.0,1,1,1,0,0,1,0,1,0,162.99999999999937,1.6299999999999937,withheld_gap_not_certified,
357,gen-row-0357,7015,0,1.2,4.0,0,0,0,0,0,0,0,0,0,0.0,0.0,withheld_gap_not_certified,
358,gen-row-0358,7021,1,6.72,22.4,0,0,0,0,0,0,0,0,0,0.0,0.0,withheld_gap_not_certified,
359,gen-row-0359,7022,1,14.22,47.4,0,0,0,0,0,0,0,0,0,0.0,0.0,withheld_gap_not_certified,
360,gen-row-0360,7023,1,14.22,47.4,0,0,0,0,0,0,0,0,0,0.0,0.0,withheld_gap_not_certified,
361,gen-row-0361,7024,1,28.44,94.8,0,0,0,0,0,0,0,0,0,0.0,0.0,withheld_gap_not_certified,
362,gen-row-0362,7025,0,0.96,3.2,0,0,0,0,0,0,0,0,0,0.0,0.0,withheld_gap_not_certified,
363,gen-row-0363,7031,1,29.1,29.1,1,1,1,0,0,1,0,1,0,29.100000000000005,0.29100000000000004,withheld_gap_not_certified,
364,gen-row-0364,7032,1,7.5,7.5,1,1,1,0,0,1,0,1,0,7.5,0.075,withheld_gap_not_certified,
365,gen-row-0365,7033,1,7.5,7.5,1,1,1,0,0,1,0,1,0,7.5,0.075,withheld_gap_not_certified,
366,gen-row-0366,7034,0,1.32,4.4,0,0,0,0,0,0,0,0,0,0.0,0.0,withheld_gap_not_certified,
367,gen-row-0367,7045,1,56.53,188.45,1,1,1,0,0,1,0,0,1,188.45,1.8844999999999998,withheld_gap_not_certified,
368,gen-row-0368,7046,1,56.53,188.45,1,1,0,0,1,1,1,0,0,0.0,0.0,withheld_gap_not_certified,
369,gen-row-0369,7061,1,34.47,114.9,0,0,0,0,0,0,0,0,0,0.0,0.0,withheld_gap_not_certified,
370,gen-row-0370,7062,1,34.47,114.9,0,0,0,0,0,0,0,0,0,0.0,0.0,withheld_gap_not_certified,
371,gen-row-0371,7063,1,34.47,114.9,0,0,0,0,0,0,0,0,0,0.0,0.0,withheld_gap_not_certified,
372,gen-row-0372,7064,1,34.47,114.9,0,0,0,0,0,0,0,0,0,0.0,0.0,withheld_gap_not_certified,
373,gen-row-0373,7065,1,34.47,114.9,0,0,0,0,0,0,0,0,0,0.0,0.0,withheld_gap_not_certified,
374,gen-row-0374,7066,1,34.47,114.9,0,0,0,0,0,0,0,0,0,0.0,0.0,withheld_gap_not_certified,
375,gen-row-0375,7079,1,68.59,228.65,1,1,1,0,0,1,0,1,0,228.64999999999904,2.2864999999999904,withheld_gap_not_certified,
376,gen-row-0376,7080,1,68.59,228.65,1,1,1,0,0,1,0,1,0,228.65000000000003,2.2865,withheld_gap_not_certified,
377,gen-row-0377,7081,1,68.59,228.65,1,1,1,0,0,1,0,1,0,228.65000000000003,2.2865,withheld_gap_not_certified,
378,gen-row-0378,7082,1,68.59,228.65,1,1,1,0,0,1,0,1,0,228.65000000000003,2.2865,withheld_gap_not_certified,
379,gen-row-0379,7098,1,406.29,1354.3,1,1,1,0,0,1,0,1,0,1354.3000000000002,13.543000000000001,withheld_gap_not_certified,
380,gen-row-0380,7099,1,406.29,1354.3,1,1,1,0,0,1,0,1,0,1343.2751044613528,13.432751044613529,withheld_gap_not_certified,
381,gen-row-0381,7107,1,45.0,150.0,1,1,1,0,0,1,0,1,0,150.0,1.5,withheld_gap_not_certified,
382,gen-row-0382,7108,1,15.3,51.0,0,0,0,0,0,0,0,0,0,0.0,0.0,withheld_gap_not_certified,
383,gen-row-0383,7109,1,15.3,51.0,0,0,0,0,0,0,0,0,0,0.0,0.0,withheld_gap_not_certified,
384,gen-row-0384,7110,1,58.8,196.0,1,1,1,0,0,1,0,1,0,196.0,1.96,withheld_gap_not_certified,
385,gen-row-0385,7111,1,58.8,196.0,1,1,1,0,0,1,0,1,0,196.0,1.96,withheld_gap_not_certified,
386,gen-row-0386,7112,1,58.8,196.0,1,1,1,0,0,1,0,1,0,196.0,1.96,withheld_gap_not_certified,
387,gen-row-0387,7113,1,58.8,196.0,1,1,1,0,0,1,0,1,0,196.0,1.96,withheld_gap_not_certified,
388,gen-row-0388,7114,1,58.8,196.0,1,1,1,0,0,1,0,1,0,196.0,1.96,withheld_gap_not_certified,
389,gen-row-0389,7115,1,58.8,196.0,1,1,1,0,0,1,0,1,0,196.0,1.96,withheld_gap_not_certified,
390,gen-row-0390,7121,0,1.11,3.7,0,0,0,0,0,0,0,0,0,0.0,0.0,withheld_gap_not_certified,
391,gen-row-0391,7122,0,1.29,4.3,0,0,0,0,0,0,0,0,0,0.0,0.0,withheld_gap_not_certified,
392,gen-row-0392,7133,1,4.89,16.3,0,0,0,0,0,0,0,0,0,0.0,0.0,withheld_gap_not_certified,
393,gen-row-0393,7134,1,61.97,206.55,1,1,1,0,0,1,0,1,0,206.55,2.0655,withheld_gap_not_certified,
394,gen-row-0394,7135,1,61.97,206.55,1,1,1,0,0,1,0,1,0,206.55,2.0655,withheld_gap_not_certified,
395,gen-row-0395,7136,1,61.97,206.55,1,1,1,0,0,1,0,1,0,206.55,2.0655,withheld_gap_not_certified,
396,gen-row-0396,7137,1,61.97,206.55,1,1,1,0,0,1,0,1,0,206.55,2.0655,withheld_gap_not_certified,
397,gen-row-0397,7138,1,114.21,380.7,1,1,1,0,0,1,0,1,0,380.7,3.807,withheld_gap_not_certified,
398,gen-row-0398,7139,1,17.7,59.0,0,0,0,0,0,0,0,0,0,0.0,0.0,withheld_gap_not_certified,
399,gen-row-0399,7140,1,17.7,59.0,0,0,0,0,0,0,0,0,0,0.0,0.0,withheld_gap_not_certified,
400,gen-row-0400,7141,1,17.7,59.0,0,0,0,0,0,0,0,0,0,0.0,0.0,withheld_gap_not_certified,
401,gen-row-0401,7142,1,17.7,59.0,0,0,0,0,0,0,0,0,0,0.0,0.0,withheld_gap_not_certified,
402,gen-row-0402,7146,1,3.06,10.2,0,0,0,0,0,0,0,0,0,0.0,0.0,withheld_gap_not_certified,
403,gen-row-0403,7162,1,33.18,110.6,1,1,1,0,0,1,0,1,0,110.6,1.1059999999999999,withheld_gap_not_certified,
404,gen-row-0404,7163,1,33.18,110.6,1,1,1,0,0,1,0,1,0,110.6,1.1059999999999999,withheld_gap_not_certified,
405,gen-row-0405,7164,1,33.18,110.6,1,1,1,0,0,1,0,1,0,110.6,1.1059999999999999,withheld_gap_not_certified,
406,gen-row-0406,7165,1,33.18,110.6,1,1,1,0,0,1,0,1,0,110.6,1.1059999999999999,withheld_gap_not_certified,
407,gen-row-0407,7166,1,33.18,110.6,1,1,1,0,0,1,0,1,0,110.6,1.1059999999999999,withheld_gap_not_certified,
408,gen-row-0408,7167,1,33.2,110.6,1,1,1,0,0,1,0,1,0,110.6,1.1059999999999999,withheld_gap_not_certified,
409,gen-row-0409,7168,1,26.32,87.72,1,0,1,1,1,0,1,1,0,87.72,0.8772,withheld_gap_not_certified,
410,gen-row-0410,7169,1,26.3,87.72,0,0,1,0,1,0,1,0,1,87.72,0.8772,withheld_gap_not_certified,
411,gen-row-0411,7170,1,105.26,350.87,1,1,1,0,0,1,0,1,0,350.87,3.5087,withheld_gap_not_certified,
412,gen-row-0412,7189,1,2.07,6.9,0,0,0,0,0,0,0,0,0,0.0,0.0,withheld_gap_not_certified,
413,gen-row-0413,7190,1,14.4,48.0,0,0,0,0,0,0,0,0,0,0.0,0.0,withheld_gap_not_certified,
414,gen-row-0414,7191,0,1.5,5.0,0,0,0,0,0,0,0,0,0,0.0,0.0,withheld_gap_not_certified,
415,gen-row-0415,7192,1,10.5,35.0,0,0,0,0,0,0,0,0,0,0.0,0.0,withheld_gap_not_certified,
416,gen-row-0416,7193,1,2.25,7.5,0,0,0,0,0,0,0,0,0,0.0,0.0,withheld_gap_not_certified,
417,gen-row-0417,7194,1,69.28,230.95,1,1,1,0,0,1,0,1,0,230.95,2.3095,withheld_gap_not_certified,
418,gen-row-0418,7195,1,69.28,230.95,1,1,1,0,0,1,0,1,0,230.95,2.3095,withheld_gap_not_certified,
419,gen-row-0419,7196,1,69.28,230.95,1,1,1,0,0,1,0,1,0,230.95,2.3095,withheld_gap_not_certified,
420,gen-row-0420,7197,1,69.28,230.95,1,1,1,0,0,1,0,1,0,230.95,2.3095,withheld_gap_not_certified,
421,gen-row-0421,7207,0,1.2,4.0,0,0,0,0,0,0,0,0,0,0.0,0.0,withheld_gap_not_certified,
422,gen-row-0422,7208,1,229.5,765.0,0,0,0,0,0,0,0,0,0,0.0,0.0,withheld_gap_not_certified,
423,gen-row-0423,7209,1,229.5,765.0,0,0,0,0,0,0,0,0,0,0.0,0.0,withheld_gap_not_certified,
424,gen-row-0424,7210,1,53.55,178.5,1,1,1,0,0,1,0,1,0,178.5,1.785,withheld_gap_not_certified,
425,gen-row-0425,7211,1,53.55,178.5,1,1,1,0,0,1,0,1,0,178.50000000000023,1.7850000000000024,withheld_gap_not_certified,
426,gen-row-0426,7212,1,53.55,178.5,1,1,1,0,0,1,0,1,0,178.5,1.785,withheld_gap_not_certified,
427,gen-row-0427,7266,1,91.38,304.6,1,1,1,0,0,1,0,1,0,304.5999999999993,3.0459999999999927,withheld_gap_not_certified,
428,gen-row-0428,7267,1,27.19,90.64,0,0,1,0,1,1,0,1,0,90.64000000000001,0.9064000000000001,withheld_gap_not_certified,
429,gen-row-0429,7268,1,27.19,90.64,1,0,1,1,1,1,0,1,0,90.64000000000001,0.9064000000000001,withheld_gap_not_certified,
430,gen-row-0430,7269,1,27.19,90.64,0,0,1,0,1,1,0,1,0,90.64000000000001,0.9064000000000001,withheld_gap_not_certified,
431,gen-row-0431,7270,1,54.38,181.28,1,1,1,0,0,1,0,1,0,181.28000000000003,1.8128000000000002,withheld_gap_not_certified,
432,gen-row-0432,7280,0,7.71,25.7,0,0,0,0,0,0,0,0,0,0.0,0.0,withheld_gap_not_certified,
433,gen-row-0433,7281,0,4.5,15.0,0,0,0,0,0,0,0,0,0,0.0,0.0,withheld_gap_not_certified,
434,gen-row-0434,7284,0,2.25,7.5,0,0,0,0,0,0,0,0,0,0.0,0.0,withheld_gap_not_certified,
435,gen-row-0435,7285,1,21.22,21.22,1,1,1,0,0,1,0,1,0,21.22,0.2122,withheld_gap_not_certified,
436,gen-row-0436,7286,1,21.22,21.22,1,1,1,0,0,1,0,1,0,21.22,0.2122,withheld_gap_not_certified,
437,gen-row-0437,7287,1,21.22,21.22,1,1,1,0,0,1,0,1,0,21.22,0.2122,withheld_gap_not_certified,
438,gen-row-0438,7288,1,21.22,21.22,1,1,1,0,0,1,0,1,0,21.22,0.2122,withheld_gap_not_certified,
439,gen-row-0439,7289,1,42.45,42.45,1,1,1,0,0,1,0,1,0,42.45,0.42450000000000004,withheld_gap_not_certified,
440,gen-row-0440,7307,1,29.0,96.68,0,1,1,1,0,1,0,1,0,96.67999999999999,0.9667999999999999,withheld_gap_not_certified,
441,gen-row-0441,7308,1,29.0,96.68,0,1,1,1,0,1,0,1,0,96.67999999999999,0.9667999999999999,withheld_gap_not_certified,
442,gen-row-0442,7309,0,29.0,96.68,0,0,0,0,0,0,0,0,0,0.0,0.0,withheld_gap_not_certified,
443,gen-row-0443,7310,1,29.0,96.68,0,1,1,1,0,1,0,1,0,96.67999999999999,0.9667999999999999,withheld_gap_not_certified,
444,gen-row-0444,7311,1,58.01,193.37,1,1,1,0,0,1,0,1,0,193.37000000000032,1.933700000000003,withheld_gap_not_certified,
445,gen-row-0445,7323,1,37.34,124.48,1,1,1,0,0,1,0,1,0,124.48000000000002,1.2448000000000001,withheld_gap_not_certified,
446,gen-row-0446,7324,1,37.34,124.48,1,1,1,0,0,1,0,0,1,124.48000000000002,1.2448000000000001,withheld_gap_not_certified,
447,gen-row-0447,7325,1,37.34,124.48,1,1,1,0,0,1,0,1,0,124.48000000000002,1.2448000000000001,withheld_gap_not_certified,
448,gen-row-0448,7326,1,37.34,124.48,1,1,1,0,0,1,0,1,0,124.48000000000002,1.2448000000000001,withheld_gap_not_certified,
449,gen-row-0449,7329,1,30.57,101.9,0,0,0,0,0,0,0,0,0,0.0,0.0,withheld_gap_not_certified,
450,gen-row-0450,7334,0,1.41,4.7,0,0,0,0,0,0,0,0,0,0.0,0.0,withheld_gap_not_certified,
451,gen-row-0451,7335,1,136.05,453.5,1,1,1,0,0,1,0,1,0,453.5,4.535,withheld_gap_not_certified,
452,gen-row-0452,7349,1,94.15,313.83,1,1,1,0,0,1,0,1,0,313.83,3.1382999999999996,withheld_gap_not_certified,
453,gen-row-0453,7350,1,94.15,313.83,1,1,1,0,0,1,0,1,0,313.83,3.1382999999999996,withheld_gap_not_certified,
454,gen-row-0454,7351,1,94.15,313.83,1,1,1,0,0,1,0,1,0,313.83,3.1382999999999996,withheld_gap_not_certified,
455,gen-row-0455,7352,1,94.15,313.83,1,1,1,0,0,1,0,1,0,313.83,3.1382999999999996,withheld_gap_not_certified,
456,gen-row-0456,7353,1,205.26,684.2,0,1,1,1,0,1,0,1,0,684.2,6.8420000000000005,withheld_gap_not_certified,
457,gen-row-0457,7354,1,205.26,684.2,0,1,1,1,0,0,1,0,1,684.2,6.8420000000000005,withheld_gap_not_certified,
458,gen-row-0458,7355,1,205.26,684.2,0,1,1,1,0,1,0,1,0,684.2,6.8420000000000005,withheld_gap_not_certified,
459,gen-row-0459,7356,1,205.0,684.2,0,1,0,1,1,1,1,1,1,0.0,0.0,withheld_gap_not_certified,
460,gen-row-0460,7357,1,4.89,16.3,0,0,0,0,0,0,0,0,0,0.0,0.0,withheld_gap_not_certified,
461,gen-row-0461,7358,1,67.56,225.2,1,1,1,0,0,1,0,1,0,225.20000000000002,2.2520000000000002,withheld_gap_not_certified,
462,gen-row-0462,7359,1,67.56,225.2,1,1,1,0,0,1,0,1,0,225.20000000000002,2.2520000000000002,withheld_gap_not_certified,
463,gen-row-0463,7360,1,67.56,225.2,1,1,1,0,0,1,0,1,0,225.20000000000002,2.2520000000000002,withheld_gap_not_certified,
464,gen-row-0464,7361,1,30.81,102.7,1,1,1,0,0,1,0,1,0,102.70000000000002,1.0270000000000001,withheld_gap_not_certified,
465,gen-row-0465,7369,1,32.18,107.27,1,1,1,0,0,1,0,1,0,107.27,1.0727,withheld_gap_not_certified,
466,gen-row-0466,7370,1,32.18,107.27,1,1,1,0,0,1,0,1,0,107.27,1.0727,withheld_gap_not_certified,
467,gen-row-0467,7371,1,32.18,107.27,1,1,1,0,0,1,0,1,0,107.27,1.0727,withheld_gap_not_certified,
468,gen-row-0468,7372,1,32.18,107.27,1,1,1,0,0,1,0,1,0,107.27,1.0727,withheld_gap_not_certified,
469,gen-row-0469,7373,1,32.18,107.27,1,1,1,0,0,1,0,1,0,107.27,1.0727,withheld_gap_not_certified,
470,gen-row-0470,7374,1,32.18,107.27,1,1,1,0,0,1,0,1,0,107.27,1.0727,withheld_gap_not_certified,
471,gen-row-0471,7375,1,55.1,183.66,1,1,1,0,0,1,0,1,0,183.66,1.8366,withheld_gap_not_certified,
472,gen-row-0472,7376,1,55.1,183.66,1,1,1,0,0,1,0,1,0,183.66,1.8366,withheld_gap_not_certified,
473,gen-row-0473,7377,1,55.1,183.66,1,1,1,0,0,1,0,1,0,183.66,1.8366,withheld_gap_not_certified,
474,gen-row-0474,7378,1,55.1,183.66,1,1,1,0,0,1,0,1,0,183.66,1.8366,withheld_gap_not_certified,
475,gen-row-0475,7379,1,55.1,183.66,1,1,1,0,0,1,0,1,0,183.66,1.8366,withheld_gap_not_certified,
476,gen-row-0476,7389,1,162.84,542.8,1,1,1,0,0,1,0,1,0,542.8000000000609,5.428000000000609,withheld_gap_not_certified,
477,gen-row-0477,7400,1,21.6,72.0,0,0,0,0,0,0,0,0,0,0.0,0.0,withheld_gap_not_certified,
478,gen-row-0478,7400,1,21.6,72.0,0,0,0,0,0,0,0,0,0,0.0,0.0,withheld_gap_not_certified,
479,gen-row-0479,7400,1,21.6,72.0,0,0,0,0,0,0,0,0,0,0.0,0.0,withheld_gap_not_certified,
480,gen-row-0480,7400,1,21.6,72.0,0,0,0,0,0,0,0,0,0,0.0,0.0,withheld_gap_not_certified,
481,gen-row-0481,7400,1,43.2,144.0,1,1,1,0,0,1,0,1,0,144.0,1.44,withheld_gap_not_certified,
482,gen-row-0482,7400,1,133.92,446.4,1,1,1,0,0,1,0,1,0,446.40000000000003,4.464,withheld_gap_not_certified,
483,gen-row-0483,7406,1,18.93,63.1,0,0,0,0,0,0,0,0,0,0.0,0.0,withheld_gap_not_certified,
484,gen-row-0484,7406,1,93.0,310.0,1,1,1,0,0,1,0,1,0,310.0,3.1,withheld_gap_not_certified,
485,gen-row-0485,7414,1,30.72,102.4,0,0,0,0,0,0,0,0,0,0.0,0.0,withheld_gap_not_certified,
486,gen-row-0486,7419,1,26.46,88.2,0,1,1,1,0,1,0,1,0,88.19999999999996,0.8819999999999996,withheld_gap_not_certified,
487,gen-row-0487,7419,1,26.46,88.2,0,1,1,1,0,1,0,1,0,88.2,0.882,withheld_gap_not_certified,
488,gen-row-0488,7422,1,2.04,6.8,0,0,0,0,0,0,0,0,0,0.0,0.0,withheld_gap_not_certified,
489,gen-row-0489,7422,1,51.66,172.2,1,1,1,0,0,1,0,1,0,172.2,1.722,withheld_gap_not_certified,
490,gen-row-0490,7422,1,51.66,172.2,1,1,1,0,0,1,0,1,0,172.2,1.722,withheld_gap_not_certified,
491,gen-row-0491,7422,1,33.75,112.5,1,1,1,0,0,1,0,1,0,112.5,1.125,withheld_gap_not_certified,
492,gen-row-0492,7422,1,33.75,112.5,1,1,1,0,0,1,0,0,1,112.5,1.125,withheld_gap_not_certified,
493,gen-row-0493,7422,1,33.75,112.5,1,0,1,1,1,1,0,1,0,112.5,1.125,withheld_gap_not_certified,
494,gen-row-0494,7422,1,33.75,112.5,1,1,0,0,1,0,0,1,1,0.0,0.0,withheld_gap_not_certified,
495,gen-row-0495,7422,1,57.33,191.1,1,1,1,0,0,1,0,1,0,171.1017204943795,1.7110172049437948,withheld_gap_not_certified,
496,gen-row-0496,7422,1,51.66,172.2,1,1,1,0,0,1,0,1,0,172.2,1.722,withheld_gap_not_certified,
497,gen-row-0497,7422,1,51.66,172.2,1,1,1,0,0,1,0,1,0,172.2,1.722,withheld_gap_not_certified,
498,gen-row-0498,7422,1,51.66,172.2,1,1,1,0,0,1,0,1,0,172.2,1.722,withheld_gap_not_certified,
499,gen-row-0499,7428,1,30.16,100.52,1,1,1,0,0,1,0,1,0,100.52000000000001,1.0052,withheld_gap_not_certified,
500,gen-row-0500,7428,1,39.0,130.0,1,1,1,0,0,1,0,1,0,130.0,1.3,withheld_gap_not_certified,
501,gen-row-0501,7428,1,39.0,130.0,1,1,1,0,0,1,0,1,0,130.0,1.3,withheld_gap_not_certified,
502,gen-row-0502,7428,1,30.16,100.52,1,1,1,0,0,1,0,1,0,100.52000000000001,1.0052,withheld_gap_not_certified,
503,gen-row-0503,7428,1,30.16,100.52,1,1,0,0,1,1,1,1,1,0.0,0.0,withheld_gap_not_certified,
504,gen-row-0504,7428,1,30.16,100.52,1,1,1,0,0,1,0,1,0,100.52000000000001,1.0052,withheld_gap_not_certified,
505,gen-row-0505,7428,1,30.16,100.52,1,1,1,0,0,1,0,1,0,100.52000000000001,1.0052,withheld_gap_not_certified,
506,gen-row-0506,7428,1,30.16,100.52,1,1,0,0,1,1,1,1,1,0.0,0.0,withheld_gap_not_certified,
507,gen-row-0507,7428,1,22.5,75.0,0,0,0,0,0,0,0,0,0,0.0,0.0,withheld_gap_not_certified,
508,gen-row-0508,7428,0,24.3,81.0,0,0,0,0,0,0,0,0,0,0.0,0.0,withheld_gap_not_certified,
509,gen-row-0509,7428,1,3.51,11.7,0,0,0,0,0,0,0,0,0,0.0,0.0,withheld_gap_not_certified,
510,gen-row-0510,8024,1,33.0,33.0,1,1,1,0,0,1,0,1,0,33.0,0.33,withheld_gap_not_certified,
511,gen-row-0511,8033,0,70.48,234.93,0,0,0,0,0,0,0,0,0,0.0,0.0,withheld_gap_not_certified,
512,gen-row-0512,8034,0,70.48,234.93,0,0,0,0,0,0,0,0,0,0.0,0.0,withheld_gap_not_certified,
513,gen-row-0513,8035,0,70.48,234.93,0,0,0,0,0,0,0,0,0,0.0,0.0,withheld_gap_not_certified,
514,gen-row-0514,8036,0,70.48,234.93,0,0,0,0,0,0,0,0,0,0.0,0.0,withheld_gap_not_certified,
515,gen-row-0515,8046,1,51.8,172.67,0,0,0,0,0,0,0,0,0,0.0,0.0,withheld_gap_not_certified,
516,gen-row-0516,8047,0,51.8,172.67,0,0,0,0,0,0,0,0,0,0.0,0.0,withheld_gap_not_certified,
517,gen-row-0517,8048,1,51.8,172.67,0,0,0,0,0,0,0,0,0,0.0,0.0,withheld_gap_not_certified,
518,gen-row-0518,8049,1,51.8,172.67,0,0,0,0,0,0,0,0,0,0.0,0.0,withheld_gap_not_certified,
519,gen-row-0519,8050,0,51.8,172.67,0,0,0,0,0,0,0,0,0,0.0,0.0,withheld_gap_not_certified,
520,gen-row-0520,8051,0,51.8,172.67,0,0,0,0,0,0,0,0,0,0.0,0.0,withheld_gap_not_certified,
521,gen-row-0521,8060,0,178.02,593.4,0,0,0,0,0,0,0,0,0,0.0,0.0,withheld_gap_not_certified,
522,gen-row-0522,8061,0,178.02,593.4,0,0,0,0,0,0,0,0,0,0.0,0.0,withheld_gap_not_certified,
523,gen-row-0523,8070,0,277.47,924.9,0,0,0,0,0,0,0,0,0,0.0,0.0,withheld_gap_not_certified,
524,gen-row-0524,8071,1,277.47,924.9,1,1,1,0,0,1,0,1,0,924.8999999999999,9.248999999999999,withheld_gap_not_certified,
525,gen-row-0525,8077,1,70.47,234.9,1,1,1,0,0,1,0,1,0,234.90000000000003,2.349,withheld_gap_not_certified,
526,gen-row-0526,8078,1,70.47,234.9,1,1,1,0,0,1,0,1,0,234.90000000000003,2.349,withheld_gap_not_certified,
527,gen-row-0527,8079,1,70.47,234.9,1,1,1,0,0,1,0,1,0,234.90000000000003,2.349,withheld_gap_not_certified,
528,gen-row-0528,8080,1,70.47,234.9,1,1,1,0,0,1,0,1,0,234.90000000000003,2.349,withheld_gap_not_certified,
529,gen-row-0529,8087,0,269.31,897.7,0,0,0,0,0,0,0,0,0,0.0,0.0,withheld_gap_not_certified,
530,gen-row-0530,8088,1,269.31,897.7,1,1,1,0,0,1,0,1,0,897.7,8.977,withheld_gap_not_certified,
531,gen-row-0531,8099,1,85.5,85.5,1,1,1,0,0,1,0,1,0,85.5,0.855,withheld_gap_not_certified,
532,gen-row-0532,8115,0,3.0,10.0,0,0,0,0,0,0,0,0,0,0.0,0.0,withheld_gap_not_certified,
533,gen-row-0533,8116,0,105.51,351.7,0,0,0,0,0,0,0,0,0,0.0,0.0,withheld_gap_not_certified,
534,gen-row-0534,8117,1,105.51,351.7,0,0,0,0,0,0,0,0,0,0.0,0.0,withheld_gap_not_certified,
535,gen-row-0535,8129,1,198.0,660.0,1,1,1,0,0,1,0,1,0,646.64050707271,6.4664050707271,withheld_gap_not_certified,
536,gen-row-0536,8130,1,198.0,660.0,1,1,1,0,0,1,0,1,0,613.8,6.138,withheld_gap_not_certified,
537,gen-row-0537,8131,1,198.0,660.0,1,1,1,0,0,1,0,1,0,659.9999999999999,6.599999999999999,withheld_gap_not_certified,
538,gen-row-0538,8147,0,1.2,4.0,0,0,0,0,0,0,0,0,0,0.0,0.0,withheld_gap_not_certified,
539,gen-row-0539,8147,0,71.79,239.3,0,0,0,0,0,0,0,0,0,0.0,0.0,withheld_gap_not_certified,
540,gen-row-0540,8152,0,6.6,22.0,0,0,0,0,0,0,0,0,0,0.0,0.0,withheld_gap_not_certified,
541,gen-row-0541,8155,0,52.38,174.6,0,0,0,0,0,0,0,0,0,0.0,0.0,withheld_gap_not_certified,
542,gen-row-0542,8155,1,52.38,174.6,0,0,0,0,0,1,1,0,0,0.0,0.0,withheld_gap_not_certified,
543,gen-row-0543,8158,0,31.5,105.0,0,0,0,0,0,0,0,0,0,0.0,0.0,withheld_gap_not_certified,
544,gen-row-0544,8158,0,29.46,98.2,0,0,0,0,0,0,0,0,0,0.0,0.0,withheld_gap_not_certified,
